00002561
00010197
00010340
00010782
00010847
00011037
00011096
00011452
00011460
00011541
00012092
00012343
00012351
00012459
00012475
00012491
00012505
0001253X
00012610
00012785
00012793
00012815
00012890
00012904
00012998
00013072
00013277
00013714
00013765
00013854
00014001
00014036
00014079
00014109
00014125
00014168
00014192
00014265
00014273
0001432X
00014338
00014346
00014370
00014575
00014788
00014826
00014842
00014966
00015113
00015148
00015156
00015164
00015172
00015180
00015202
00015210
00015237
00015253
0001527X
00015288
00015296
0001530X
00015318
00015334
00015342
00015369
00015385
00015393
00015407
00015415
00015423
00015431
0001544X
00015458
00015466
00015482
00015504
00015547
00015555
00015563
00015598
00015636
00015644
00015652
00015660
00015687
00015709
00015717
00015725
00015733
00015768
00015776
00015784
00015792
00015806
00015814
00015822
00015830
00015857
00015903
00015938
00015954
00015962
00015970
00015989
00016004
00016039
00016055
00016071
00016098
00016101
00016152
00016160
00016187
00016209
00016217
00016225
00016233
00016241
0001625X
00016268
00016284
00016314
00016322
00016330
00016349
00016357
00016373
0001639X
00016446
00016454
00016462
00016470
00016489
00016497
00016500
00016519
00016527
00016535
0001656X
00016578
00016586
00016594
00016632
00016640
00016659
00016667
00016675
00016683
00016705
00016748
00016756
00016764
00016772
00016810
00016829
00016837
00016845
00016853
0001687X
00016896
0001690X
00016918
00016934
00016969
00016977
00016985
00016993
00017000
00017019
00017043
00017051
0001706X
00017078
00017116
00017132
00017183
00017205
00017213
0001723X
00017248
00017272
00017299
00017302
00017310
00017329
00017604
00017701
0001785X
00017868
00017884
0001821X
00018244
00018325
00018368
00018392
00018449
00018678
00018686
00018708
00018716
00018732
00018791
00019046
00019054
00019240
00019259
00019313
00019402
00019526
00019593
00019704
00019720
00019887
00019909
00019933
00019992
00020028
00020184
00020206
00020397
00020443
00020478
00020729
00020931
00020958
00020966
00021008
00021121
00021369
00021407
00021423
00021458
00021466
00021482
00021490
00021571
00021857
00021873
00021962
00022284
00022470
00023027
00023264
00023310
00023329
00023388
00023442
0002371X
00023957
00024198
00024317
00024538
00024619
00024678
00024805
00024821
0002502X
00025100
00025151
00025232
00025240
00025569
00025852
00025917
00025968
00026018
00026417
00026557
00026700
00026980
00027014
00027049
00027103
00027138
00027146
00027154
00027162
00027189
0002726X
00027294
00027316
00027448
00027626
00027642
00027685
00027766
00027812
00027820
00027863
00027936
00027944
00027979
00028002
00028010
00028045
00028061
00028088
00028177
00028185
00028223
00028231
00028266
00028282
00028312
00028320
0002838X
00028444
00028487
00028541
00028584
00028614
00028703
00028711
00028738
00028762
00028770
00028894
00028916
00028991
00029092
00029106
00029114
00029122
00029149
00029157
00029165
00029173
0002919X
00029211
0002922X
00029238
00029246
00029254
00029262
00029270
00029289
00029297
00029300
00029319
00029327
00029343
00029351
0002936X
00029378
00029394
00029408
00029416
00029432
00029440
00029459
00029475
00029483
00029491
00029505
00029513
00029521
0002953X
00029548
00029556
00029564
00029572
00029580
00029599
00029602
00029610
00029629
00029637
00029645
00029718
00029726
00029831
00029890
00029920
00029939
00029947
00030007
00030023
00030031
0003004X
00030082
00030090
00030139
00030147
0003018X
0003021X
00030244
00030279
00030341
00030465
00030481
0003049X
00030538
00030554
00030589
00030627
00030635
00030651
0003066X
00030678
00030805
00030937
0003097X
00030996
00031062
00031070
00031186
00031194
00031224
00031232
00031283
00031305
00031348
00031453
00031488
0003150X
00031569
00031615
00032409
00032417
00032468
00032573
00032638
00032654
00032670
00032697
00032700
00032719
0003276X
00032778
00032786
00032999
00033006
00033022
00033049
00033146
00033162
00033170
00033189
00033197
00033219
00033324
00033472
00033480
00033561
00033790
00033804
00033847
00033855
00033871
0003388X
00033898
00033901
00033928
00033944
00033952
00033960
00033979
00033995
00034010
00034061
00034088
0003410X
00034118
00034134
00034150
00034169
00034185
00034193
0003424X
00034266
00034274
00034290
00034312
00034347
00034355
00034371
0003438X
00034398
00034401
00034436
00034460
00034479
00034487
00034509
00034533
00034541
0003455X
00034592
00034649
00034665
00034673
0003469X
00034703
0003472X
00034738
00034746
00034762
00034770
00034800
00034819
00034843
0003486X
00034878
00034894
00034908
00034916
00034932
00034967
00034975
00034983
00035017
00035033
00035459
00035483
00035491
00035505
00035521
00035548
00035599
00035637
00035661
0003567X
00035688
00035696
00035769
00035815
0003598X
0003603X
00036056
00036072
00036293
00036390
00036420
00036536
00036781
00036811
0003682X
00036838
00036846
00036862
00036870
00036900
00036919
00036935
00036951
00036994
0003701X
00037028
00037214
00037931
00037982
00038008
00038032
00038105
00038113
00038121
0003813X
00038180
00038504
00038520
0003858X
0003861X
00038628
00038695
0003889X
00038970
00039012
00039039
00039063
00039098
00039101
00039128
00039136
00039152
00039179
00039187
00039195
00039217
00039225
00039233
0003925X
00039268
00039276
00039292
00039306
00039330
00039357
00039365
00039373
00039381
0003942X
00039438
00039446
00039519
00039527
00039535
0003956X
00039578
00039594
00039608
00039632
00039683
00039691
0003973X
00039756
00039764
00039772
00039799
00039810
00039829
00039837
00039853
00039861
0003987X
00039888
00039896
0003990X
00039926
00039942
00039950
00039969
00039977
00039985
00039993
00040002
00040010
00040037
00040088
0004010X
00040126
00040177
00040185
00040207
00040223
00040258
00040290
00040304
00040312
00040428
00040436
00040533
00040576
00040592
00040606
00040614
00040622
00040657
00040665
00040681
0004069X
00040738
00040746
00040762
00040770
00040797
00040843
00040851
00040894
00040975
00041157
00041254
00041289
00041327
0004153X
00041556
00041610
00041769
00041823
00041858
00041947
00041955
00041963
00042056
00042080
00042730
00042749
00042803
0004282X
00042838
00042897
00042927
00043079
00043125
00043214
00043249
00043273
00043400
00043559
00043591
00043648
00043702
00043958
00044083
00044172
0004461X
00044687
00044822
00044849
00044954
00045063
00045128
00045241
00045268
00045322
00045373
00045411
00045446
00045497
00045500
00045608
00045632
00045691
00045756
00045772
00046205
00046213
00046256
00046264
00046280
00046337
00046361
0004637X
0004640X
00046493
00046574
00046981
00047120
00047147
00047163
0004721X
0004783X
00048003
00048038
00048291
00048380
00048402
00048461
00048623
00048658
00048666
00048674
00048682
0004881X
00048917
00048992
0004900X
00049018
00049042
00049158
00049182
00049190
00049395
00049409
00049417
00049425
00049433
00049441
0004945X
00049468
00049506
00049514
00049522
00049530
00049549
00049573
00049581
0004959X
00049611
00049670
00049697
00049727
00049743
0004976X
00049913
0004993X
00050067
00050091
00050164
00050326
00050423
00050601
00051063
00051098
0005111X
00051144
00051179
00051241
00051861
00052086
00052175
00052310
00052337
00052523
00052728
00052736
00052760
00052787
00052795
00053309
00053600
00053678
00053848
00054577
00055506
0005576X
00056650
00057665
0005772X
00057894
00057916
00057932
00057940
00057959
00057967
00058025
00058076
00058165
00058173
00058351
00058580
00059021
00059080
00059099
00059366
00059498
00059889
00059900
0006002X
00060208
00060623
00060887
0006128X
0006176X
00061786
00061999
00062006
00062014
00062278
00062294
00062898
0006291X
00062928
00062944
00062952
00062960
00062979
00063029
00063061
00063088
00063126
00063134
00063185
00063207
00063215
00063223
00063231
0006324X
00063304
00063347
00063363
00063398
0006341X
00063444
00063452
00063495
00063509
00063517
00063525
0006355X
00063568
00063592
00063606
00063657
00063835
00063916
00064246
00064971
00065196
00065242
00065250
00065269
00065471
00065722
0006579X
00066117
0006629X
00066303
00066311
00066648
00066710
00066729
00066761
00066982
00067156
00067237
00067377
00068047
00068055
00068063
00068071
0006808X
00068101
00068136
00068144
00068241
00068314
00068705
00068950
00068969
00068977
00068993
00069248
00069337
00069612
00069620
00070335
00070556
00070599
00070610
00070629
00070653
0007070X
00070718
00070769
00070785
0007084X
00070874
00070882
00070890
00070904
00070912
00070920
00070947
00070955
00070963
00070971
0007098X
00070998
00071005
00071013
00071021
00071048
00071064
00071072
00071080
00071102
00071110
00071129
00071137
00071145
00071161
0007117X
00071188
00071218
00071226
00071234
00071242
00071250
00071269
00071285
00071293
00071315
00071323
00071331
0007134X
00071420
00071536
00071595
00071617
00071625
00071641
00071668
00071684
00071692
00071773
00071870
00071935
0007196X
0007215X
00072222
00072303
00072486
00072680
00072745
00073628
00073725
00074217
00074322
0007439X
00074497
00074551
00074632
00074640
0007473X
00074764
00074802
00074810
00074853
00074861
00074888
00074918
00074977
00074985
00075027
0007506X
00075108
00075124
00075132
00075140
0007523X
00075248
00075779
00075914
00075922
00076120
00076287
00076503
0007666X
00076791
00076805
00076813
00076899
00077135
00077704
00077712
00077720
00078069
00078328
00078506
00078549
00078980
00079006
00079235
00079308
00079685
00079723
00079731
00079766
00079871
00079960
00079995
00080055
0008008X
00080160
00080179
00080276
00080365
00080403
00080594
00080624
00080845
00081078
00081221
00081256
00081264
00081795
00081973
0008199X
00082821
00082856
00082902
00083194
00083267
00083372
00083380
00083399
0008347X
0008350X
00083550
00083658
00083674
00083755
00083798
00083968
00083976
00083984
0008400X
00084018
00084026
00084034
00084042
00084050
00084077
00084085
00084093
00084107
00084123
00084131
0008414X
00084166
00084174
00084182
00084204
00084212
00084220
00084239
00084255
00084263
00084271
0008428X
00084298
00084301
00084360
00084395
00084433
00084476
00084484
00084492
00084506
00084581
00084654
0008476X
00084778
00084824
00084840
00084948
00085006
00085030
00085103
00085170
00085286
0008543X
00085472
00086215
00086223
00086312
00086355
00086363
00086452
00086495
00086533
00086568
00087041
00087114
00087262
00087335
00087378
00087386
00087475
00087645
00087912
00088080
00088099
00088137
00088390
00088501
00088730
00088749
00088846
00088994
00089176
00089192
00089389
00090352
00090379
00090468
00090476
00090514
00090522
00090530
00090565
00090573
00090581
00090611
0009062X
00090689
00090794
00090875
00091774
00092002
00092223
00092320
00092347
00092355
00092363
0009241X
00092460
00092479
00092509
00092517
00092541
00092592
00092614
00092630
00092665
00092673
00092681
0009272X
00092770
00092797
00092819
00092851
0009286X
00092886
00092940
00093025
00093068
00093084
00093092
00093106
00093122
00093130
00093157
00093262
00093459
0009353X
00093696
00093920
0009398X
00094021
00094056
00094064
00094293
00094455
00094536
00094552
00094609
00094625
00094633
00094722
00094730
00094749
00094773
0009479X
00094846
00095281
00095753
00095893
00095915
00095982
00096067
00096407
00096725
00096881
00097004
00097039
00097101
00097209
0009725X
00097306
00097314
00097322
00097330
00097381
0009739X
00097411
00097497
00097527
00097845
00098078
00098337
00098353
0009837X
00098388
0009840X
00098418
0009854X
00098558
00098604
00098647
00098701
00098787
00098876
00098981
00099074
00099090
00099104
00099120
00099147
00099155
00099163
0009918X
00099201
0009921X
00099228
00099236
00099252
00099260
00099279
00099287
00099295
00099309
00099325
00100161
00100234
00100277
00100285
00100501
0010065X
00100730
00100757
00100765
00100870
0010096X
00100978
00100994
00101087
00101281
00101303
00101338
00101354
00101451
00101559
00101745
00101826
00101923
00101931
00101958
00102180
00102199
00102202
00102571
00102601
00102628
00103063
00103330
00103381
00103551
00103608
00103616
00103624
00103632
00103640
00103713
00103802
00103829
00103837
00103853
00104035
0010406X
00104078
00104086
00104124
00104132
00104140
00104159
00104175
00104213
00104248
00104361
0010437X
00104388
0010440X
00104485
00104531
00104566
00104620
00104655
0010468X
00104809
00104817
00104825
0010485X
00104892
00105082
00105317
00105325
00105333
00105392
00105422
00105678
00105716
00106151
00106178
00106356
00106542
00106925
00107069
00107107
00107174
00107271
0010728X
00107301
00107379
00107484
00107514
00107530
00107824
00107832
00107980
00107999
00108022
00108049
00108189
00108235
00108367
00108545
00108650
00108804
00108812
00108847
00109312
00109355
00109371
0010938X
00109452
00109525
00109894
00110000
00110035
0011085X
00111155
00111287
0011135X
00111384
00111503
00111511
00111562
00111570
00111589
00111600
00111619
00111643
00111759
0011183X
00111848
0011216X
00112240
00112275
0011250X
00113069
00113131
00113204
00113530
00113840
00113891
00113921
0011393X
00114014
00114162
00114189
00114227
00114235
00114529
00114537
00114545
00114553
00114626
00114642
00114839
00115029
00115258
00115266
00115827
00116009
0011605X
00116297
00116793
0011684X
00116963
00117188
00117315
00117471
0011748X
00117781
00118265
00118486
00118516
00118524
00118532
00118567
00118583
00118648
00118710
00118729
00118834
00119059
00119075
00119083
00119164
00119342
00119407
00119636
00119741
00119857
00120219
00120235
00120308
00120367
00120413
00120472
0012074X
00120758
00120790
00120847
00120936
00121010
00121029
00121037
00121045
00121053
00121096
00121169
00121207
00121223
00121533
0012155X
00121592
00121606
00121622
00121630
00121649
00121770
00121797
0012186X
00121924
00122017
00122033
00122173
00122440
00122459
0012253X
00122602
00122610
00122661
00122823
0012365X
00123692
00123706
00123714
00123811
00123846
00123862
00124044
00124273
00124419
00124486
00124508
00124958
00124966
00124974
00124982
00124990
00125008
00125016
00125032
00125768
00125911
0012592X
00125938
00126136
00126225
00126497
00126543
00126578
00126616
00126667
00126683
00126772
00126837
00127086
00127094
00127183
00127353
00127361
0012740X
00127515
00127582
00127590
00127825
00128058
00128163
0012821X
00128252
00128287
0012835X
00128449
00128481
00128686
00128708
00128775
00128783
00129402
00129593
00129615
00129658
00129682
00129976
00129984
00130001
00130079
00130095
00130117
00130133
00130249
00130427
00130451
00130567
00130613
0013063X
00130796
00130915
0013094X
00131091
00131245
00131350
0013161X
00131644
00131725
00131784
00131857
00131881
0013189X
00131911
00131946
00131954
00132004
00132446
00132586
00132608
00132683
0013273X
00132810
00133035
00133183
00133205
00133264
00133329
00134252
00134260
0013435X
00134457
0013449X
00134503
00134643
00134651
00134686
00134694
00134732
00134821
00134872
00134902
00134945
00134953
00135070
00135127
00135194
00135305
00135380
00135437
00135585
00135704
00135720
00135739
00135771
00135798
00135801
00135852
00135860
00135984
00136131
00136158
00136557
00136654
00136662
00137006
00137200
00137219
00137227
00137251
0013726X
00137278
00137308
00137448
00137456
00137480
00137529
00137545
00137626
00137758
00137782
00137871
0013788X
00137898
0013791X
00137944
00137952
00138029
0013807X
00138215
00138266
00138282
00138304
00138312
00138339
0013838X
00138398
00138703
00138711
0013872X
00138738
00138746
00138797
00138827
00138878
00138894
00138959
00139084
00139157
00139165
00139173
00139300
00139327
00139351
0013936X
00139424
00139432
00139475
00139505
00139513
00139572
00139580
00139637
00139661
00139696
00139998
00140015
00140058
00140139
00140171
00140309
00140481
00140716
00140759
00140767
00140856
00141291
00141364
00141437
00141496
00141569
00141704
00141755
00141798
00141801
00141828
00141836
00141844
0014195X
0014200X
00142085
00142115
0014214X
00142158
00142166
00142182
00142239
00142328
00142336
00142476
00142565
00142573
00142751
00142875
00142921
00142956
00142964
00142972
00142980
00142999
00143006
00143022
00143057
00143065
0014312X
00143316
00143502
00143820
00143855
00144029
00144754
00144797
00144800
00144819
00144827
00144835
00144851
00144886
00144894
00144908
00144940
00144983
00145246
00145483
00145491
00145793
00145815
00145858
00146242
00146722
0014729X
00147354
00147370
00147664
00147672
00147699
00148172
00148202
00148229
00148237
0014827X
00148318
00148962
00149128
00149187
00149306
00149527
00149683
00150010
00150193
00150282
00150444
00150517
00150541
00150568
00150754
0015119X
00151386
00151831
00151874
00151882
00151920
0015198X
00152218
00152587
00152609
00152617
00152684
00153214
00153222
00153230
00153273
0015329X
00153311
0015363X
00153818
00153826
00153990
00154040
00154148
00154199
00154628
00154652
00154687
00154725
00155004
0015511X
00155314
00155403
0015542X
00155454
00155470
00155497
00155500
00155551
0015556X
00155586
00155594
00155608
00155616
00155624
00155632
00155659
00155667
00155683
00155691
00155705
00155713
00155721
0015587X
00156191
00156264
00156361
0015637X
00156426
00156477
00156639
00156647
0015704X
00157120
00157163
0015718X
00157228
00157325
00157368
00157473
0015749X
0015752X
00157546
00157813
00157899
00158003
00158011
00158151
0015816X
00158178
00158186
00158194
00158208
00158259
00158356
00158518
00158976
00159018
00159034
00159042
0015931X
00159409
00160032
0016030X
00160725
00161071
0016111X
00161128
00161136
00161152
00162116
00162329
00162361
00162523
0016254X
00162582
00162590
00162663
0016268X
00162736
00163287
00163317
00163503
00163651
00163813
00164119
00164127
00164232
0016450X
0016478X
00164909
00165085
00165107
00165301
00165522
00165557
00165581
00165603
00165670
00165751
0016626X
00166448
00166480
0016660X
00166677
00166707
00166715
00166723
00166731
00166758
00166766
00166928
00166987
00166995
00167002
00167029
00167037
00167061
0016710X
00167118
00167126
00167142
00167169
00167177
00167185
00167193
00167223
00167258
00167274
00167282
00167312
00167363
00167398
0016741X
00167428
00167444
00167460
00167479
00167487
00167525
00167568
00167606
00167614
00167622
00167630
00167649
00167665
00167738
00167746
00167770
00167789
00167835
0016786X
00167878
00167886
00167894
00167924
00167932
00168025
00168033
00168076
00168092
00168297
00168300
00168386
00168505
00168521
00168556
0016867X
00168777
00168831
00168874
00168882
00168890
00168904
00169013
00169161
0016920X
00169714
00169862
00169900
00169919
00170011
0017002X
00170070
00170089
00170224
00170267
00170291
00170305
00170313
00170321
00170437
00170496
00170844
00170895
0017095X
00170984
00171018
00171026
00171050
00171298
00171387
00171557
00172278
00172294
0017257X
00172715
00172901
00173134
00173495
00173614
00173835
00173916
00174114
00174653
0017467X
00174726
00174793
00174815
00174947
00174955
00175595
00175749
00175838
00175986
00175994
00176001
0017601X
00176028
00176036
00176192
00176451
00176559
00176583
00177768
0017789X
00178012
00178039
00178055
00178063
0017808X
0017811X
00178136
00178160
00178322
00178470
00178594
00178616
00178748
00178969
00179078
00179124
00179140
00179310
0017940X
00179876
00179973
00180130
00180181
0018019X
00180203
0018022X
00180238
00180416
00180599
00180637
00180661
0018067X
00180750
00180777
00180831
0018084X
0018098X
00181153
00181196
00181390
00181439
00181501
0018151X
00181536
00181544
00181560
00181935
00181994
00182028
00182052
00182079
00182133
00182141
0018215X
00182168
00182176
00182206
00182214
00182222
00182257
00182311
00182362
00182370
0018246X
00182575
00182613
00182621
0018263X
00182648
00182656
00182680
00182702
00182710
00182753
0018277X
0018280X
00183377
00183458
00183571
00183768
00183784
00183830
00183849
00184306
0018439X
0018442X
0018456X
00184888
00185043
00185051
0018506X
00185345
00185477
00185639
00185663
00185787
00185817
00185841
00185868
00185973
00186082
00186368
00186694
00186775
00187003
0018702X
00187070
00187143
0018716X
00187208
00187216
00187259
00187267
00187348
00187399
00187828
00187895
00188131
0018814X
00188158
00188166
00188220
00188247
00188255
00188476
00188646
00188670
00189162
00189197
00189200
00189219
00189235
00189251
0018926X
00189278
00189286
00189294
00189308
00189316
00189324
00189332
00189340
00189359
00189367
00189375
00189383
00189391
00189405
00189413
00189421
0018943X
00189448
00189456
00189464
00189472
00189480
00189499
00189502
00189510
00189529
00189537
00189545
00189820
00189855
00189960
00190357
00190365
0019042X
00190578
00190810
00190829
00190993
00191019
00191035
00191442
00191639
00191655
00192031
00192082
00192333
00192341
00192805
00193062
0019333X
00193577
00194131
00194247
00194506
00194522
00194565
00194611
0019462X
00194646
00194670
00194816
00194832
0019493X
00194964
00195014
00195022
00195049
00195081
0019509X
00195103
00195111
00195138
00195154
00195162
00195189
00195200
00195251
00195278
00195308
00195324
00195340
00195359
00195413
00195421
00195448
00195456
00195464
00195472
00195480
00195499
00195502
00195545
0019557X
00195588
00195596
0019560X
00195634
00195669
00195707
00195839
00195936
00196061
00196355
0019638X
00196479
00196568
00196665
00196770
00197246
00197262
00197289
00197416
00197491
00197548
00197637
00197858
00197866
00197939
00198145
00198234
00198307
00198323
00198366
00198374
00198447
00198471
0019848X
00198501
00198528
00198536
00198676
00198692
00198862
0019901X
00199044
00199176
00199567
00199605
00199958
00200093
00200190
00200204
00200255
00200271
00200883
00200891
00200956
00201154
00201200
00201324
00201383
0020157X
00201650
00201669
00201685
00201693
0020174X
00201766
00201790
00201804
00201812
00202274
00202444
00202452
00202460
00202495
00202509
00202568
00202754
00202924
00202940
00202967
00203076
00203092
00203122
00203157
00203203
00203262
00203270
00203297
00203319
00203351
00203386
00203394
00203408
00203483
00203696
00203785
00204277
00204382
00204412
00204463
00204536
00204544
00204552
00205214
00205346
0020577X
00205850
00205893
00205907
00205915
00205923
00205958
00206024
00206067
00206091
00206415
00206466
00206539
00206563
0020658X
00206598
00206695
00206814
00206946
00207020
00207047
00207055
00207071
0020708X
00207101
0020711X
00207128
00207136
00207144
00207152
00207160
00207179
00207187
00207209
00207217
00207225
00207233
0020725X
00207268
00207276
00207284
00207292
00207306
00207314
00207322
00207349
00207357
00207373
00207381
0020739X
00207403
00207411
00207438
00207454
00207462
00207489
00207519
00207543
00207551
0020756X
00207578
00207594
00207608
00207616
00207640
00207659
00207667
00207683
00207713
00207721
0020773X
00207748
00207780
00207810
00207837
00207985
00208027
00208132
00208167
00208183
00208191
00208256
00208272
00208345
00208442
00208523
00208566
00208582
00208590
0020868X
00208701
0020871X
00208728
00208817
00208825
00208833
00208841
00208868
00209147
00209252
00209309
00209376
00209384
00209392
00209406
00209554
00209570
00209635
00209643
00209910
00209988
00209996
00210005
0021048X
00210498
00210552
00210587
00210862
00210870
00210927
00211133
00211214
00211265
0021129X
00211311
00211346
00211389
00211400
00211427
00211524
00211559
00211575
00211583
00211699
00211753
00211818
00211842
00211915
00211958
00212059
0021213X
00212148
00212164
00212172
00212180
00212202
00212210
00212237
00212571
00212938
0021325X
00213292
00213411
00213438
00213462
00213470
00213497
00213551
00213624
00213640
00213667
00213764
00214019
00214027
00214183
0021437X
00214434
0021454X
00214671
00214744
00214752
00214787
00214795
00214809
00214817
0021485X
00214868
00214876
00214884
00214892
00214914
00214922
00214930
00214981
00215007
00215015
0021504X
00215074
00215082
00215090
00215104
00215112
00215120
00215139
00215155
00215171
00215198
0021521X
00215228
00215236
00215252
00215279
00215287
00215295
00215325
00215368
00215384
00215392
00215597
00215902
00216089
00216682
00216704
00216933
00216941
00216968
00217263
00217468
00217557
0021762X
00217646
00217654
00217670
00217689
00217697
00217743
00217824
00217832
00217867
00217905
0021793X
00217948
00217972
00218103
00218200
00218219
00218251
00218286
00218294
00218308
00218332
00218359
00218375
0021843X
00218456
00218464
00218499
00218502
00218510
00218529
00218537
00218553
00218561
0021857X
00218588
00218596
00218634
00218669
00218693
00218707
00218715
00218723
00218758
00218766
00218774
00218782
00218790
00218812
00218820
00218839
00218847
00218855
00218863
00218898
00218901
0021891X
00218928
00218936
00218944
00218952
00218960
00218979
00218995
00219002
00219010
00219029
00219037
00219045
00219096
0021910X
00219118
00219134
00219142
00219150
00219169
00219185
00219193
00219207
00219231
0021924X
00219258
00219266
00219290
00219304
00219320
00219347
00219355
00219371
00219398
00219436
00219487
00219495
00219509
00219517
00219525
00219533
00219541
0021955X
00219568
00219576
00219584
00219592
00219606
00219614
00219630
00219657
00219665
00219673
00219681
0021969X
0021972X
00219738
00219746
00219754
00219762
00219797
00219800
00219886
00219894
00219908
00219916
00219924
00219940
00219967
00219975
00219983
00219991
00220000
00220019
00220027
0022006X
00220078
00220094
00220116
00220124
00220140
00220167
00220175
00220205
00220221
0022023X
00220248
00220256
00220272
00220299
00220302
00220337
00220345
00220353
0022037X
00220388
00220396
0022040X
00220418
00220426
00220434
00220469
00220477
00220485
00220493
00220507
00220515
00220531
00220558
00220574
00220612
00220620
00220655
00220663
00220671
00220701
00220728
00220736
00220744
00220752
00220787
00220795
00220809
00220833
00220841
00220892
00220906
00220930
00220949
00220957
00220965
00220973
00220981
00221007
00221015
00221031
0022104X
00221058
00221082
00221090
00221104
00221112
00221120
00221139
00221147
00221155
00221171
00221198
00221201
00221236
00221260
00221287
00221295
00221309
00221317
00221325
00221333
00221341
00221368
00221376
00221392
00221406
00221414
00221422
00221430
00221465
00221481
0022149X
00221503
00221511
0022152X
00221546
00221554
00221589
00221597
0022166X
00221678
00221686
00221694
00221708
00221724
00221732
00221759
00221767
00221791
00221805
00221821
00221856
00221899
00221902
00221910
00221937
00221945
00221953
00221996
00222011
0022202X
00222062
00222097
00222135
00222143
00222151
0022216X
00222186
00222194
00222208
00222216
00222267
00222275
00222291
00222313
00222321
0022233X
00222348
00222356
00222364
00222372
00222380
00222402
00222410
00222429
00222437
00222445
00222461
0022247X
00222488
00222496
0022250X
00222518
00222526
00222542
00222569
00222577
00222585
00222593
00222607
00222615
00222623
00222631
0022264X
00222712
00222720
00222739
00222755
0022278X
00222801
0022281X
00222828
00222836
00222844
00222852
00222860
00222879
00222895
00222909
00222917
00222933
00222968
00222984
0022300X
00223018
00223026
00223034
00223042
00223050
00223069
00223077
00223085
00223093
00223107
00223115
00223131
0022314X
00223166
00223182
00223204
00223239
00223247
00223255
00223263
0022328X
00223344
00223360
00223387
00223395
00223409
00223417
00223433
0022345X
00223468
00223476
00223484
00223492
00223506
00223514
00223530
00223549
00223565
00223573
00223611
0022362X
00223638
00223646
00223654
00223670
00223697
00223700
00223719
00223727
00223735
00223743
00223751
00223778
00223808
00223816
00223840
00223859
00223867
00223875
00223891
00223913
00223921
0022393X
00223956
00223980
00223999
00224006
00224049
00224065
00224073
00224081
0022409X
00224146
00224154
00224189
00224197
00224200
00224227
00224251
00224278
00224294
00224308
00224324
00224359
00224367
00224375
00224391
00224405
00224456
00224472
00224480
00224499
00224502
00224510
00224529
00224537
00224545
00224561
00224588
00224596
0022460X
00224634
00224642
00224650
00224669
00224677
00224685
00224707
00224715
00224731
0022474X
00224766
00224782
00224790
00224804
00224812
00224863
00224871
00224898
00224901
00224928
00224936
00224944
00224952
00224995
00225002
00225010
00225037
00225045
00225053
00225061
00225088
00225096
0022510X
00225126
00225142
00225169
00225185
00225193
00225223
00225258
00225266
00225274
00225282
00225290
00225304
00225320
00225347
00225355
00225363
00225371
0022538X
00225398
0022541X
00225428
00225738
00225762
00225800
00226114
00227498
00227692
00227722
00227854
0022815X
00228249
00228370
00228567
00228699
00228710
00228796
00228877
00228958
00229032
00229040
00229164
00229202
00229415
00229466
00229520
00229717
00229776
00229830
00230162
0023026X
00230294
00230332
00230561
00230707
0023074X
0023110X
00231118
00231150
00231169
00231177
00231207
00231274
00231347
00231495
00231584
00231940
00232076
00232130
00232149
00232157
00232165
00232173
00232300
00232513
00232653
0023270X
00232815
00232904
00232912
00233609
00233625
00233900
00233919
00234001
00234109
00234192
00234222
0023432X
00234516
00234567
00234699
00234761
00234923
00235326
00235334
00235563
00235679
00235776
00235873
00235881
0023589X
00235946
00235954
00235962
00236152
00236438
0023656X
00236748
00236764
00236772
00236810
00236837
00236942
00237205
00237213
00237299
00237302
00237639
00237728
00237930
00238031
00238058
00238082
00238236
00238309
00238333
00238368
0023852X
00238791
00238813
00238856
00238864
00239046
00239054
00239186
00239216
00239283
00239356
00239690
00239704
00239852
00239909
00240044
0024094X
00240966
00241008
00241024
00241148
00241164
00241318
00241334
00241415
00241482
00242020
00242160
00242306
00242519
00242527
00242535
00242594
00242667
00242829
00243019
00243205
00243345
00243477
00243507
00243590
00243620
00243639
00243795
00243825
00243841
0024385X
00243868
00243892
00243922
00243949
00244066
00244074
00244082
00244201
00244457
0024449X
00244589
0024466X
00244759
00244902
00244937
00245461
00245585
0024581X
00245836
00246093
00246107
00246115
00246301
0024659X
00246638
00246786
00246816
00246859
00246921
00246956
00246964
00247081
00247154
00247251
00247413
00247634
00247758
00247766
00247782
00247804
00248525
0024869X
00249041
00249106
00249114
0024919X
0024922X
00249297
00249416
00249521
00249629
00249831
00249947
0024998X
00250015
0025004X
00250090
00250120
0025021X
00250228
00250236
00250244
00250279
00250295
00250317
00250538
00251003
00251127
00251291
00251461
00251496
00251534
00251569
00251747
0025181X
00251909
00252018
00252034
00252328
00252344
00252514
00252565
00252611
00252883
00252921
00253154
00253162
00253227
00253235
0025326X
00253316
00253324
00253359
00253456
00253618
00253863
00254045
00254258
00254282
00254355
00254363
00254576
00254800
00254878
00255025
00255165
00255246
00255262
00255270
00255289
00255300
00255327
00255394
00255408
00255416
00255432
00255521
00255564
00255572
00255610
00255645
00255661
0025570X
00255718
00255726
00255734
00255742
00255793
00255831
0025584X
00255858
00255874
00256153
00256196
00256293
00256439
00256455
00256501
00256544
00256749
0025682X
0025696X
00256978
00257028
00257044
00257079
00257087
00257125
00257206
00257273
0025729X
00257303
0025732X
00257338
00257397
00257508
00257524
00257664
00257680
00257729
00257753
00257818
00257826
00257834
00257850
00257931
00257958
00257974
00257990
00258024
00258040
00258075
00258105
00258172
00258296
00258326
00258385
00258431
00258458
00258466
00258474
00258504
00258512
00258598
00258601
00258628
00258903
00258938
00259128
00259241
00259284
00259454
00259683
0025987X
0025990X
00259993
00260096
00260452
00260495
00260541
00260576
00260657
00260665
00260673
00260681
00260746
00260797
00260800
00260819
00260843
00260894
00260983
00261033
00261068
00261114
00261165
00261211
00261270
00261335
00261386
00261394
00261424
00261513
00261521
0026203X
00262102
0026220X
00262234
00262285
00262293
00262366
00262420
00262617
00262633
0026265X
00262692
00262714
00262803
00262862
00262919
00263079
00263141
00263184
00263206
00263451
00263516
00263524
00263532
00263648
00263656
00263664
00263672
00263680
00263745
00263788
00263826
00263982
00264040
00264075
00264326
00264423
00264563
00264598
0026461X
00264628
00264695
00264725
00264733
00264741
0026475X
00264768
00264776
00264784
00264806
00264849
00264873
00264911
00264946
00264954
00264962
00264970
00264989
00265179
00265187
00265225
00265276
00265535
0026556X
00265667
0026637X
00266388
00266396
00266493
00266523
00266604
00266620
00266655
00266817
0026704X
00267074
0026749X
00267503
00267562
00267694
00267724
00267775
0026783X
00267902
00267910
00267929
00267937
00267961
00268003
00268038
00268127
00268232
00268275
00268402
00268445
00268577
00268925
00268933
00268941
0026895X
00268976
00268984
00269050
00269247
00269255
00269263
00269298
00269301
00269336
00269611
00269662
00269786
00269891
00270040
00270520
00270644
00270741
00271276
00271314
00271322
00271330
00271349
0027142X
00272000
00272507
0027254X
00272671
00272841
00272914
00272973
00273139
00273171
0027318X
00273465
00274054
00274089
00274224
00274380
00274631
00274666
00274771
00274801
00274909
00275107
0027514X
00275247
00275514
00275530
00275557
00275735
00276049
0027657X
00276782
0027707X
0027755X
00277622
00277630
00277657
0027769X
00277738
00278378
00278424
00278629
00278874
00279048
00279218
00279358
00279501
00279684
00280100
00280283
00280313
00280496
00280615
00280712
00280739
00280836
00281042
00281050
00281298
00281344
00281425
00281441
00281522
00281859
00281921
00281956
00282030
0028209X
00282162
00282200
00282235
00282421
00282448
00282596
00282677
00282685
00282715
00282766
00282804
00282928
00282960
00283045
00283347
00283517
00283630
00283649
00283754
00283770
00283797
00283819
00283835
00283843
00283851
0028386X
00283878
00283886
00283894
00283908
00283924
00283932
00283940
00284726
00284793
00284823
00284866
00284939
00285390
00285870
0028596X
00286060
00286087
00286176
00286206
00286400
00286435
0028646X
00286583
00286885
00287091
00287199
00287318
00287504
00287571
00287644
00287822
00287881
0028792X
00288047
0028808X
00288144
00288233
0028825X
00288276
00288292
00288306
00288322
00288330
00288349
00288446
00288535
00288705
00289604
00290092
00290203
00290343
00290386
00290432
00290629
0029067X
00290726
00290793
00290831
00291021
00291277
00291420
00291455
00291463
0029182X
00291927
00291951
0029196X
00292001
00292176
00292397
00292443
00292524
00292559
00292915
00293156
0029344X
00293571
00293652
00293970
00294470
00294500
00294527
00294586
00294624
00294802
00294810
00295035
00295094
00295132
0029540X
00295450
00295493
00295507
00295515
0029554X
00295566
00295574
00295582
00295604
00295639
00295671
0029568X
00295922
00295973
00295981
0029599X
00296228
00296236
00296287
00296341
00296465
00296473
0029649X
00296503
00296511
00296554
00296562
00296570
00296635
00296643
00296651
0029666X
00296678
00297054
00297704
0029781X
00297828
00297844
00297917
00297933
00297941
00298018
00298077
00298115
00298131
0029814X
00298182
00298441
0029845X
00298484
00298549
00298557
00298573
0029862X
00298786
00298948
00299006
00299138
00299219
00299316
00299480
00299588
00299596
00299642
00299669
00300284
00300608
00300632
00300675
00300950
00300993
00301124
00301299
00301388
0030154X
00301752
00301787
00301868
00301876
00302082
00302228
00302260
00302414
00302430
00302465
00302813
00302864
00302953
00303526
00303607
00303623
0030364X
00303747
00303755
00303887
00303909
00303917
00303941
0030395X
00303992
0030400X
00304018
00304026
00304034
00304204
00304220
00304387
00304565
00304670
00304727
00304751
00304921
0030493X
00304948
00305073
00305227
00305278
00305316
00305375
00305472
00305685
00305693
00305707
00305898
00305928
00306002
00306037
00306053
00306096
00306126
00306142
00306177
00306223
00306428
00306487
00306525
00306614
00306622
00306657
00306665
0030672X
00307270
00307416
00307653
0030770X
00307793
00308129
00308269
0030834X
0030851X
00308684
00308730
00308757
00308803
00308870
00308978
00309060
00309117
00309230
00309311
0030932X
00309338
00309346
00309427
00309729
00309885
00309923
00309982
00310182
00310204
00310220
00310239
00310301
0031031X
00310328
00310387
00310506
00310514
00310573
00310603
00310808
00311049
00311057
00311081
00311138
00311197
00311227
00311243
0031126X
00311294
00311340
00311421
00311448
00311480
00311723
00311758
00311820
00311847
00312037
00312290
00312339
00312355
00312746
00312789
00312959
00312967
00312975
00312983
00312991
00313025
0031305X
00313114
00313203
0031322X
00313831
00313904
00313939
00313955
00313998
00314005
00314021
0031403X
00314056
00314331
00314439
00314528
00314587
00314595
00314617
00314749
00314773
0031496X
00315117
00315125
00315249
00315303
00315362
00315621
00315729
00315826
00315850
00315982
00315990
00316016
00316121
0031613X
00316229
00316423
00316458
00316768
00316849
00316857
00316865
00316873
00316903
00316911
00316970
00316989
00316997
00317012
00317020
00317047
00317098
0031711X
00317136
00317144
00317179
00317217
00317454
00317497
00317683
00317691
00317705
00317837
00317918
00317977
00317985
00318019
00318027
00318035
0031806X
00318086
00318094
00318108
00318116
00318159
00318183
00318191
00318205
00318213
00318221
00318248
00318256
00318280
00318299
00318388
00318426
00318655
00318663
00318671
0031868X
00318760
00318868
00318884
00318914
00318949
00318957
00318965
0031899X
00319007
00319015
00319023
00319090
00319104
00319112
00319120
00319155
00319163
00319171
0031918X
00319201
0031921X
00319228
00319287
00319317
00319325
00319333
00319341
0031935X
00319376
00319384
00319406
00319414
00319422
00319449
00319457
00319465
0031949X
00319511
00320005
00320145
00320188
0032020X
00320293
00320447
00320544
00320633
00320714
00320781
0032079X
0032082X
00320838
00320862
00320889
00320935
00320943
00321028
00321052
00321257
00321273
00321397
00321400
00322024
00322032
00322156
00322202
00322474
00322490
00322687
00322725
00323063
00323179
00323187
00323195
00323217
00323233
00323241
00323292
0032342X
00323470
00323497
00323632
00323640
0032373X
00323756
00323764
00323772
00323780
00323802
00323861
00323888
00323896
0032390X
00323918
00323934
00323950
00324000
0032423X
00324663
0032468X
00324701
0032471X
00324728
00324795
00325155
00325287
00325422
00325449
00325473
00325481
00325791
00325821
00325899
00325910
00325929
00325961
00326070
00326267
00326291
00326305
00326313
00326518
00326666
00326739
0032678X
0032681X
00326895
00327034
00327069
00327077
0032745X
00327484
00327611
00327786
00327867
0032793X
00328154
00328162
00328235
00328243
00328332
0032860X
00328758
00328855
00329436
00329452
00329460
00329509
00329533
00329754
00329762
00329843
00329851
00329878
00329940
00329959
00330124
00330205
00330337
00330620
0033068X
00330752
00330779
00331031
00331155
00331260
00331538
00331732
00331783
0033183X
00331856
00332097
00332100
00332135
00332143
00332151
00332240
00332259
00332283
00332291
00332496
00332526
00332615
00332623
0033264X
00332658
00332666
00332674
00332720
00332747
00332771
0033278X
00332828
00332836
00332852
00332879
00332909
00332917
00332925
00332933
00332941
0033295X
00332968
00332984
00333026
00333042
00333077
00333085
00333107
00333123
00333131
00333158
00333174
00333182
00333190
00333204
00333298
00333352
00333506
00333549
00333557
0033362X
00333735
00333840
00333883
00334073
00334081
0033409X
00334189
0033426X
00334545
00334553
00334928
00334987
00335134
00335177
0033524X
00335479
00335525
00335533
0033555X
00335568
00335606
00335614
00335622
00335630
00335649
0033569X
00335770
00335835
00335894
00336041
00336297
00336572
00336807
00336882
00336890
0033698X
00337021
00337560
00337579
00337587
00337722
00337889
00338001
00338176
00338192
00338222
00338230
00338281
00338303
0033832X
00338338
00338346
00338362
00338389
00338397
00338400
00338419
00338443
00338451
00338486
00338494
00338575
00338826
00339008
00339016
00339423
00339563
00339636
00339652
00339873
00340006
00340111
00340553
00340561
00340618
00340634
00341193
00341223
00341258
00341967
00342971
00343102
00343153
00343161
00343196
00343226
00343293
00343331
00343404
00343536
00343552
00343617
0034365X
0034379X
00344087
00344095
00344125
00344257
0034429X
00344338
00344346
00344877
00344885
00344893
0034513X
00345164
00345180
00345210
00345237
0034527X
00345288
00345318
00345334
00345377
00345466
00345687
00345806
00346233
00346446
00346527
00346535
00346543
00346551
00346586
00346616
00346632
00346659
00346667
00346705
0034673X
00346748
00346764
00346780
00346799
00346853
00346861
0034690X
00347000
00347094
00347108
00347140
00347167
00347175
00347191
00347264
00347280
00347299
00347310
00347329
0034737X
00347388
00347426
00347434
00347450
00347493
00347507
00347515
00347523
00347531
00347590
00347612
00347701
00347744
00347752
00347973
00347981
00348082
0034818X
00348198
00348236
00348244
00348309
00348341
00348376
00348384
0034849X
00348570
00348619
00348635
00348899
00348910
00349356
00349402
00349437
00349461
0034947X
00349542
00349593
00349615
00349631
00349690
00349712
00349763
00349771
00349887
00349925
0035001X
00350052
00350362
00350397
00350451
00350737
0035077X
00350796
0035080X
00350818
00350869
00350893
00350907
00350915
00351040
00351121
0035113X
00351326
00351334
00351423
00351431
00351458
00351466
00351520
00351555
00351563
00351571
00351598
00351601
00351628
00351652
00351709
00351725
00351768
00351776
00351784
00351792
00351822
00351849
00351865
00351954
00352004
00352039
00352047
00352063
00352195
00352209
00352292
00352349
00352357
00352381
00352411
00352438
00352616
00352624
00352640
00352659
00352764
00352829
00352845
00352888
00352896
0035290X
00352942
00352950
00352969
00352977
00353019
00353043
00353116
00353159
00353183
00353221
00353248
00353264
00353280
00353299
00353329
00353434
00353469
00353612
00353639
00353655
00353787
00353833
00353841
00353906
00353930
00353957
00353965
0035399X
00354015
00354066
00354090
0035418X
00354295
0035449X
00354511
00354554
00354627
00354902
00355011
00355038
00355054
00355267
00355607
00355895
00356050
00356069
00356077
00356085
00356212
00356220
00356239
00356247
00356298
0035631X
00356336
00356344
00356409
00356425
00356484
00356492
00356557
00356573
00356697
0035676X
00356794
00356808
00356867
00356883
00357073
00357448
00357529
00357596
0035760X
00357685
00357715
00357812
00357820
00357995
00358002
00358118
00358126
00358533
00358665
0035869X
00358711
0035872X
00358738
00358762
00358797
00358800
00358819
00358835
00358843
00358894
00358940
00358983
00358991
00359009
00359033
00359114
00359122
00359130
00359149
00359157
00359173
0035919X
00359203
00359211
0035922X
00359246
00359254
00359289
00359351
0035936X
00359440
00359475
00359483
00359572
00359599
00359890
00360112
00360163
0036021X
00360228
00360236
00360244
00360279
00360295
00360341
00360465
00360678
00360821
00361399
00361402
00361410
00361429
00361445
00361488
00361496
00361607
00361682
00361844
00361860
00361984
00362174
00362255
00362891
00363030
00363278
00363375
00363529
00363634
00364037
00364355
00364665
0036472X
00364827
00365041
00365270
00365327
00365343
00365483
00365505
00365513
00365521
0036553X
00365548
00365556
00365564
00365572
00365580
00365599
00365637
00365653
0036603X
00366064
00366099
00366218
0036634X
00366579
00366803
00366978
00367184
00367192
00367273
00367281
00367494
00367508
00367672
00367699
00367702
00367818
00367834
00367885
0036794X
00368075
00368237
00368326
00368423
00368504
0036861X
00368709
00368733
00368792
00369225
00369241
00369276
00369292
00369306
00369330
00369543
00369594
00369640
00369748
00369764
00369772
00370169
00370452
00370657
00370738
00370746
00370894
00371017
00371106
00371777
00371785
00371912
00371939
00371963
0037198X
00371998
00372072
00372102
00372110
00372366
00372455
00373052
00373222
00373435
00373583
00373699
00373826
00373834
00373931
00374237
00374342
00374377
00374466
00374806
00374822
00375225
00375241
00375330
00375349
00375411
00375497
00375675
00375683
00375756
00376027
00376736
00376744
00376752
00376779
00376787
00376795
00376922
00376973
00376981
0037699X
00377031
00377317
00377333
00377651
0037766X
00377678
00377686
00377732
00377740
00377791
00377813
0037783X
00377910
00377961
0037802X
00378046
00378054
00378682
00378712
00378720
00378763
00378771
0037878X
00378828
00378925
00378968
00378984
00379026
00379042
00379050
00379069
00379085
00379174
00379212
00379247
00379271
00379395
00379409
0037945X
00379484
00379514
00379557
00379565
00379603
00379611
0037962X
00379646
00379727
0037976X
00379808
00379816
00379832
00379840
00379859
00379875
00379972
00379980
00380113
00380121
00380156
00380199
00380229
00380237
00380245
00380253
00380261
00380288
00380296
0038030X
00380318
00380342
00380377
00380385
00380407
00380431
00380474
00380644
00380652
00380660
00380717
00380741
0038075X
00380768
00380806
00380814
00380830
0038092X
00380938
00380946
00381098
00381101
0038111X
00381527
00381810
00381861
00381969
00382167
00382221
0038223X
00382280
00382299
00382329
00382353
00382361
00382388
00382507
0038271X
00382876
00382973
00383139
00383317
00383368
0038366X
00383678
00383910
00383929
00384038
00384186
00384283
00384291
00384348
00384585
0038478X
00384801
00384836
00384860
00384909
00384941
00385077
00385239
00385298
0038531X
00385328
00385360
00385379
00385409
00385417
00385492
00385514
00385565
00385581
0038562X
00385638
00385662
00385697
00385700
00385735
00385743
00385832
00385859
00385875
00386073
0038609X
00386286
00386308
00386340
00386804
00387010
00387134
00387479
00389056
00389145
00389153
0038920X
00389366
00389692
00389765
0038982X
00389986
00390402
00390631
00390690
00390771
00390895
0039095X
0039128X
00391719
00391735
00392049
00392073
00392103
00392162
00392197
00392316
00392391
00392472
00392480
00392499
00392553
00392618
00392936
00392944
00392995
00393037
00393169
00393185
00393193
00393207
00393215
00393223
00393258
00393266
00393274
00393320
00393347
00393363
00393371
0039338X
00393533
00393541
00393592
00393606
00393630
00393657
00393665
00393681
00393738
00393746
00393762
00393797
00393819
00393827
00394025
0039405X
00394238
00394521
00394564
00394696
00395471
0039551X
00395870
00395897
00396001
00396028
00396060
00396087
00396095
00396109
00396257
00396265
00396273
00396303
00396338
0039646X
00396761
00397628
00397660
00397679
00397709
00397857
00397881
00397911
00397946
00397989
00398241
00398322
00398357
0039906X
00399140
00399450
00399620
00400262
00400599
00400912
0040117X
00401471
00401625
0040165X
00401706
00401846
00401889
00401900
00401951
00402389
00402486
00402494
00402508
00402656
00402796
00402826
00402982
00403075
00403261
00403288
00403318
00403342
00403385
00403490
00403555
00403571
00403598
00403601
00403636
00403644
00403660
00403709
00403725
00403741
00404020
00404039
00404284
00404292
00404357
00404403
00404411
00404470
00404691
00404748
00404837
00404861
0040487X
0040490X
00404926
00404969
00404985
00405000
00405043
00405078
00405116
00405132
00405167
00405175
00405205
00405213
00405310
00405329
00405507
00405523
00405574
00405639
00405655
00405671
00405698
0040571X
00405736
00405744
00405752
00405760
00405779
00405795
00405809
00405825
00405833
00405841
0040585X
00405922
00405930
00405957
00405973
00406015
00406031
00406082
00406090
00406325
00406376
00406384
00406597
0040716X
00407194
00407453
0040747X
00407496
0040750X
00407518
00407550
00407585
0040781X
00407984
00408166
00408670
00408727
00408735
00408808
00408867
00408875
00408891
00408905
00408921
00409022
00409375
00409383
00409618
00409960
00410012
00410020
0041008X
00410101
00410241
00410608
00410683
00410713
00411035
00411132
00411337
00411345
00411450
00411612
00411655
00411787
00411868
00412538
00412678
00413011
00413097
00413186
00413216
00413232
00413267
00413291
00413674
00413771
00413879
00413992
00414018
00414093
00414131
00414255
00414301
0041462X
00414751
0041476X
00415367
00415537
00415553
00415650
00415782
00415790
00415995
00416045
0041610X
00416193
0041624X
00416436
00416533
00416932
00418633
00418781
00418994
00419060
00419494
00419583
0041977X
00419818
00419826
00419907
00419915
0041994X
00420018
00420190
00420220
00420247
00420255
00420409
00420816
00420824
00420859
00420905
00420972
00420980
00421111
00421138
00421146
00421154
00421162
00421294
00421308
00421448
0042174X
00421766
0042207X
00422363
00422533
00422835
00423106
00423114
00423211
00424307
00424455
00424498
00424625
0042465X
00424668
00424676
00424730
00424862
00424870
00424889
00424900
00424935
00425184
00425192
00425206
00425222
00425281
00425699
00425702
00426032
00426229
00426423
00426601
00426644
00426695
0042675X
00426806
00426822
00426857
00426989
00427500
00427543
00427616
0042773X
0042790X
00428450
00428639
00428736
00428744
00428779
00428787
00428795
00428809
00428817
00428833
00428841
0042899X
00429007
00429686
00429694
00429767
00429929
00429945
00430013
0043003X
00430420
00430463
00430617
00430730
00430862
00430927
00430951
00430978
00430986
00431001
00431125
00431141
0043129X
00431303
00431354
00431370
00431397
00431443
00431621
00431648
00431656
00431737
00431745
00432156
00432199
00432245
00432253
0043227X
00432288
00432296
0043230X
00432318
00432326
00432431
00432520
00432539
00432636
00432652
00432792
00432822
00433004
00433144
00433225
00433284
0043342X
00433462
0043373X
00433810
00433845
00434019
00434078
00435147
00435163
0043518X
00435325
00435341
00435376
00435546
00435597
00435643
00435996
00436011
0043602X
00436046
00436143
00436275
0043650X
00436674
00436925
00437131
00437700
00437719
00437808
00437875
00437956
00438006
00438200
00438243
00438375
00438405
00438502
00438774
00438790
00438871
00439339
00440078
00440086
00440094
00440124
00440175
00440477
00440515
00440604
00440728
0044118X
00441341
00441449
00441570
00441651
0044166X
00441856
00441902
0044197X
00442135
0044216X
00442178
00442208
00442216
00442232
00442240
00442259
00442267
00442275
00442283
00442305
00442313
00442356
00442372
00442380
00442402
00442496
00442518
00442526
00442534
00442585
00442615
00442623
00442631
0044264X
00442658
00442666
00442674
00442712
00442747
00442771
0044278X
00442798
0044281X
00442828
00442844
00442879
00442887
00442895
00442909
00442917
00442925
00442933
00442941
0044295X
00442968
00442984
00442992
00443026
00443077
00443093
00443131
0044314X
00443174
00443220
00443247
00443255
00443263
0044328X
00443301
00443328
00443379
00443387
00443409
00443417
00443433
00443441
0044345X
00443468
00443492
00443506
00443514
00443549
00443565
00443573
00443581
0044359X
00443603
00443611
0044362X
00443697
00443700
00443719
00443727
00443743
00443751
0044376X
00444030
00444057
0044409X
00444197
00444251
0044426X
00444294
00444502
00444510
00444529
00444537
0044457X
00444596
00444650
00444677
00444693
00444847
00445134
00445169
00445193
00445231
00445371
0044538X
00445401
00445851
0044586X
00445967
00445975
00445983
00445991
00446009
00446025
00446033
00446041
0044605X
00446173
00446394
00447307
00447447
00447471
00447749
00447870
00447897
00447951
0044796X
00447978
00447986
00447994
00448001
00448028
00448060
00448249
00448435
00448486
00448613
0044863X
00448680
00448699
00448745
00448753
00449202
00450316
00450421
00450618
00450626
00450642
00450766
0045205X
00452068
00453102
00453609
0045432X
00454850
00455067
00455091
00456039
00456152
00456446
00456470
00456519
00456535
00456632
00456713
00456888
00457183
00457825
00457906
00457930
00457949
00458511
00459100
00459275
00459380
00459453
0046001X
00460931
00461121
00461520
00461628
00462012
00462039
00462225
0046225X
00462497
00462616
00462756
00462772
00463515
00463663
0046385X
00463892
00465070
0046564X
00465755
00465763
00465828
00465968
00466794
00466891
00467022
00467138
00467316
00467324
0046757X
00467596
0046760X
00467774
00467952
00468177
0046838X
00468444
00468541
00468983
00468991
00469580
00469750
00469858
00469939
00470716
00470740
00470767
00471178
00471623
00471801
00471828
00471852
00471860
00471879
00471887
00471909
00471917
00472069
00472085
00472166
00472212
00472220
0047228X
00472328
00472336
00472352
00472379
00472409
00472417
00472425
00472433
00472441
0047245X
00472468
00472484
00472506
00472530
00472565
0047259X
00472603
0047262X
00472662
00472670
00472689
00472697
00472727
00472778
00472786
00472794
00472816
00472875
00472891
00473405
00473618
00473936
00474045
00474800
00474991
00475394
00475599
00475955
00476374
00476412
00476552
00476765
00477206
0047729X
00477532
00477575
00477842
00478105
00479209
00479438
00479586
00479624
00480126
00480134
00480169
00480428
00480444
00481009
00482064
00482676
00482757
00482897
00482951
00482986
00483028
00483486
00483575
00483664
00483818
00483893
00483915
00483931
00484059
00484474
00484717
00484849
00484911
00485705
00485713
00485748
00485764
00485772
00485829
00485950
00486493
00486604
0048671X
00487104
00487120
00487163
0048721X
00487333
00487384
00487449
00487481
0048749X
00487511
00487554
00487562
00487570
00487619
00487627
00487651
0048766X
00487694
00487732
00487759
00487848
00488003
00488046
00488062
00488089
00488135
00488143
00488291
00488402
00488585
00488593
00488828
00489123
00489255
00489549
00489697
00490172
00490385
00490857
0049089X
00491071
00491101
00491160
00491225
00491241
0049173X
00491748
00492116
00492221
00492361
0049237X
00492426
00492701
00492930
00492949
00493155
00493449
00493554
00493570
00493589
00493848
00493856
00493864
00494143
00494488
00494704
00494747
00494755
00494763
00495123
00495514
00495522
00496472
00496650
00496804
00496839
00496979
00497878
00498084
00498114
00498122
00498246
00498254
00498599
00498637
00498653
00498661
00498688
00650536
00650900
00650951
0065096X
00650986
0065101X
00651036
00651044
00651141
00651176
00651184
00651206
00651249
00651257
00651281
00651311
00651362
00651400
00651419
00651427
00651451
00651478
00651583
00651591
0065163X
00651699
00651915
00652008
00652113
00652156
00652164
00652199
00652210
00652253
0065227X
00652296
0065230X
00652318
00652326
00652377
00652385
00652393
00652407
00652415
00652423
00652458
00652482
00652490
00652504
00652539
00652571
0065258X
00652598
00652601
00652628
00652660
00652687
00652717
00652725
00652776
00652792
00652806
00652814
00652822
00652830
00652881
00652911
00652970
00653004
00653055
00653071
0065308X
00653101
00653144
00653160
00653195
00653233
00653268
00653276
00653411
00653438
00653454
00653519
00653527
00654124
00654299
00655589
00655961
00656100
00656275
00656755
00656895
00657158
00657425
00657743
00657778
00658006
00658375
00658448
0065860X
00658812
00658995
00659002
00659142
00659266
00659401
00659452
00659533
0065955X
00659746
00660078
00660558
0066071X
00661198
00661538
00661546
00661554
00661619
00661759
00661945
00661996
00662038
00662054
00662062
00662070
00662097
00662216
00662240
00662267
00662313
00662399
00664103
00664138
00664146
00664154
00664162
00664170
00664189
00664197
00664200
00664219
00664227
00664243
0066426X
00664278
00664286
00664294
00664308
00664677
00664758
00664774
00664804
00664812
00664871
00665061
00665126
00665215
00665452
00665665
00665924
00665983
0066622X
00666297
00666386
00666416
00666459
00666475
00666505
00666513
00666637
00666742
00666769
00666785
00666939
00667358
00667374
00667668
0066782X
00668176
00668435
00668915
00669628
00669814
00670049
00670081
00670367
00671924
00671940
00671975
0067205X
00672238
00672378
0067270X
00672807
00672904
00673064
00675229
00675814
00676195
00676489
00677957
00678058
00678090
00678147
00678198
00678546
00678694
00678856
00679038
0067964X
00679666
00679674
00680346
00681016
0068113X
00681202
00681288
00681385
00682314
00682454
00682462
00682527
00683027
00684015
00684023
00686611
00687626
00687634
00688444
00689408
00690058
00690112
00690120
00690139
00690805
00692328
00692336
00692344
00692778
00692883
00693030
00693138
00693235
00693340
00693715
00694770
00694827
00695696
00695807
00695882
00696145
0069634X
00696412
00698032
00698040
00698644
00699616
00699667
0070055X
00701998
00702080
00702137
00702153
00702161
0070217X
00702188
00702463
0070251X
00702749
00702862
0070315X
00703370
00703664
00703737
00704075
00704113
00704415
00704571
00704806
00706639
00706760
00707546
00709778
00709816
00710318
0071075X
00711098
00711136
00711160
00711357
00711365
00711675
00711713
00711861
0071190X
00712477
00713260
0071335X
00716677
00716693
00716855
0071786X
00717886
00717916
00718041
00719234
00719390
00719404
00719420
00719676
00719706
00720038
00720151
0072100X
00721042
00721050
00721069
00721077
00724122
00724130
00726117
0072968X
00729752
00730327
00730688
00730874
00730912
00731129
00731455
00731579
00731587
00732435
00732540
00732753
00733253
00733407
00734071
00734675
00734705
00734721
0073506X
00735108
00735264
00735655
00736937
00737682
00738077
00738085
00738301
00739227
00740195
00740276
00740551
0074056X
00741132
00741612
00741795
00742740
00746142
0074655X
00746606
00746843
00747696
00747718
00747742
00747750
0074784X
00748587
00748684
00749249
00749575
00749664
00749729
00750530
00750778
00751243
00751634
00752207
00752541
00752800
00754102
00754161
0075417X
00754242
00754250
00754269
00754277
00754358
00754390
00754439
00754617
00755192
00755222
00755974
00756334
00756431
00756458
00757209
00757497
00757535
0075823X
00758434
00758442
00758450
00758590
00758744
00758914
00759422
00759511
0075966X
00759767
00760730
00761435
00761508
00761648
0076230X
00762997
00763519
00764809
00765147
00765201
00765392
00765872
00765902
00766011
00766046
00766070
00766097
00766127
00766690
00766879
00766895
00766941
0076695X
00767131
00767689
00768642
00768820
00769258
00769266
00769754
00770078
00770094
00770655
00770760
00770809
00770876
00770892
00770914
00770922
00770965
00771554
00771813
00772070
00774413
00774715
00775401
00775630
00776033
00777579
00777749
00777757
00778842
00778923
00778958
00779954
00779962
00780421
00781193
00781576
0078172X
00782696
00783218
00783234
00783579
0078463X
00784648
00784850
00784893
00785237
00785326
00785334
00785466
00786179
00786209
00786500
00786527
00786594
00786608
00786659
00787116
00787191
00787469
00788228
00788554
00788562
00789682
00790184
0079032X
00790419
00791393
00791636
00791687
00791946
00792047
00792985
00792993
00793205
00793647
00793663
00793701
00793949
00794236
00794252
00794457
00794740
00794848
00794872
00796034
00796050
00796107
00796123
00796255
00796263
00796336
00796352
00796379
00796417
00796425
00796468
00796484
00796492
00796530
00796565
00796603
00796611
00796638
00796700
00796719
00796727
00796743
00796751
00796786
00796816
00796832
00797138
0079726X
00797308
00797421
00798169
00798215
00798835
00799483
00799920
00799963
00800015
00800260
00801453
0080181X
00801844
00802018
00802042
00802077
00802115
00802549
00802557
00802654
00802727
00802913
00803073
00803170
00803375
00803642
00803987
00804134
00804401
00804568
00804606
0080469X
00804703
00805084
00805319
00805335
00805459
00806234
00806722
00806730
00806757
00806765
00807575
00807729
00808024
00808784
0080889X
00809152
00809462
00810746
00811092
00811270
00811386
00811661
00811718
00811750
00811904
00811947
00812463
00812471
00813052
00813834
00813869
00813966
00814776
00815438
00815691
00815993
00816248
00816272
00816353
00816426
00816477
00816825
00816906
00816914
00817090
00817600
00818461
00819557
00819808
00819980
00820598
00820717
00820784
00822884
00824003
0082464X
0082495X
0082500X
00825433
00825638
00826049
0082660X
00827118
00827347
0082805X
00831093
00831131
00831204
00831883
00831972
00831980
00832006
00832014
00832030
00832057
00832065
00832073
0083209X
00833002
00834343
00835560
00835889
00835897
00836656
00836729
00837709
00837792
00837903
00838969
0084005X
00840173
00840416
00842176
00842230
00842869
00842893
0084294X
00843695
00844144
00844276
00845299
00845302
00845345
00845353
00845388
00845566
00845604
00845841
00845906
00845914
00845930
00845957
00846473
00846570
00846589
00846597
00846600
00846724
00847089
00847224
00847534
00849162
00849588
00850748
00852376
00852538
00852988
00854417
00854530
00854557
00854638
00855553
00855626
0085574X
0085591X
00855928
0085638X
00856401
00856827
00857289
00858269
00900028
00900036
00900214
00900222
00900311
00900656
00900702
00900710
00900877
00901180
00901210
00901229
00901482
00901830
00901911
00902616
00902918
00902934
00902942
00902977
00903019
00903159
00903272
00903493
00903507
00903558
00903604
00903752
00903779
00903914
00903973
00904104
00904155
00904198
00904201
00904260
00904295
00904341
00904392
00904481
0090466X
00904848
00904996
0090502X
00905046
00905054
00905097
0090516X
00905267
00905364
00905488
0090550X
00905542
00905550
00905607
00905674
00905720
00905917
00905992
00906514
00906670
00906689
00906778
00906905
00906964
00906980
00907324
00907421
00907782
00907944
00908258
00908290
00908312
00908320
00908339
00908347
0090838X
00908657
00909084
00909092
00909556
00909882
0091018X
00910260
00910562
00910600
00910627
00911062
00911372
0091150X
0091164X
00911666
00911674
00911747
00911798
0091181X
00912131
00912174
00912182
00912379
00912700
00912751
00913022
00913057
00913286
00913340
00913367
00913642
00913723
00913847
00913952
00913960
00913979
00913987
00913995
00914029
00914037
00914150
00914169
00914185
00914509
00914916
00915521
00916331
0091634X
00916471
0091651X
00916536
00916544
00916722
00916730
00916749
00916757
00916765
00916773
0091679X
00917036
0091732X
00917338
00917370
00917419
00917427
00917435
00917451
00917613
00917648
00917702
00917710
00917729
00918083
00918369
00918903
0091925X
00919578
0092055X
00920606
00920703
00921157
00922102
00922323
00922846
00924199
0092430X
00924458
00924563
00924873
00925578
00925632
00925640
00925659
00925853
00926116
00926213
0092623X
0092640X
00926566
0092699X
00927023
00927678
00927872
00928240
00928615
00928623
00928674
00929395
00929867
00930334
00930415
0093061X
00930970
00931705
00931748
00931853
00931896
00932205
00932213
00932914
00933058
00933104
00933139
00933341
00933546
00933651
00933813
00934127
00934437
00934445
00934488
00934658
00934666
00934690
00935301
00935387
0093609X
00936286
00936391
00936405
00936413
00936502
0093691X
00937002
00937061
00937312
00937347
00937355
00937711
00937754
00938157
00938297
00938343
00938548
0093934X
00939722
00939978
00939994
00940143
00940216
00940267
0094033X
00940496
00940585
00940771
00940798
0094114X
00941190
00941298
00941492
00941689
00941700
00942065
00942405
0094243X
00942499
0094288X
00943037
00943061
00943509
0094369X
00944076
00944289
00944467
00944548
00945056
00945102
00945145
00945323
00945331
0094534X
00945579
00945617
00945714
00945765
0094582X
00946176
00946354
00946575
00946591
00947245
0094730X
00947474
00947598
00947679
00947733
00947768
00948276
00948373
00948500
00948705
00949000
00949655
00949930
0095036X
00950696
00950963
00951137
00951390
0095148X
00951544
0095182X
00952338
00952443
00952583
00952656
0095280X
00952990
0095327X
00953628
00953814
00953997
00954403
00954470
00954527
00954543
00954616
00954829
00954918
00955108
0095571X
00955809
00956481
00956562
00956848
00956880
00957984
00958301
00958522
00958654
00958808
00958891
00958948
00958956
00958964
00958972
00959006
00959030
00959065
00959146
00959502
00959510
00959545
00959561
00959618
0095974X
00959774
00959782
00959839
00959863
00959871
00959898
00959901
0095991X
00960128
00960179
00960217
00960225
00960241
00960284
00960446
00960551
00960616
00960632
00960667
00960764
00960802
00961000
00961019
00961108
00961191
0096140X
00961442
00961515
00961523
00961620
00961639
00961647
00961655
00961663
00961736
00961760
00961779
00961868
00961884
00961914
00961957
00961973
00961981
0096199X
00962007
00962015
00962147
00962236
00962244
00962260
00962414
00962422
00962430
0096249X
00962503
00962511
0096252X
00962651
00962732
00962929
00962945
00963003
00963070
00963402
00963445
00963518
00963593
0096364X
00963771
00963860
00963925
00963941
00964174
00964484
00964522
00965286
00965294
00965316
00965332
00965359
0096543X
00965448
00965502
0096557X
00965588
0096560X
00965979
00965995
00966029
00966339
00966347
00966622
00966630
00966665
00966703
00966711
00966738
00966754
00966819
00966843
00966886
00966894
00966908
00966983
00967017
00967114
00967149
00967165
00967238
00967807
00967963
00968056
0096820X
00968390
00968420
0096848X
00968501
0096851X
00968714
00968765
0096882X
00968870
00968994
00969230
00969362
00970050
00970085
00970107
00970115
00970298
00970344
00970352
00970506
00970522
00970549
0097059X
00971049
00971197
00971383
00971634
00971650
00971790
00972002
00972126
00972223
00972460
00972762
00973157
00973165
00973912
00974463
00974544
00974552
00974943
00975397
00975842
00975990
00976156
00976326
00976601
00976628
00977004
00977063
0097711X
00977403
00978043
00978078
00978388
0097840X
00978418
00978485
00978493
00978507
00978663
00978930
00979554
0097966X
00979740
00979783
00979805
00979937
00980331
00980366
00981133
00981273
00981354
00981389
00981486
00981532
00981559
0098180X
00981818
00982067
00982164
00982202
00982474
00982571
00982601
0098261X
00982997
00983004
00983039
00983063
00983500
00983721
00984094
00984108
00984329
00985589
00985961
00986097
00986127
00986151
00986259
00986283
00986445
00986569
00986577
00986631
00986909
00987107
00987115
00987123
00987298
00987484
00987522
00987786
00987913
00987921
00988243
00988383
00988421
0098843X
00988448
00988456
00988472
00988588
0098860X
00988847
00988898
00989053
00989134
00989258
00989355
00989444
00989495
00989886
00990027
00990086
00990094
00990248
0099037X
00991112
00991333
00991708
00991767
0099183X
00992240
00992399
00993964
00994081
00994480
00994502
00994553
00994561
00994944
0099541X
00995444
00995665
00995908
0099636X
00996459
00996653
00996866
00996874
00996963
00997013
00997250
00997374
00997501
00998125
00998826
00999490
00999512
00999598
00999660
00999695
01000004
01000039
01000160
01000195
01000519
01000683
01001574
01001965
0100204X
01002430
01002945
01003143
0100316X
01003569
01003984
01004042
01004158
01004670
0100512X
01005405
01006045
01006762
01006916
01006932
01006991
01007203
0100736X
01007386
01008358
01008404
01008455
01008692
0100879X
0100929X
01011774
01012061
01012800
01013122
01013157
01013173
0101322X
01013262
01013289
01013300
01013505
01013793
01014064
01014161
01014331
01014838
01014846
01016083
01017330
01017438
01017772
01018108
01018175
01018469
01019074
01019082
01019759
01019880
01020188
01020323
01020536
01020811
01020935
0102129X
01022105
0102261X
01023098
0102311X
01023306
01023586
01023616
01023772
01024450
01024469
01025430
01025902
01026283
01026445
01026712
01026720
01026909
01026933
0102695X
01026992
01027182
01027638
01027646
01027786
01027972
0102843X
01028650
01028839
01029010
01029304
01029460
01030582
01030663
01030752
0103166X
01031759
01032003
01032070
01032100
01032186
01033131
01033212
01033506
01033786
01033948
01034014
01034308
01034979
01035053
0103507X
01035355
01035657
01035665
01036351
0103636X
01036440
01036513
01036564
01036734
01036971
01037021
01037331
01037412
0103846X
01038478
0103863X
01039016
0103944X
01039733
01039954
01040014
01040146
0104026X
01040588
01040707
01040898
01041169
01041282
01041290
01041428
01041843
0104236X
01043285
01043552
01043579
01044036
01044230
01044443
01044478
0104530X
01045652
01045687
01045970
01046276
01046500
01046632
01047183
0104754X
01047760
01047787
01047809
01047930
01048333
01048775
01049224
01049275
01049313
01049631
01049712
01050028
01050397
01050761
01051423
01051873
01051938
01052896
01053191
01054538
01056263
01056980
01057510
01059327
01061607
01062301
01064339
01064347
01065815
01068040
01068350
01069543
0107055X
01071092
01074083
01078593
01080164
01080180
01080202
01080288
01081675
01081993
01082701
01087673
01087681
01088416
01088599
01089684
01092502
01095110
01095641
01100718
0110327X
01104403
01105558
01106465
01111485
0111199X
01114042
01116835
01118129
01119176
01119435
0111946X
01119508
01119532
0112109X
01121642
01125966
01127438
0112921X
01129597
01137492
01140582
01140671
01142402
01143727
01145916
01154451
01161105
01166069
01166514
01167111
01170163
01171968
01173375
01177796
01179470
01191144
01195646
01198386
01199641
01200011
01200062
01200283
01200488
01200534
0120064X
01200690
01200739
01200976
0120159X
01201751
01202456
01202596
01202650
01202804
01202812
01203347
0120338X
01203584
01203592
0120386X
01203916
01204157
01204483
01204823
01204912
01205307
0120548X
01205552
01205609
01205633
01206230
0120789X
01208322
01209957
01209965
01210793
01211617
0121215X
01213784
01214004
01214381
01214470
01214705
01214772
01215051
01215469
01215612
0121618X
01217550
01218123
01220268
01220977
01221450
01225383
01225391
01227483
01228102
01228285
01228706
01228803
01229761
01229893
01232126
01233068
01233432
01234366
01234412
01234676
01235362
01235923
01235931
01238418
0123885X
01239155
01239392
01240064
01245376
01245481
01245996
01246127
01247913
01250035
01250078
0125152X
01251562
01251759
01252208
01252488
01252526
01253395
01254685
01256491
01256718
01256726
01258281
01258370
0125877X
01259326
0126012X
01260472
01260537
01261568
01265539
01266039
01266187
01266209
01266705
01267353
01268635
01268643
0127046X
01271474
01271962
01272713
01274082
01275720
01277324
01279084
01279483
01279696
01280945
01281283
01281976
01283863
01284878
01285157
01287451
01287680
01287702
01290533
01290541
0129055X
01290657
01291122
01291564
0129167X
01291831
01292986
01294776
01295721
01295977
01296264
01296612
01297619
0129797X
01300997
01302620
01302906
01303082
01305395
01309013
01311379
01311441
01311611
01311646
01312227
01313878
01316095
01316397
01319582
01320890
01321447
01321625
01323423
0132344X
01323474
01324160
01324624
01326244
01326414
01326422
01326503
01326651
01328069
01328077
01328867
01330276
01331728
01331736
01332546
01333127
01333720
01333852
01336215
01342452
01343475
01344889
01345486
01360027
0136006X
01370782
01371223
01371282
01371320
01371592
01371657
01371983
01372440
01372475
01372890
01372904
0137298X
0137477X
01375075
01375083
01375520
01375881
01376365
01376985
0137723X
01379798
01380117
01380125
01380141
0138015X
01380338
01380680
01384821
01384988
0138600X
01386557
01387103
01389130
01392190
01393006
01394495
0139570X
01397656
01397893
01399608
01399918
01400118
01400460
01400568
0140072X
01401033
01401327
01401335
01401599
01401750
01401963
01401971
01402145
01402382
01402390
0140332X
01403664
01404067
0140427X
0140489X
0140511X
0140525X
01405284
01405543
01406728
01406736
01407007
01407686
01407775
01407783
01407791
01409050
01409174
01409883
01410229
01410296
01410423
01410768
01410814
01411136
01411187
01411195
01411594
01411896
01411926
01412205
01412760
01412949
01413473
01413910
01414283
01414607
01415387
01415425
01415492
01415530
01416200
01416219
01416359
01416421
01416707
01416790
01416952
01417037
01417789
01418033
01418130
01418211
01418602
01418610
01418637
0141867X
01418955
01419331
01419382
01419536
01419811
0141982X
01419838
01419854
01419862
01419870
01419889
01419951
01420356
01420372
01420453
01420496
01420615
0142064X
01420798
01420933
0142095X
01420968
01421123
0142159X
01422367
01422413
01422421
01422456
0142257X
01422782
01423304
01423312
01424319
01424688
01425242
01425455
01425463
01425471
01425692
01425811
01425919
01426001
01426338
01426397
01426540
0142694X
01427164
01427237
01427245
0142727X
01427849
01427873
01428853
01429345
01429418
01429442
01429612
0143005X
01430084
01430343
01430750
01430807
01430815
01431161
01431471
0143148X
01432044
01432060
01432087
01432095
01432516
01432826
01432885
01432974
01433083
01433180
01433334
01433369
01433636
01433768
01433857
01434004
01434160
01434179
01434632
01435124
01435221
01435337
01435671
01435698
01436147
01436228
01436236
01436244
01436481
01436503
01436570
01436597
01436902
0143702X
01437038
01437046
01437054
01437062
01437070
01437089
01437097
01437100
01437127
01437208
01437496
01437720
01437739
01437798
0143781X
01437836
01438042
0143814X
01438166
01438174
0143831X
01438700
01439073
01439294
01439685
0143974X
01439782
0143991X
01440322
01440357
01440365
0144039X
01440772
01440799
01441647
01441795
0144221X
0144235X
01442449
01442600
01442872
01442880
01442945
01443186
0144333X
01443410
01443577
01443585
01443593
01443615
01444069
01444565
01445154
01445170
01445340
0144557X
01445596
01445871
01445952
01445979
01445987
01446045
01446193
01446622
01446657
01446665
0144686X
01447394
01447521
01447815
01447823
01448188
01448196
01448420
01448463
01448609
01448617
01448625
01448722
01448765
01449281
0144929X
0144932X
01450085
01450166
01450743
01451456
01451707
01452096
01452126
01452134
0145224X
01452258
01452339
01452347
0145305X
01453068
01453300
01453378
01454455
0145448X
01454781
0145479X
0145482X
01455508
01455532
01455613
01455680
01455788
01456008
01456245
01456296
01456652
01457217
01457594
01457624
01457632
0145840X
01458701
01458752
01458876
01458884
01458892
01458973
01459228
0145935X
01459740
01460005
01460404
01460641
01460706
01460749
01460862
01461044
01461052
01461079
01461109
01461257
01461672
01461737
01462520
01462679
01462776
01462806
01463373
01463535
01463616
01463705
01463721
01464094
01464108
01464116
01464132
0146437X
01464566
01464604
01464760
01464779
01464833
0146521X
01465422
01465597
01465724
01465945
01466216
01466275
01466283
01466291
01466313
01466364
01466380
01466399
01466402
01466410
01466453
01466518
01466615
01466623
0146664X
01467123
01467239
01467611
01467875
01467891
01468030
01468197
01468693
01469428
0146955X
01469592
0147006X
01470272
01470353
0147037X
01470701
01470809
01471473
01471694
01471724
01471767
01471937
01471988
01472011
01472194
01472496
01472526
01472593
01472917
01473700
01473956
01473964
01474863
01475185
01475479
01475916
01475967
01475975
01476041
0147619X
01476513
01476882
01477307
01477439
01477447
01477552
01477781
01478001
01478257
0147829X
01478389
01478885
01479032
01479121
01479156
01479563
01479571
0147958X
01479598
01479601
01479857
0148012X
01480227
01480545
01480685
01480731
01480812
01480987
01481029
01482076
01482963
01483919
01483927
0148396X
01484184
01484419
01484443
01484737
01484818
01484834
01484869
01484893
01485016
0148558X
01485598
01485717
01485806
01486055
01486071
01486195
0148639X
01486403
01486411
01486608
01487043
01487132
01487191
01487280
01487299
01488287
01488376
01488384
01488562
01489062
0148916X
01489267
01489496
01489615
0148978X
01489836
01489895
01489909
01489917
01490370
01490397
01490400
01490419
01490451
0149046X
01491423
0149144X
01491970
01492063
01492136
01492195
01492594
01492608
01492632
01492640
01492888
0149290X
01492918
0149337X
01494147
01494929
01495267
01495526
01495720
01495739
01495933
01495992
01496085
01496115
01496123
01496204
01496395
0149645X
01497111
01497189
01497634
01497677
01497944
01497952
0149936X
01499386
01499408
01499483
0150536X
01505505
01509861
01509918
01510193
01511637
01514105
01516655
01519093
01519107
01519638
01520768
01525425
01527401
01529668
01533320
01536540
01538756
01539329
01539337
01543229
01548344
01549014
01550438
01550640
01552147
01553399
01554093
01554131
0155977X
01559982
01560417
01561316
01565788
01565826
01567365
01571532
0157244X
01576321
01576895
0158037X
01580728
01581570
01584197
01584960
01585231
01587919
01589938
01591185
01592068
01596306
01597868
01598090
01599011
01600176
01600923
01601121
01601652
01601741
01601997
01602446
01602527
01602551
0160273X
01602780
01602896
0160323X
01603450
01603477
01603663
01603930
01604074
01604112
01604120
01604198
01604341
0160449X
01604619
01604953
01605402
0160564X
01605682
0160628X
01606379
01606433
01606611
01606662
01606689
01606727
01606891
01606972
01607383
01607413
01607464
01607480
01607499
01607715
01607782
0160791X
01607952
01607960
01607979
01607987
01607995
01608002
01608061
01608266
01608347
01608371
01608428
01608576
01608592
01608835
01609009
01609289
01609327
01609513
01609963
01610007
0161035X
01610457
01610570
01610589
01610775
01611194
01611364
01611461
01611593
01611712
01611844
01611852
01611933
01612492
01612840
01613499
01613782
01614304
01614576
01614622
01614630
01614681
01614754
01614940
01615149
01615246
01615440
01615505
0161570X
01615750
01615890
01616048
01616374
01616382
01616404
01616412
01616420
01616439
01616463
01616846
01617095
01617109
01617230
01617249
01617346
01617354
01617478
01617567
01617761
01618105
0161813X
01618202
01618431
01618938
01619152
01619268
01619284
0161956X
01620134
01620177
01620436
01620886
01621416
01621424
01621459
01621831
0162220X
01622439
01622870
01622889
01623095
01623109
01623192
01623257
01623532
01623737
01623885
01624075
01624105
01624962
01625748
01626434
01626566
01626620
01627155
01627546
01628178
01628771
01628828
01628941
0162895X
01629360
01629700
01629719
01629778
01630350
01630563
01630571
0163075X
01630784
01631047
01631322
01631829
01631918
01631942
01632116
01632396
01632787
01633767
01633864
01634089
01634275
01634356
01634372
01634380
01634429
01634437
01634445
01634453
01634984
01634992
01635069
01635158
01635182
01635565
01635581
01635808
01635840
01635964
01635980
01635999
01636006
01636383
01636545
0163660X
01636707
01636804
01637134
01637169
01637258
01637517
01637525
0163755X
0163769X
01637827
01637851
0163786X
01637878
01638343
0163853X
01638548
0163898X
01638998
01639005
01639234
01639269
01639358
01639366
01639374
01639625
01639633
01639641
01639803
01640178
01640275
01640291
01640305
01640313
01640364
01640399
01640402
01640534
01640704
01640755
01640925
01640933
01641212
01641239
01641263
01642006
01642022
01642057
0164212X
01642340
01642472
0164310X
0164324X
01644238
01644386
01645080
01645242
01647865
01647954
01648322
01648470
01649442
01650009
0165005X
01650106
01650114
01650157
01650173
01650203
0165022X
01650254
01650270
01650327
01650378
01650424
01650475
01650505
01650513
01650521
01650572
01650645
01650653
0165070X
01650750
01650777
01651110
01651153
01651161
01651188
01651218
01651250
01651269
01651404
01651587
01651633
01651684
01651757
01651765
01651781
01651838
01651889
01652125
01652176
01652281
0165232X
01652370
01652427
01652478
01652516
01652826
01653253
01653806
01654004
01654101
01654322
01654608
01654888
01654896
01655515
01655701
01655728
01655752
01655817
01655876
01656074
01656090
01656147
01657208
01657380
01657763
01657836
01657992
01658107
01659227
01659367
01659936
01660462
01660470
01660616
01660810
01660918
01660934
01661116
01661280
01661302
01662031
01662112
0166218X
01662236
01662635
01662740
01663097
01663542
01663615
01664115
01664328
0166445X
01664794
01664972
01665162
0166526X
01665294
01665316
01665324
01665766
01666010
01666622
01666851
01666991
01668595
01668641
01669834
01670115
01671618
01671731
0167188X
01671987
01672088
01672231
0167238X
01672436
01672487
01672533
01672584
01672681
01672738
01672789
01672878
01672894
01672991
01673157
01673785
01673831
01673858
0167403X
01674048
01674072
01674137
01674188
01674366
01674412
01674501
01674528
01674544
01674730
01674781
0167482X
01674838
01674870
01674889
01674943
01675060
01675087
01675117
01675133
01675249
01675265
01675273
01675419
01675427
0167563X
01675648
01675699
01675729
0167577X
01675788
01675826
01675877
01675923
01675931
0167594X
01676105
01676164
01676245
01676253
01676296
01676318
01676350
01676369
01676377
01676393
01676423
0167644X
01676555
01676636
01676687
01676695
01676768
01676784
01676806
01676830
01676857
01676865
01676881
01676903
01676911
01676989
01676997
01677012
01677055
01677063
01677152
01677187
01677306
01677314
01677322
01677373
0167739X
01677411
01677640
01677659
01677675
01677764
01677799
01677861
01677977
01678000
01678019
01678051
0167806X
01678094
01678116
01678140
01678191
01678299
01678329
01678396
01678442
01678493
01678507
01678655
01678760
01678809
01678817
01678892
01678922
0167899X
01679031
01679228
01679236
01679244
01679260
01679287
01679295
01679309
01679317
01679368
01679457
01679473
01679732
01679848
01679899
01679902
01679945
01680072
01680102
01681176
01681222
01681273
0168132X
01681591
01681605
01681656
01681699
01681702
01681753
01681923
01682024
01682075
01682563
01682601
0168275X
01683659
01685597
0168583X
01686054
01686178
01686240
01686275
01686291
01686445
0168647X
01686496
01686577
01687034
01687069
01687336
01687433
01687875
01687972
01688162
01688170
01688227
01688278
01688472
01688510
01688561
0168874X
01688774
01689002
01689274
0168938X
01689452
01689525
01689622
01689673
01689789
01689827
01689902
01689959
01690124
0169023X
01690965
01691015
01691112
01691163
0169121X
01691317
01691368
01691864
01692046
01692070
01692607
01692968
01693107
01693158
0169328X
01693298
0169345X
01693816
01693867
01693913
0169409X
01694146
01694197
01694243
01694286
01694294
01694332
01694758
01694839
01695002
01695150
01695185
01695347
0169555X
01695983
01696009
01696149
01696238
01696300
01696424
01696548
01696726
01697161
01697226
01697331
01697439
01697447
01697552
01697722
0169796X
01698028
01698095
01698125
01698141
0169815X
01698729
01698834
01698850
01698958
01699008
01699377
01699423
01699520
01699563
01699571
01699601
01699652
01699717
01699814
01699962
01700839
01701703
01701711
0170172X
01701789
01701991
01702041
01703331
01704060
01704214
01704818
01705334
01706012
01706233
01706241
01706977
01708287
01708406
01708643
01709364
0170950X
01709577
01709704
01709739
01709925
01710834
01711091
01711113
01711741
01711873
01712004
01712187
01712985
01714511
01714996
01715216
01715410
01715445
01715747
01715860
01716425
01716468
0171791X
01718096
01718177
01718630
01718649
01719335
0171967X
01719750
01720643
01721631
01721984
01722190
01723790
01724029
01724606
01724614
01724622
01725599
01725602
01726145
01726218
01726390
01726404
01727362
01727761
0172780X
01728083
01728113
01728172
01728865
0172908X
01729179
01730339
01730541
01730835
01731629
01731734
0173184X
01732129
01732315
01733338
01734911
01735322
01735373
01736973
01737597
01737600
0173783X
01737937
01738593
01739565
01739913
01739980
01740202
0174108X
01741098
01741551
01741578
0174173X
01741799
01741837
01742442
01742817
01743015
0174304X
01743082
01743384
01743597
01743635
01744542
01744747
01744879
01744895
01745980
01746189
01746979
01747371
0174738X
01747398
0174870X
01753851
01755315
01757571
0175758X
01757598
01757784
01758659
01759418
0176148X
01761617
01761625
01761714
01762265
01762680
01763679
01764101
01764225
01764268
01764276
01764772
01765035
01765175
01766287
01766724
01768638
01769243
01770438
01770667
01772309
01772392
01773348
01773593
01774182
01774204
01774832
01774875
01775103
01775146
01775154
01775227
01775537
01776150
01777726
01777955
01777963
01777971
0177798X
01779214
01779990
01780026
01782312
01782762
01782770
01782789
01782967
01783564
01784609
01784617
0178515X
01785354
01787667
01787675
01787683
01787888
01787896
01788051
01790358
0179051X
01791613
01791958
01793098
01793187
01795376
01795953
01796437
01797158
01798456
01799541
01799738
01799770
01799789
01805738
01809210
01810626
01810642
01811525
01811568
01811576
01811584
01811797
01811916
01814095
01815512
01819801
01820745
01823329
01824295
0182564X
01832980
01847678
01847783
01850121
01850148
01850164
01850172
01850458
01851012
01851063
01851101
01851276
01851667
01851918
01852108
0185254X
01852574
01852590
01852620
01852698
01852760
01853082
01853325
01853880
01854038
01854186
01854534
01854542
01855093
01856073
01860348
01861042
01862391
01864076
01864866
01865102
01865897
01867210
01870491
0187358X
01874519
01875337
01875779
01876236
01876562
01876961
01877151
01877380
01877550
01877585
01878298
01878336
0187893X
01882198
01882503
0188252X
01884409
01884611
01884999
01886649
01887009
01887653
01888145
01888218
01888897
01889532
01890565
01890913
0189160X
01892657
01896016
01896725
01900013
01900439
01900447
01900471
01900528
01900536
01900692
01901052
01901206
01901281
01901494
01901575
01902024
01902040
01902148
01902172
01902350
01902407
01902725
0190292X
01902946
01903187
01903659
01903918
01904094
01904167
01905279
0190535X
01905848
01906011
01906593
01907034
01907409
01908286
01908294
01909177
01909320
01909622
01910841
0191085X
01911783
01911813
01911961
01912216
01912542
01912607
01912615
01912771
0191278X
01912917
01913085
01913123
01913239
01913271
01913581
01913751
01913905
01913913
01914537
01914588
01914642
01914847
0191491X
01915096
0191538X
01915401
01915665
01915886
01916122
01916319
01916351
01916599
0191765X
01917811
01918141
0191815X
01918869
01918877
01919016
01919040
01919059
01919067
01919512
01919601
01919873
01920561
01920790
01920812
01921541
01921878
01922262
01922521
0192253X
01922882
0192303X
01923188
01923234
01924036
0192415X
01924311
0192432X
01924486
01924648
01924680
01924699
01924788
01924990
01925008
01925121
0192513X
01926179
01926187
01926225
01926233
01926365
01926802
01927051
01928562
01928651
01929720
01929755
01929763
01930818
01930826
01931091
01931105
01931849
01931857
01931903
01932306
01932527
01932683
01932691
0193306X
01933922
01933973
01934120
01934406
01934872
01934929
01935380
01935615
01935895
01935933
01936530
01936700
01937197
01937235
01937758
01937774
0193841X
01938576
0193936X
01939408
01939416
01939459
0193953X
01941453
01941720
01942468
01942514
0194259X
0194262X
01942638
01943243
01943960
01944363
0194472X
01945181
01945998
01946595
01947648
0194844X
0194911X
01950118
01950282
01950576
01950738
01952269
01952307
01953184
01953613
01953842
01953966
01954148
01954210
01954350
01955373
01955616
01956051
01956086
01956108
01956116
01956167
0195623X
01956310
01956574
01956663
01956671
0195668X
01956698
01956701
01956744
0195721X
01957449
01957643
01957732
01957775
01957910
01958402
01958631
01959085
01959131
01959255
01959271
0195928X
01959298
01959417
01959468
01959883
01960075
01960202
01960644
01960709
01961152
01961365
01961497
01961748
0196206X
01962094
01962892
01963228
0196335X
01963368
01963570
01963627
01963635
01963716
01963821
01964305
01964313
01964321
01964399
01964763
01964895
01964933
01965336
01966030
01966219
01966324
01966383
01966553
01966774
01967282
01968092
01968599
01968653
01968858
01968904
0196948X
01969617
01969722
01969781
01969846
01970070
01970186
01970216
01971360
01971522
01971662
01971689
01971859
01971905
01972243
01972456
01972510
01972618
01972766
01972782
01972839
01973118
01973150
01973355
01973533
01973681
01973762
01973851
01973975
01974254
01974327
01974483
01974513
0197453X
01974556
01974564
01974572
01974580
01975110
01975153
01975161
01975706
01975838
01975897
01976370
01976389
01976664
01976729
01976745
01976931
01977261
01977385
01977520
01978357
01978462
01979140
01979183
01979337
01979922
01979981
01980114
01980149
01980181
01980211
01980238
01986325
01987097
01987429
01987569
01987593
01988212
01988484
01988514
01988719
01988778
01988794
01988859
01989073
01989715
01990039
01990071
01991884
01993178
01994646
01994786
01995103
01995308
0199610X
01996231
01997343
01998595
01999680
01999885
02017083
02017296
02017563
02018462
02018470
02018489
02022532
02022893
02023776
02023822
02024977
02031272
02033119
02042061
02043327
02043467
02043556
02044021
02047209
02047543
02048043
02048809
02048906
02049155
02053292
02053640
02059592
02059606
02059614
02060477
02063735
02064952
02073528
0207401X
02080613
0208189X
02084147
02084228
02084589
02085089
02085216
02086425
02086573
02089068
0209164X
02091712
02094541
02099683
02100010
02100223
02100266
02100614
02100800
02101173
02101459
02101521
02101602
02101610
02101696
02101963
02102064
02102412
02102773
02102862
02103230
02103591
02103702
02103729
0210377X
02104466
02104547
02104806
02104822
02104857
02104911
02105020
02105187
02105233
02105462
02105691
02105705
0210573X
02105810
02105853
02105934
02106124
02106345
0210721X
02107309
02107570
02107716
02108054
02108178
02108348
0210847X
02108615
02108755
02108984
02109174
02109395
02109425
02109506
02109778
02109832
02111322
0211139X
02111608
02112159
02112175
02112299
02112337
02112558
02112574
02113465
02113473
02113481
02113503
02113538
02113589
0211402X
02115557
02115638
02115743
02115891
02116057
02116529
02116642
02116820
02116901
02116995
02118173
0211819X
02118343
02118483
02118572
02119536
0211979X
02119803
02120429
02120585
02121565
02121573
02121611
02121808
02121972
0212260X
02124068
02124408
02124521
02124688
02125056
02125862
02125919
02126109
02126389
02126567
02126583
02126982
02127113
02127199
02128241
02128292
02128799
02129426
02129701
02129728
02129744
02129787
0212999X
0213005X
02130181
02130599
02131145
02131285
02131315
02132028
02132052
02132060
02132079
02132230
02132338
02132370
02132397
02133474
02133563
02133717
02133865
02133911
02134101
02134381
02134497
02134691
02134748
02134853
02135868
02135949
02136163
02136686
0213683X
02136937
02137429
02137585
02137615
02138093
02138190
02138204
02138409
02138514
02138530
02138573
02138646
02139111
02139251
02139626
02139634
02140039
02140659
02140896
02140934
02141221
02141477
02141493
02141582
02141744
02142570
02142708
02143429
02144042
02144220
02144565
02144603
02144697
02144840
02144859
02145987
02146118
02146282
0214669X
02147378
0214753X
02147564
02147823
02147831
02148188
02148358
02148668
02148676
02148927
0214896X
02149141
02149168
02149745
02149915
02150492
02150883
02156334
0215773X
02161370
02169223
02171112
02171120
02172445
02174472
02174561
02175460
02175908
02175959
02177323
0217751X
02179520
02179687
02179792
02179822
02179849
02180006
02180014
02181266
02181274
02181444
02181940
02181959
02181967
02182009
02182025
02182130
02182165
02182173
02182718
02183013
02183048
02183390
0218348X
0218396X
02184540
02184885
02184923
02185180
02185377
02185385
02185393
0218625X
02186543
02188104
02188430
02188635
02188791
02189275
02189577
02189941
02190249
02190257
02190494
02190613
02190915
02191024
02191032
02191091
02191377
02191733
02191989
02191997
02192659
02193116
02194554
02194678
02194775
02194937
02194988
02195194
02195259
02195305
0219581X
02196220
02196336
02196352
02196492
02196867
02196913
02197200
02197472
02197499
02198436
02198762
02198770
02198878
02198916
02199769
02199874
02205610
02208482
02210363
02213796
02215004
02216280
02218747
02220776
02225069
02229617
02229838
02233711
02234335
02235102
02235234
02235404
02235706
02244365
02255189
02256363
02260174
02265788
02265923
02268043
02268787
02268841
02270129
02271907
02275503
02275910
02277576
02280671
02286203
02288699
0229480X
02295113
02312522
02313146
02313413
0231424X
0231441X
02314428
02314614
02314622
02315823
02315882
02315955
02316056
02316986
02317044
02317796
0231844X
02319004
02320274
02321300
02321513
02322064
02323869
02324393
0232704X
02327295
02327384
0232766X
02328461
02329298
0233111X
02331608
02331888
02331934
02332159
02334755
0233528X
02337525
02337657
02342758
02345730
02348241
02350106
02352990
02353474
02357119
02357186
02357208
02357216
02357224
02358026
02361493
02362945
02365278
02365286
02365294
02365383
02365391
02365731
02365758
02366290
02366495
02366568
02367130
02368722
0237028X
02376261
02377896
02380161
02381249
02392550
02394170
02397277
02397285
02397528
02398508
0240172X
0240642X
02408007
02408759
02408813
02408937
02411407
02416972
02421283
02421828
02423960
02425017
0242648X
02426498
02428962
02429462
02433354
02437651
0243766X
02437678
02446014
02455552
02455919
02457466
02458292
02459914
02460122
02460203
02460289
02460866
02460874
02461641
0247039X
0247106X
0247381X
02478390
02480018
02481294
02484900
02484951
02488663
02489430
02493136
02494744
02495627
02496208
02496216
02496291
02496402
02496429
02496739
02497026
02497395
02497581
02497638
02499185
02500167
02500213
02500868
02501554
02501589
02502836
02503220
02503298
02503301
02503751
02504162
02504375
02504642
02504693
02504707
0250474X
02504766
02504936
02504952
02504960
02505207
02505371
0250541X
02505525
02505983
02505991
02506335
0250636X
02506408
02506432
02506505
02506793
02506807
02506874
02506882
0250698X
02507005
02507161
02507196
02507803
02507870
02508052
02508060
02508079
02508095
02508281
0250832X
0250863X
02509555
02509776
02510790
02510952
02510960
02511088
0251110X
02511193
02511266
02511649
0251172X
02511789
02511878
02511894
02512432
02512513
02512920
02513420
02513625
02514184
02514710
02515342
02515350
02516365
02517329
0251737X
02517493
02520257
02521059
02521865
02521903
02521938
02523639
02527308
02528843
02529203
02529289
02529416
02529424
0252953X
02529564
02529599
02529602
02529769
02529939
02530465
02530716
02531097
02531151
02531453
02531801
02531933
02532123
02532239
0253231X
02532352
02532409
02532417
02532468
02532662
02532670
02532689
02532697
02532727
02532743
02532778
02532786
02532964
02533006
02533073
02533170
02533200
02533219
02533316
0253360X
02533650
0253374X
02533758
02533766
02533782
02533820
02533839
02533952
02533995
02534126
02534134
02534142
02534177
02534193
02534231
02534290
02534320
02534347
0253438X
02534517
02534754
02534827
02534886
02534967
0253505X
02535068
02535076
02535106
02535416
02535696
02535823
02535890
02536099
02536102
02536269
0253651X
02536730
02536803
02537141
02537176
02537184
02537214
02537222
02537494
02537508
02537613
02538253
02538318
02538768
02539268
0253939X
02539411
02539624
02539683
02539721
02539748
02539756
02539772
02539837
0253987X
02539950
02539985
02539993
02540029
02540037
02540096
02540150
02540223
02540533
02540584
02540770
02540819
02541106
02541416
02541637
02541769
02541858
02541971
02542307
02543052
02543087
02543591
02543737
02544059
02544121
02544156
02544164
02544326
02544407
02544679
02544962
02545020
0254508X
02545098
02545101
02545330
02545861
0254587X
02545934
02546051
02546086
02546094
02546272
02546299
02546310
02546450
02547600
02547805
02548356
02548372
02548704
02548712
0254881X
02548860
02549034
02549239
02549247
02549395
02549409
02549522
02549670
02549948
02550156
02550539
02550636
02550822
02550857
02550962
02552701
02552922
02552930
02553910
02555476
02556030
02556073
02556588
02556596
0255660X
02556952
02556960
02557053
02557193
02557614
02557975
02557983
02558106
02558270
02558297
02558637
02559005
02559609
02559625
0255965X
0255982X
02560046
02560054
02560100
02560909
02561115
02561514
02561530
02561654
02561751
02561859
02562499
02562804
02562855
02562928
0256307X
02563118
02564602
02564718
02564947
02565145
02565250
02565331
0256596X
02565986
02566869
02567008
02567040
02567660
02567679
02568543
02569507
02569574
02570130
02570254
02570505
02571862
02572117
02572389
02572753
02572761
0257277X
02572788
02573032
02573199
02573423
02573431
0257344X
02574306
02574411
0257442X
02574438
02575655
02575744
02576430
02576708
0257716X
02577305
02577615
02577712
02577747
02578050
02578131
02578700
02578972
02579669
02579731
02579774
02580136
02580144
02580322
02580330
0258042X
02580543
02580659
02580802
02580926
02580934
02581221
02581248
02581825
02582236
02582244
02582279
02582384
02582473
02582589
02582724
02583127
02583186
02583690
0258414X
02584913
02585200
02585316
02585898
02585979
02586428
02586770
02586940
02587025
02587076
02587106
02587203
02587661
0258798X
02588013
02588021
02588102
02588331
02588404
0258851X
0258879X
02588900
02589001
02589184
02589346
02589710
02591278
0259210X
02592282
02592312
0259238X
02594323
02596334
02596563
02597454
02598434
02598582
02599147
02599422
02599791
02601060
02601079
02601087
02601230
02601362
02601370
02601818
02601826
02602105
02602288
02602814
02602938
02603055
02603594
02603799
02604027
0260437X
02604450
02604639
02604779
02605317
02605805
0260647X
02606518
02606755
02606917
02607417
02607476
02607840
02608235
02608774
02609541
02609827
02610159
02610183
02610345
02611279
02611430
02611813
02611929
02612097
02612194
02612429
02613050
02613131
02613166
02613182
02613794
02613875
02614189
02614286
02614294
02614340
02614367
02614448
0261510X
02615177
02615479
02615606
02615614
02617277
02618028
02619180
0261927X
02619288
02619768
02619873
02619881
0261989X
02619946
02619997
02620898
02621711
02621746
02621762
02622750
0262401X
02624079
02624230
02624761
02624893
02625075
02625091
02625245
02625253
0262642X
02626667
02627280
02627817
02628104
0262821X
02628546
02628759
02628767
02628856
02629909
02630060
02630257
02630338
02630346
0263080X
02630923
02631008
02631474
02631776
02632136
02632241
02632373
02632764
02632772
0263323X
02633264
02633957
02634112
02634171
0263435X
02634368
02634465
02634503
02634546
02634929
02634937
02635046
02635143
02635577
02635747
02635933
02636050
02636131
02636174
02636352
02636476
02636484
02636751
02637103
02637138
02637146
02637189
02637472
0263774X
02637758
02637855
02637863
0263788X
02637960
02638223
02638231
02638290
0263841X
02638495
02638762
02639319
02639327
02639513
02639769
02639904
02640236
02640325
02640414
02640473
02640821
02641275
02641615
02642069
02642506
02642697
02642751
02642824
02642875
02643294
02643413
02643421
02643707
02643758
02643774
02643944
0264410X
02644401
02644835
02644924
02645033
0264522X
02645491
02645505
02646021
02646196
02646811
0264682X
02646838
0264715X
02647494
02648172
02648334
02648377
02648709
02648725
02649160
02649187
02649373
02649381
02649993
02650193
02650215
02650487
02650517
02650525
02650533
02650568
02650584
02650665
02650673
02650746
02650754
02650762
0265086X
02650916
02651068
02651335
02651351
02651440
02651602
02651904
0265203X
02652048
02652323
02652897
02653036
02653656
02653788
02653818
02654075
0265430X
02654490
02655004
02655012
02655322
0265539X
02655527
02655640
0265637X
02656582
02656590
02656647
0265671X
02656736
02656868
02656914
02656973
02657651
02658135
02658240
02658305
02659247
0265928X
0265931X
02659646
02659883
02659999
02660032
02660784
02660830
02660970
02661055
02661144
02661330
02662078
02662426
02662671
02663082
02663244
0266349X
0266352X
02663538
02663554
02663821
02663880
02664151
02664348
02664356
0266447X
02664623
0266464X
02664658
02664666
02664674
02664720
02664763
02664909
02665433
02665611
02666030
0266612X
02666138
02666154
02666286
02666480
02666502
02666669
0266688X
02666979
02667061
02667177
02667185
02667215
02667320
02667363
02667606
02667681
02668130
02668254
02668394
02668645
02668734
02668920
0266903X
02669315
02669536
0266982X
02669838
0266996X
02670836
02670844
02671034
02671085
02671379
02671522
02671611
02671689
02671700
02671905
02672073
0267257X
02673037
02673231
02673649
02673762
02673843
02673932
02674424
02674440
02674653
02674823
02674874
02675315
02675331
02675730
02675900
02676192
02676583
02676591
02676605
02676834
02677261
02677768
02677806
02678179
0267825X
02678292
02678357
02678373
02679264
02679337
02679477
02679914
02680033
0268005X
02680130
02680165
02680513
02680556
02680688
02680882
02680890
02680939
02681064
02681072
02681080
02681099
02681102
02681110
02681145
02681153
02681161
0268117X
02681218
02681242
02681307
02681315
02681900
02682141
02682575
02682605
02682621
02682966
02683091
02683369
02683555
02683679
02683768
02683946
02683962
02684012
02684055
02684160
02684225
02684373
02684527
02684535
02684705
02684764
0268540X
02685809
0268652X
02686902
02686961
02687038
02687615
02688697
02688867
02688921
02689146
02689235
02689499
0268960X
02690004
02690055
02690136
02690403
02690942
02690977
02691191
02691205
02691213
02691728
02692139
02692155
02692163
02692171
02692333
0269249X
02692813
02692821
0269283X
02693097
02693798
02693879
02694042
02694727
02695022
02697459
02697475
02697483
02697491
02697580
02697653
02698463
02698552
02698579
02698595
02698803
02698811
02698889
02698897
02698951
02699052
02699079
0269915X
02699206
02699222
02699370
02699648
02699702
02699931
0269994X
02700255
02700611
02701170
02701197
02701367
02701456
0270188X
02701928
02701952
02701960
02702010
02702592
02702622
02702711
02702932
02703009
02703092
02703106
02703114
02703149
02703173
02703181
0270319X
02703211
02703661
02704013
02704021
02704056
02704137
02704145
02704676
02704684
02705060
02705117
02705176
02705214
02705230
02705257
02705346
02705664
02706210
02706377
02706474
02706504
02706636
02706679
02707306
02707314
02707780
02707837
02707993
02708019
0270854X
02709139
02709295
02710137
02710315
02710633
02710749
02711109
02711206
02711214
02711575
02711842
02712075
02712091
02712253
02713519
02713586
02713683
02714043
02714132
02714159
02714310
02715198
02715309
02715317
02715333
02715384
02715392
02716585
02716607
0271678X
02716798
02717123
02718057
02718235
02718294
02718529
02719142
02719274
02719959
02720590
02720701
02720965
02721635
02721716
02721724
02721732
02722011
02722380
02722631
02722690
02722712
02723425
02723433
02723638
02723646
02723840
02723921
02724316
02724324
02724332
02724340
02724391
0272457X
02724634
02724685
02724693
02724715
02724936
02724944
02724960
02724979
02724987
02724995
02725231
02725266
02725428
02725533
02725673
02726122
02726343
02726351
02726386
0272684X
02726963
0272720X
02727358
02727587
02727714
02727749
02727757
02727838
02728087
02728397
0272846X
0272880X
02728842
02729172
0272930X
02729490
02729504
02729571
02729601
0272989X
02730340
02730979
02731045
02731177
02731223
02731371
02731959
02732173
02732238
02732289
02732297
02732300
02733072
02733250
02733463
02734117
02734508
02734559
02734753
02735024
02736608
02738139
02738457
02738481
02738570
02739550
02739615
02739976
0274497X
02744996
02745429
0274631X
0274726X
02747529
0274774X
02748096
02749696
0275004X
02750279
02750287
02750392
02750473
02750708
02750740
02750899
02751062
02751100
02751275
02751380
02751429
02751607
02751879
02752220
02752255
02752565
0275262X
02753723
02754622
02754959
02755319
02755408
02755416
02755505
02755823
02755947
02756196
02756323
02756331
02756382
02756668
02757206
02757257
02757540
02757664
02758555
02758687
0275911X
02759128
02759306
02759632
02760460
02761114
02761173
02761459
02761467
02761599
02762080
02762374
02762412
02762854
02763478
02763605
02763869
02763877
02763893
02763915
02764652
02764741
02765047
02765055
02765071
02765284
02765497
02765608
02765624
02765683
02766574
02767333
02767783
02768291
02768739
02768976
02769948
02770008
02770180
0277027X
02770326
02770865
02770903
02770938
02771128
02771322
02771691
02771926
02772027
02772116
02772248
02772426
02772833
02772973
0277318X
02773627
02773635
02773732
02773740
02773791
02773813
02773945
02774208
02774216
02774275
02774488
02775212
02775379
02775387
02775395
02775786
02775921
02776243
0277626X
02776693
02776715
02776766
02777010
02777037
02777126
02777576
02777746
02777851
0277786X
02778033
02778068
02778238
02778270
02778459
02779269
02779366
02779374
02779382
02779390
02779536
02779730
02780046
02780054
02780062
02780070
02780097
0278016X
02780232
02780240
02780372
02780380
02780720
02780771
0278081X
0278095X
02780984
02781204
0278145X
02781662
02781727
02781980
02782316
02782391
02782626
02782634
02782677
02782715
02782723
02783193
02783479
02783649
02784017
02784092
02784165
02784254
02784297
02784319
02784327
02784343
02784416
02784491
02784513
02784807
02784831
02785226
02785234
02785846
02785919
02785927
02785994
02786117
02786125
02786133
02786222
02786273
02786281
02786419
02786648
02786656
02786826
02786915
02787261
02787393
02787407
0278839X
0278940X
02789434
02789523
02789647
02789671
02790750
02791072
02793091
02793466
02793547
02793695
02794799
02794802
02795442
02795957
02796015
02797720
02797976
02799529
02802791
02804123
02806495
02806509
02810662
02810999
02811847
02813432
02815737
02817527
02820080
0282423X
02827581
02832631
02839318
02840448
02841851
0284186X
02844311
02845717
02846020
02850362
02852314
02853175
02854821
02855313
02856042
0285726X
02859831
02864215
02870517
02870592
02874547
02875330
02876256
02878429
02881012
02882043
02883635
02884534
02884771
02885867
02890003
02890011
02890771
02892316
02892863
02895447
02896001
02896214
02896540
02897024
02898020
02898055
02898063
02911981
02920107
02930757
02939274
02939908
02940337
0294037X
02940736
02941260
02941414
02941449
02941759
02941805
02943506
02952319
02955075
02962918
02963981
02971194
02972964
02978148
02983850
02986027
02986663
02997258
02999781
03000508
03000605
03000621
03000664
03000729
03000818
03000877
03000885
03000893
03001156
03001237
03001318
03001350
0300158X
03001652
0300175X
0300211X
03002896
03002977
0300306X
03003256
03003396
0300340X
03003418
03003604
03003930
03004015
03004112
0300418X
03004279
03004414
03004430
03004554
0300483X
03004864
03004910
03004953
03005038
03005062
03005089
03005127
03005143
03005178
03005186
03005208
03005224
03005267
03005275
03005283
03005364
03005402
03005410
03005526
03005577
03005623
03005704
03005712
03005771
0300581X
03005860
03005925
0300595X
0300693X
03007162
03007766
03007839
03007995
03008037
03008045
0300807X
03008126
03008134
03008142
03008169
03008177
03008207
03008347
03008428
03008495
03008533
03008584
03008592
03008622
03008630
03008649
03008665
03008673
0300869X
03008703
0300872X
03008738
03008789
03008827
03008835
03008843
03008878
03008886
03008894
03008916
03008924
03008932
03008967
03008991
03009009
03009017
03009033
03009041
03009084
03009092
03009106
03009130
03009149
03009157
03009165
03009173
03009254
0300936X
03009416
03009432
03009440
03009467
03009475
03009483
03009491
03009513
0300953X
03009564
03009572
03009599
03009610
03009629
03009637
03009653
03009661
0300967X
03009688
03009696
0300970X
03009718
03009726
03009734
03009742
03009750
03009777
03009785
03009815
03009831
03009858
03009874
03009920
03009998
03010015
03010023
03010066
03010074
03010082
03010104
03010147
03010163
03010171
03010236
03010244
03010279
03010406
03010422
03010430
03010449
03010457
03010473
03010481
03010503
03010511
03010538
03010546
03010597
03010651
03010813
03010821
03010902
03011119
03011208
0301150X
03011518
03011526
03011534
03011542
03011569
03011585
03011607
03011623
0301164X
03011658
03011798
03011860
03012115
03012204
03012212
03012255
0301228X
03012298
03012514
03012603
03012662
03012859
03013006
03013073
03013081
03013243
03013294
0301357X
03013685
03013693
03013847
03013944
03014193
03014207
03014215
03014223
03014428
03014460
03014533
03014541
03014622
03014681
03014711
0301472X
03014738
03014770
03014797
03014800
03014851
0301486X
03014894
03015017
03015092
03015149
03015157
03015246
03015249
0301536X
03015491
03015521
03015548
03015556
03015564
03015629
03015645
03015661
03015696
03015912
0301620X
03016226
03016307
03016323
0301634X
03016757
0301679X
03016811
03016943
0301696X
03017028
03017036
03017249
03017257
03017303
03017311
0301732X
03017362
03017516
03017605
03017664
03017826
03018121
03018202
03018636
03019233
03019268
03019322
03020029
03020665
0302072X
03020738
03020797
03020800
03021475
03021688
0302184X
03022129
03022137
03022404
03022471
03022528
0302265X
03022773
03022781
03022803
0302282X
03022838
03022927
03022935
03022994
03023052
03023427
03023524
03024342
03024350
03024369
03024377
03024466
03024598
03024717
03024725
03025144
03025160
03025268
03026469
0302671X
03027430
03027600
0302766X
03028291
03028585
03028933
03028984
03029263
03029530
03029743
03029824
03031179
03031268
03031829
03031853
03031896
03032264
0303240X
03032434
03032647
03033910
03033929
0303402X
03034135
03034178
03034194
03034208
03034216
03034240
03034259
03034305
03034461
03034534
03034569
0303464X
03035212
03035247
03035476
03036200
03036251
03036286
03036456
03036464
03036480
0303657X
03036758
03036812
03036847
03036898
03036936
03036960
03036979
03036987
03036995
03037193
03037207
03037339
03037495
03037762
03037800
03037908
0303805X
03038157
03038173
03038181
03038246
03038300
03038408
03038416
03038432
03038467
03038874
03039021
03039692
03039935
03040003
03040208
0304095X
03041042
03041131
0304128X
03041328
0304226X
03042294
03042421
03042693
03042758
03042847
0304324X
03043479
03043487
03043568
03043622
03043746
03043754
03043762
03043770
03043797
03043800
03043835
03043843
0304386X
03043878
03043886
03043894
03043908
03043924
03043932
03043940
03043959
03043967
03043975
03043991
03044009
03044017
0304405X
03044068
03044076
03044092
03044130
03044149
03044157
03044165
03044173
03044181
0304419X
03044203
03044211
0304422X
03044238
03044246
03044289
03044513
03044564
03044602
03044629
03044750
03044815
03044858
03044904
03044920
03045013
03045102
03045242
03045250
03045412
03045609
03048608
03048616
03048799
03048853
03049523
03049558
03049566
0304985X
03049876
03049914
03049930
03050009
03050041
03050068
03050270
03050483
03050491
03050548
03050629
03050718
03050920
03051048
03051315
03051498
03051811
0305182X
03051838
03051846
03051862
03051870
03051978
03052109
0305215X
03052222
03053091
03054179
03054403
03054470
03054608
03054616
03054624
03054829
03054985
03055000
03055477
03055698
03055728
03055736
03055914
03056120
03056139
03056244
03056252
03056651
03057070
03057097
03057232
03057240
03057267
03057356
03057364
03057372
03057399
03057410
03057453
03057488
0305750X
03057518
03057526
03057631
0305764X
03057879
03057925
03058018
03058034
03058107
03058190
03058298
03058336
03058719
0305876X
03058913
03059006
03059049
03059332
03059421
03059804
03059979
03060012
03060209
03060225
03060233
0306039X
0306042X
03060632
03060713
03060845
03060985
03061078
03061353
03061396
0306168X
03061973
03062465
0306252X
03062619
03062848
03062856
03063070
03063127
0306333X
03063356
03063453
03063534
03063623
03063631
03063674
03063704
03063747
0306395X
03063968
0306400X
03064069
03064190
03064220
03064379
03064492
03064522
03064530
03064549
03064565
03064573
03064581
03064603
03065073
03065251
0306526X
03065278
03065456
0306610X
03066150
0306624X
03066444
03066452
03066479
03066746
03066800
0306686X
03067297
03067319
03067734
03067874
03068293
03068374
03068471
03068854
03068919
03069192
03069400
03069443
03069532
03069575
03069699
03069877
03069885
03069931
03070131
03070492
03070565
03071022
03071367
03071375
03071693
0307174X
03071847
03071871
03072363
03073378
03074358
03074412
03074463
03074749
03074803
03074870
03075079
03075133
03075400
03075451
03075494
03075508
03075966
03076164
03076490
0307661X
03076792
03076857
0307692X
03076938
03076946
03076962
03076970
03077357
0307742X
03077683
03077772
03077896
03077942
03077950
03078353
03078361
03078698
03078833
03079007
03079023
0307904X
03079414
03079422
03079457
03080110
03080161
03080188
03080226
03080234
03080242
03080501
03080838
03081060
03081079
03081087
03081346
03082105
03082164
03082245
03082261
03082342
0308275X
03083039
03083098
03083616
03084086
03084205
03084329
0308437X
03084590
03084922
03085147
0308518X
0308521X
03085422
03085694
03085759
03085864
03085953
03085961
0308597X
03086356
03086534
03086593
03086631
03086917
03086968
03086976
03087298
03087654
03088146
03088197
03088421
03088448
03088839
03088855
0308888X
03089126
03089142
03089541
03090167
03090566
03090590
03090728
03090892
03091317
03091325
03091333
03091635
03091651
0309166X
03091708
03091740
03091902
03091929
03092402
03092445
03092984
03093018
0309314X
03093247
03093646
03093891
03093913
03094189
03094227
03094561
03095207
0309524X
0309586X
03095991
03096300
03096564
03096858
03096866
03097501
03097846
03098168
03098230
03098249
03098265
0309877X
03100049
03100367
0310057X
03101266
0310138X
03104303
03106810
03107833
03107841
03109089
03109682
0311306X
03113248
03115518
03116999
03118002
03118223
0311905X
03122417
03123685
0312407X
03125033
03125211
03125963
0312794X
03128008
0312875X
03128962
0312956X
03129608
03129764
03130096
03133311
03134555
03135373
03135926
03135934
03136221
03136647
03136922
03137155
03137384
03140024
03146154
03147533
0314769X
03149021
03150836
03150860
03150941
03151468
0315162X
03152022
03152081
03153681
03154149
03155986
03157997
03158934
03158977
03159981
03160300
03161218
03164004
0316411X
03164403
03165957
03166732
03170209
03170802
03170861
03170926
03171671
0317168X
03174301
03174476
03174956
03175065
03176282
03177173
03177645
0317882X
03181006
03186431
03186954
03189201
03190110
0319051X
03194434
0319485X
03195724
03195759
03197336
03202941
03207102
03207919
03208079
03208168
03209180
03209725
03210391
03212165
03213900
03214095
03214265
03215040
0322788X
03229688
03230465
0323052X
03230937
03231046
03231119
03231267
03231844
03233243
03233790
03233847
03234045
03234096
03234142
03234207
03234320
03234347
03234398
03234932
03234983
03235408
03235580
03236056
03236145
03237648
03237982
03239179
03239357
03239950
03240770
03240894
03240924
03240959
03241300
03241653
03241718
03241750
03244229
03244652
03245853
03246000
03246051
03246329
0324721X
03248267
03248313
0324833X
03248461
03248534
03248542
03248569
03248763
03248828
03249344
03249395
03249441
03249492
0324962X
03249670
03249794
03249875
03250075
03250938
03251713
0325187X
03252787
03252957
03254569
03256197
03257541
03258203
03258718
03261301
03262383
03262774
03263142
03263169
03263428
03264610
03264815
0326646X
03266656
03267237
03267458
03267911
03270289
03270793
03272745
0327358X
03275019
03275094
03275159
03275477
03276139
03276244
03276309
03276716
03279383
03279545
03281159
03281205
03283445
03292177
03292665
03293807
03298213
03320758
03321029
03321460
03321592
03321649
03321851
0332205X
0332270X
03323102
03323315
03324893
03325334
0332544X
03325865
03327353
0332768X
03327698
03327701
03331024
03335275
03335372
03337308
03340082
03340139
0334018X
03341402
03341534
03341763
0334181X
03341860
03342123
03342190
03342700
03343804
03344355
03344509
03345114
03345807
03346005
03346447
03346455
0334701X
03347575
03348938
03349152
03350800
03354997
03355322
03355985
03355993
03357368
03357457
03359581
03361454
03369994
03370208
0337307X
03373126
03380599
03381684
03384535
03384551
0338487X
03389898
0339722X
03400026
03400131
03400174
03400204
03400239
03400336
03400352
03400425
03400727
0340076X
03400794
03400824
03400964
03401022
03401057
03401162
03401200
03401227
03401588
03401766
03401782
03401804
03401855
03401952
03402061
03402096
03402118
03402371
0340241X
03402541
0340255X
03402592
03402649
0340269X
03402827
0340305X
03403130
03403157
03403343
03403521
03403572
03403696
03403793
0340384X
03403920
0340398X
03404099
03404161
03404285
0340434X
03404404
03404528
03404560
03404684
03404803
03404811
03404927
03405095
03405222
0340529X
03405338
03405354
03405370
03405443
03405613
03405664
03405672
03405702
03405761
03406075
0340613X
03406199
03406245
03406253
03406717
03406725
03406997
03407004
03407047
03407330
03407403
03407462
03407594
03407845
03407896
03407969
03408159
0340837X
03408671
03408728
03408744
0340904X
03409341
03409422
03409937
03409961
03410129
03410137
03410196
03410382
03410390
03410471
03410501
0341051X
03410552
03410773
03410781
0341101X
03411052
03411362
03411966
03412040
03412059
03412350
03412660
03412679
03412687
03412695
03412717
03412903
03413055
03413063
03413098
03413934
03414116
03414248
03415589
03415694
03415775
03416593
03417255
03417638
03418162
03418391
03418537
03418642
03418677
03419142
03419290
03419312
03420477
0342068X
03421147
03421201
03421279
03421287
03421295
03421422
03421430
03421791
0342183X
0342202X
03422046
03422062
03422372
03422380
03422747
03422836
03423026
03424111
03424642
03425231
03425282
03425622
03427188
03427196
0342734X
03427498
03427536
03427978
03428427
03429601
03430758
03432432
03432521
03433137
0343334X
03433579
0343379X
03435539
03436098
03436993
0343706X
03437256
03437329
03438554
03438651
03440338
03441369
03443094
03444325
03444880
03445062
03445607
03445704
03445925
03446360
03446948
03447138
03447618
03448169
03448444
03448657
03449327
03449416
03452328
0345469X
03454770
03455564
03461238
0346251X
03462722
03466612
03466787
03466868
03468577
03468720
03468755
03468976
03469395
03470504
03470520
03470911
0347772X
03478998
03479595
03479609
03479994
03481646
03485196
03486672
03489698
03496287
0349652X
03500063
03500136
03500241
03500608
03501221
03501302
03501361
0350154X
0350199X
03502058
03502112
03502309
03502465
03503186
03503437
03503593
0350364X
03503895
03505596
03505774
03506134
03506614
03506886
03506894
03507149
03507165
03507599
03507823
0350820X
03509559
03510026
03510042
03510093
03510271
03511189
03511642
03511693
03511731
03511871
03511944
0351224X
03512851
03512908
03513254
03513386
03513564
03513947
03514706
03515796
0351580X
03516083
03519767
03520447
0352082X
03521206
03523101
03523160
03523551
03523608
03523659
03523861
03524000
03525007
03525139
03525252
03525406
03525503
03525562
0352664X
03527565
03527875
03529045
03529568
03529630
03530329
03531392
0353295X
03534316
03534510
03534529
03534642
03534790
03535053
03535150
03535320
03535738
03536483
03536777
0353765X
03538109
03538281
03538842
03538893
03539296
03539466
03539474
03539504
03540243
03540286
03540316
03540448
03540596
03542025
03542440
03543447
03544265
03544664
03545180
03546497
03547310
03548724
03548996
0354950X
03549836
03551253
03551407
03551628
03551725
03551776
03552705
03552721
03553140
03553930
03554651
03559521
03559874
03561437
03563456
03566528
03567133
03568172
03575632
03579387
03585522
03600025
03600300
03600335
03600343
03600564
03600572
0360120X
03601218
03601226
03601234
03601242
03601269
03601277
03601285
03601293
03601315
03601323
03601358
0360151X
03601676
03601684
03601846
03602133
03602141
03602206
03602370
03602451
03602532
03602540
03602559
03603016
03603164
03603199
03603695
03603709
03603989
03603997
03604004
03604012
03604039
03604217
03604918
03604969
03605043
03605280
03605302
03605310
03605361
03605442
03605949
03606325
03606384
03607011
03607275
03607283
03607615
0360814X
03608298
03608352
03608581
0360859X
03608867
03608905
03608913
03608999
03609049
03609081
03609294
03609669
03609936
03609960
03610128
03610160
03610209
03610365
03610470
0361073X
03610853
0361090X
03610918
03610926
03611000
03611124
03611213
03611434
03611817
03611981
03612112
03612163
03612317
03613070
03613496
03613658
03613666
03613674
03613682
03614050
03614085
03614336
03614395
03614409
03614441
03614476
03614719
0361476X
03615162
03615219
03615235
0361526X
03615413
03615952
03615960
03615987
03615995
03616274
03616428
03616525
03616843
03616851
03616878
03616967
03617610
03617688
03617734
03617742
03617882
0361803X
03618609
03618765
03618773
03619230
0361929X
03619621
03620034
0362028X
03620565
03620972
03621197
03621332
03621340
03621529
03621537
03621588
03621596
03621626
03621642
03621677
03621693
03622428
03622436
03622479
03622525
03623300
03623319
03623416
03623505
03624021
03624064
03624331
03624803
03625028
03625060
0362546X
03625478
03625486
03625664
03625915
03626784
0362773X
03628558
03628892
03629805
03630129
03630153
03630188
0363020X
03630234
03630242
03630269
03630277
03630307
03630404
03630471
03630803
03630951
03631605
03631672
03631907
03631990
03632415
03632792
03633268
03633586
03633624
03634523
03634655
0363468X
03635023
03635465
03635872
03636003
0363602X
03636100
03636119
03636127
03636135
03636143
03636399
03636445
03636550
03636771
03636836
03636941
0363700X
03637425
03637751
03637913
03638057
03638111
03638235
03638669
03638715
03638855
0363891X
03639045
03639061
0363907X
03639568
03639762
03640094
03640213
03640396
0364152X
0364216X
03642313
03642321
03642348
03642356
03642755
03642771
03643107
03643190
03643387
03644030
03644308
03645134
03645916
03646017
03646408
03646807
0364765X
03647722
03648117
03649024
03649059
03649229
03649857
03649873
03649962
03650138
03650340
03650359
03650375
03650588
03650596
03650618
03650634
03650642
03650677
03650723
03650766
03650812
03650820
03650863
03650979
03651045
0365110X
03651398
03651487
0365169X
03651789
03652157
03652203
03652556
03652610
0365267X
03652807
03653056
03653129
03653285
03653307
03653439
0365351X
03653609
0365365X
03653668
03653773
03654117
03654125
03654184
03654362
03654540
0365463X
03654680
03654842
03654877
03654907
03654958
03655067
03655237
03655423
03655490
03655547
03655555
03655563
0365558X
03655598
03655660
03655679
03655822
03655954
03656217
03656233
03656403
03656527
03656691
03657000
03657051
03657140
03657183
03657302
03657426
03657450
03657515
03657531
03657574
03657604
03657612
03657655
03658066
03658341
03658414
03659402
03659496
03659615
03659631
03660176
03660443
03660613
03660680
03660753
0366077X
03660796
03660826
03660842
03660869
03660966
03661326
03661334
03661369
03661644
03661695
03662128
03662136
03662446
0366256X
03662845
03663140
03663159
03663175
03663272
03663485
0366368X
03664589
0366483X
03664872
03665232
03666352
0366662X
03666913
03666999
03667022
03667170
0366743X
0366757X
03668576
03668681
03668746
0366886X
03668886
03668940
03669092
03669270
03669297
03669378
03670023
03670031
0367004X
03670228
03670244
03670449
03670503
03670643
03670716
03671003
03671038
03671216
03671305
03671402
03671488
03672204
03672239
03672530
03673014
03673189
0367326X
03673294
03673480
03673952
03674223
03674231
03674274
03674355
03674541
03674622
03674762
03674800
03675041
03675149
03675211
0367522X
03675289
03675335
03675505
03675513
03675653
0367567X
03675793
03675947
0367598X
03676102
03676110
03676234
03676293
03676382
03676722
03676765
0367682X
03676870
03677508
03677524
03677850
03678245
03678253
0367827X
03678318
03678326
03678369
03678377
03678393
03679012
03679020
0367973X
03679950
03679977
03679993
03680150
03680762
03680789
03680797
03681319
03681408
03681416
03681459
03681556
03681645
03681653
03681742
03681947
03682048
03682242
03682315
03682595
03682781
03682811
03682897
03682927
03682986
03683001
03683095
03683109
03683141
0368315X
03683206
03683230
03683249
03683265
03683281
03683397
03683494
0368394X
03683966
03683974
03684229
03684466
03684482
03684504
03684636
03684679
0368492X
03685152
03685276
03685306
03685977
03686345
03686450
03686590
03686698
03687066
03687147
03687260
03687546
03688291
03689204
03689220
03689255
03689271
0368931X
0368945X
03689638
03689719
03690261
03690288
03690458
03690504
03691519
03691632
03692086
03692698
03693775
03694232
03694305
03694577
03694739
03695417
03695700
03695808
0369643X
03697428
03697592
03697606
03697827
03697843
03698076
03698114
03698203
03698211
03698300
03698394
03698963
03699420
03699463
03699471
03699579
03700046
03700089
03700267
03700291
03700380
03700461
0370047X
03700747
03700836
03700844
03700887
03700968
03701069
03701565
03701573
03701778
03701786
03701859
03701956
03701972
03702693
03702901
03702952
03702979
03703657
0370372X
03703770
03703843
03703908
03704106
03704173
03704327
03704343
03704386
03704467
03704475
03704602
03704661
03704688
03704726
03704793
03705463
03705579
03705609
03705633
03705781
03705811
03705943
03705986
03705994
03706249
0370629X
03706303
03706346
03706354
03706494
03706583
03706591
0370663X
03706699
03707334
03707377
03708179
03708373
0370839X
03708462
03708527
03708721
03709833
03710025
03710319
03710394
03710459
03710580
03710874
03711854
03711951
03712222
03713520
03713822
0371411X
03714217
0371487X
03714985
03715167
03715205
0371683X
03717208
03717364
03717453
0371750X
03717682
03717836
03717844
03719553
03720187
0372042X
03721426
03722112
03722430
03722449
03722929
0372333X
03724646
03725480
03725715
03726312
03727025
03727092
03727718
03727726
03728005
03728110
0372820X
03728447
0372851X
03728552
03728587
03728609
03728722
03728854
03729001
0372901X
03729052
03729192
03729311
03729389
03729419
03729516
03730050
03730069
03730174
0373031X
03730468
03730751
03730956
03731243
03731332
03731928
03731995
03732029
03732266
03732444
03732460
03732568
03732630
03732746
03732967
03732975
03733114
03733149
0373322X
03733297
03733505
03733629
03734137
03734331
03734447
03734498
03734633
03735222
03735346
03735478
03735680
03735729
0373580X
03735834
03735893
03736032
03736075
03736237
03736245
0373658X
03736601
03736687
03736873
03737160
03737187
03738493
03738868
03739031
03739627
03740056
03740463
03740676
03741001
03741036
03741052
03741338
03741842
03742393
03743012
03743225
03743527
03743535
0374356X
03743926
03744353
03744884
03744914
03744965
03745155
03745198
03745600
03746291
0374633X
03746429
03746534
03746577
03746852
03747190
03747344
0374793X
03748014
03748405
03748545
03749096
03749118
03749320
03749444
03750183
03750299
03750418
03750434
03750442
03750760
03750906
03750922
03751325
03751368
03751562
03751589
03753050
03754774
03755320
03755355
03755444
03755975
03756505
03756742
03757471
03757536
03757587
03757633
03757854
03757935
03758311
03758338
03758397
03758427
03758443
03758540
0375877X
03759172
03759237
03759245
0375930X
03759393
03759458
03759474
03759601
03759660
03759687
0375975X
03760081
03760162
03760189
03760200
03760227
03760243
03760308
03760367
03760421
03760901
03761207
03761630
03762122
03762491
03764265
03764494
03764583
03764699
03764710
03764761
03764796
03764818
03765075
03766160
03766349
03766357
03766411
03766748
03766756
0376723X
03767361
03767388
03767418
03767442
03767833
03767892
03768163
0376835X
03768716
03768929
03769429
03769836
0377015X
03770257
03770265
03770273
03770427
03770478
03770486
03770516
03771202
03771237
03772063
03772071
03772217
03772497
03772802
03772969
03773205
03774732
03774929
0377497X
03774988
03775003
03775011
0377502X
03775038
03775291
03777332
03777480
03777537
03777871
03777936
03778177
03778231
03778282
03778398
03778401
0377841X
03778436
03778711
03779017
0377919X
03779238
03779254
03779343
03779459
03779688
03779750
03779777
0378004X
03780392
03780600
03780619
03780791
03781097
03781100
03781119
03781127
03781135
03781186
03781844
03781909
03782166
03782255
03782506
03782697
03782735
03782778
0378309X
03783758
03783774
03783782
03783804
03783812
03783820
03783839
03784169
03784177
03784266
03784274
03784290
03784320
03784339
03784347
03784363
03784371
03784487
03784738
03784754
03784835
03785122
03785149
03785173
0378519X
0378584X
03785858
03785866
03785920
03785955
03785963
0378603X
03786080
03786196
0378620X
03786323
03786358
03786471
03786501
03787206
03787346
03787354
03787753
0378777X
03787788
03787796
03787818
03787931
03787966
03788482
03788504
03788512
03788660
03788679
03788733
03788741
03788776
03789497
03789500
03789519
03789837
03789845
03789993
03790355
03790363
03790738
03790797
0379153X
03791629
03793664
03793893
03794024
03794172
03794229
03794350
03794369
03794857
03795128
03795136
03795284
03795292
03795462
03795721
0379606X
03796175
03796205
03796531
03796566
03796779
03796787
03797112
03797678
03797724
03797864
03798046
03798070
03798305
03798402
03798577
0379864X
03798682
03799069
03799514
03800903
03801330
03801489
03801721
03802361
03806995
03816419
03816605
03817032
0382232X
03828514
0382909X
03836320
03848167
03849694
03850005
03850137
03850161
03850234
03850307
03850684
03851559
03851664
03851796
03852342
03852385
03852393
03852407
03853667
03854035
03854205
03854213
03854221
03854507
03855023
03855074
03855201
03855414
03855600
03855716
03856380
03857417
03858146
03860183
03860744
03861112
03861732
0386216X
03862186
03862194
03862208
03862763
03862887
0386300X
03863603
03863980
03864103
03864812
03865096
03865835
03865991
03866157
03866831
03867196
03868311
0386846X
03869628
03869687
03869768
03869784
03870723
03871207
03871533
03871940
0387236X
03872793
03873870
03875008
03875016
03875024
03875547
03875911
03876101
03877604
0387821X
03878805
03878961
03880001
03880486
03881350
03881601
03882861
03884252
03886107
03886174
03886182
03886298
03886735
0388788X
03889475
03891755
03892328
03894118
03894304
03895386
03897893
03899071
03899160
03900142
03900495
03900592
03900711
03901033
03902412
03905179
03905349
03905357
0390542X
03905438
03905519
03905616
03905640
0390573X
03905748
03905845
03906000
03906035
03906078
03906663
03906701
03906892
03907740
03907759
03909417
03910393
03910474
03910970
03911535
0391173X
03911772
03911977
03911993
03912000
03912078
03912108
03912221
03912248
03912566
03912612
03912698
03912825
03913341
03913368
03913783
03913988
03914089
03914097
03914186
03915026
03915115
03915352
03915360
03915387
03915603
03915611
03915654
03915859
03915883
03916081
03916510
03916715
03916987
03917029
03917258
03917525
03917576
03917762
03917770
03917789
03917835
03918165
03918467
0391898X
03918998
03919005
03919013
03919048
03919064
03919099
03919706
03919714
03919838
03919889
03920011
03920208
03920461
03920488
03920623
03920771
0392095X
0392100X
0392128X
03921344
03921360
03921395
03921417
03921921
03922227
03922936
03922960
03923037
03923525
03924033
03924041
0392419X
03924203
03924432
03924513
03924777
03924858
03924866
03924939
03925048
03925161
03926338
03926621
03926664
03926672
03926699
03926702
03926737
03927156
03927202
03927261
03927342
03927636
03927741
03928322
03928357
0392839X
03928543
0392856X
03928667
03928764
0392906X
03929078
03929566
03929590
03929701
03929760
03930157
03930440
03930564
03930645
0393067X
03931137
03931420
03931447
03931560
0393196X
03931978
03932095
03932249
03932451
03932516
03932648
03932729
03932990
03933598
0393361X
03933660
03933679
03934551
03934780
03935264
03935310
03935582
03935590
03935930
03935949
03935965
03936066
03936155
03936384
03936805
0393697X
03937267
03937801
03937976
03938255
03938395
03938476
03938492
03939154
03939340
03939375
03939383
0393974X
03939960
03940225
03940802
03941914
03942287
0394249X
03942503
03942511
03942864
03943151
03943402
03943410
03943445
03943755
03943933
03944255
03944298
03944549
03944611
03945413
0394560X
03946169
03946320
03946975
03947297
03947394
03948218
03949001
03949257
03949370
03949508
03949672
0394977X
03949826
03952649
03953890
03953904
03954374
0395501X
03962687
03968014
03970906
03972844
03974693
03977870
03977900
03977927
03978125
03979148
03979164
0397930X
03980499
03987604
03987620
03988023
03989771
03990311
0399032X
03990435
03990559
0399077X
03990826
03990842
03990974
03991253
03991784
03991989
03994236
03998320
04003977
04004000
04021215
04024621
04044266
04092961
04120922
04121961
04123948
04124014
04124030
04124057
04124081
04125878
04126300
04156412
04182642
04185412
04189639
04189698
04189744
04190238
04190254
04190262
04198859
04201213
04209036
04229576
04229894
0423104X
04242084
0424267X
04247558
04247701
04247760
04248155
04248201
04248368
04248570
04250494
04251423
04251644
04254597
04280296
04282779
0428304X
04292766
0429288X
04300912
04300920
04302222
04302966
04303202
04303393
04305027
04306228
04306252
04308689
04308778
04312155
04318889
04345541
04349725
04351312
04351339
04352033
04352866
04353269
04353676
04353684
04353927
04354001
0435401X
04354036
04354052
04354281
0436029X
04381157
04389573
04391721
04394216
0439691X
0439755X
04402413
04405749
04406052
04406605
0440730X
04408764
04408888
04409043
04409213
0441067X
04413776
04416651
04435117
04457684
04457722
04466586
04469283
04478991
04479122
04488938
04490576
04491947
04492285
04492544
04492560
0449282X
04492951
0449296X
04492986
04492994
04493060
04493087
0449363X
04494156
04495233
04495705
0449749X
04502167
04514203
04515994
04523458
0452599X
04527739
04531507
04531906
04532198
0453249X
04533402
04534387
04534514
04537831
04539222
04541138
04545648
04546296
04548124
04550463
04550595
04552059
04573242
04574184
04574214
0458063X
04581563
04585860
04586859
04587251
0458726X
04591879
04597222
04597230
04641086
04647874
04652746
04655036
04655893
0468155X
04694236
04694759
04696255
04700155
0470200X
04707893
04708105
04721446
04725131
04734378
04737733
0474067X
04746279
04746805
04747534
04747844
04749588
04751450
04752058
04783522
04797876
04798023
04802160
04812085
04817931
04825004
04825985
04839420
04845986
04847563
0484811X
04848454
04848616
04848942
04851439
0485893X
04860349
04860993
04862902
04863739
0486400X
04864476
04866134
04866525
04911377
0491421X
04921550
04925882
04926749
04932137
04933079
04941373
04942639
04942736
0494464X
04944712
04944739
04945387
04953843
04954548
0495775X
04963490
0497137X
04971817
04999320
05007208
05024994
05025001
05028205
05031540
05052211
0505401X
05062772
05063116
05064287
05071925
05073758
05074088
05075475
05075483
05083443
05092507
05118131
05119618
05123054
05123135
05123380
05131731
0513353X
05133696
05134870
05135710
05135796
0514180X
05142687
05142717
05144264
05145163
05147158
05147166
05147336
05147794
05148057
05150361
05151724
05152720
05153700
05178606
05204100
05208734
05219744
05220653
0522828X
05236525
0523798X
05240476
05244994
05245141
05246881
05247403
05248159
05250889
05251931
0528600X
05289173
05289432
05291356
05291526
0529567X
05295769
05295807
05295815
05296579
05315131
05315565
05316863
05317479
05319684
05319870
05326028
05328721
05328799
05331846
05331854
05333164
05333288
05340012
05350867
05355133
05361486
05361516
05361524
05361540
05361559
05361567
05362180
0537197X
05379741
05379987
05379989
05380006
05388066
05388163
05389143
05390184
05390788
05396115
05401259
05401437
0542268X
05431972
05432499
05433002
05435749
05435846
05440327
05440424
05440440
05441269
05442540
05442656
05443733
05460352
05460794
05461731
05461766
05468191
0547051X
05472504
05473578
05476844
05479665
05481228
05493323
05493811
05497191
05497213
0549799X
05503043
05503213
05504031
05513677
05515343
05522080
05529034
05529344
05529360
05532469
05535980
05536626
05538882
05542901
05545579
05547555
05551099
05552419
05552923
05554241
05560071
0556171X
05562813
05562821
05563321
05563860
05566177
05566398
05566533
05566630
0556753X
05567807
05568641
05569672
05569699
05571405
05573890
05577705
05577721
05579325
05579430
05583489
05591996
05597765
05598516
05598680
05599342
05599350
05602793
05604613
05606160
05606543
05609747
05617332
05617855
05621887
05635020
05636558
05638682
05639751
05641217
05641470
05643295
05643783
05643929
05644313
05645050
05660777
05662389
05663954
05673933
0567655X
05677351
05677386
05677408
05677416
05677440
05677505
05677572
05677718
05677734
05677815
05677823
0567784X
05677920
05678056
05678064
05678250
05678315
05679877
05683408
05683939
05685230
05685281
05685303
05685435
05691338
05693772
05693799
05694345
05695503
05695554
05696054
05697468
05697891
05697948
05698030
05698073
05698081
05698197
05699878
05699894
05700000
05701619
05701732
05701783
05701791
05701864
05702259
05704898
05704928
05705169
05705398
05706084
05706955
0570734X
05707358
05708966
05711371
05715865
05717256
05718198
05719283
05721431
0572144X
05723612
05726565
0573049X
05738555
05751330
05753317
05754941
05765544
05766370
05766656
05769787
05771471
05775752
05776686
05777402
05777496
0577750X
05779073
05781310
05781337
05781426
05781434
05781736
05781752
05785634
05786967
05792975
05792983
05792991
05796431
05799368
05799384
05799392
05799406
05799414
05801443
0580373X
05807247
05809517
05814944
05816866
05819474
05822351
05824087
05824206
05824664
05829399
05830214
05831024
05831431
0583421X
05836050
05836255
05837731
05838517
05838622
05844215
05845807
05846099
05848539
05848547
05848555
05848687
05848776
05849667
0585086X
0585430X
05854733
05855292
05859131
05860296
05864607
05865581
05865964
05867614
05869587
05872405
05872871
05873908
05874246
05874254
05875455
05875994
05883253
05888174
05891019
05891485
05900239
05905966
05908191
05908450
05908876
05909597
05912385
05912776
07003862
07003978
07009216
07011008
07011784
07020481
07028466
07030428
07031211
07036337
07037090
07038992
07039484
07039565
07045646
07049722
07051085
07053010
07053436
07053657
07053797
07055196
07055900
07057199
07060661
07060726
07061706
07062168
0706652X
07067437
07075332
07078552
07085591
07094698
0709549X
07098936
07100868
07111150
07116659
07116780
07124813
07126778
07133235
07133936
07135424
07135815
07137672
07140045
07146140
07147511
07149808
07153244
07158920
07159684
07160046
07160208
0716050X
07160542
07160747
0716078X
07160798
07160852
07160909
07160917
07160925
07161018
07161069
07161182
07161417
07161530
07161549
07161832
07161840
07162138
07162278
07162308
07162790
07162952
07163371
07164076
07164254
07164548
0716498X
07165455
07165811
07165927
07166184
07166346
07167520
07167776
07168756
07169108
07169132
07169760
07170297
0717036X
07170491
07171013
07171285
0717201X
07172079
07172877
07173202
07173326
07173458
07173474
07173644
07173830
07173997
07174675
07174888
07175051
0717554X
07175698
07175906
07176058
07176163
07176171
0717618X
07176201
07176228
07176236
07176252
07176279
07176287
07176295
07176317
07176325
07176333
0717635X
07176384
0717652X
07176538
07176643
07176821
07176848
07176996
07177178
07177194
07177348
07177356
07177518
07177526
07177704
07177712
07177798
07177917
07177925
07178832
07179200
07179308
07179324
07179367
07179502
07179553
07179707
07180012
07180101
07180195
07180209
07180233
07180462
07180527
07180675
07180764
07180934
07180950
07181043
07181299
07181795
07181876
0718204X
07182201
0718221X
07182244
07182295
07182309
07182376
07182724
07182791
07183291
07183305
07183399
07183429
07183437
07183607
07184360
07184883
07185006
07185049
07185073
07185200
07185286
07185456
0718560X
07185758
07185820
07185839
07186894
07186924
07187092
07187106
07187181
07187262
07188072
07188285
07188870
0718915X
07189273
07189303
07189508
07189516
07190409
07190425
07190433
07190646
07190700
07190719
07192398
07192460
07192479
07192576
07192584
07192681
07193262
07193661
0719367X
07193882
07193890
07194234
07194242
07194250
07194404
07194633
07194714
07194803
07195176
07195443
07195591
07195702
07195885
07196792
07198000
07198132
07198949
0720048X
07200501
0720213X
07203322
07203373
07204280
07204299
0720454X
07205953
07206003
0720728X
07209355
07213115
07213859
07217250
07217269
07217595
07217714
0721832X
07219067
07219415
07219571
07221541
07221819
0722219X
07222211
07223277
0722348X
07224028
07224060
07224087
0722480X
0722494X
07225091
07228546
07229321
0722933X
07230192
07230869
07231393
07231520
07232020
07232276
07232632
07234864
07235003
07235186
07236557
07236913
07237537
07238045
07238886
07240031
07242247
07243472
0724438X
07244983
07244991
07245130
07246145
07246234
07246706
07246811
07247591
07247842
07247907
07248741
07249004
0725086X
07252986
07253141
07254695
07255136
0725556X
07256868
07261888
07263139
07263864
0726416X
07264240
07264550
07268602
07273061
07277369
07287178
07288433
07292473
07292759
07293682
07294352
07294360
07300077
07300085
07300301
0730031X
07300832
07300913
0730188X
07302010
07302177
07302207
07302312
07302347
07302614
07303084
07303157
07303238
07303564
07304625
0730479X
07304862
0730630X
07306512
07306652
07306679
07306784
07307187
0730725X
07307268
07307659
07307829
07307985
07308000
07308078
0730823X
07308396
07308566
07308698
07308876
07308884
07309139
07309147
07309244
07309295
07309384
07309538
07309546
07310455
07311214
07311230
0731129X
07311516
07311575
07311613
07311745
0731177X
07312199
07313071
07313292
07313381
07313500
0731356X
07313810
07313829
07313837
07314175
07314191
07314906
07315023
07315082
07315090
07315171
07315414
07315724
07315732
07315996
07316755
07316844
07317085
07317107
07317115
07317131
07317158
07317239
07317735
07318235
07318332
07318618
07318898
07319053
07319487
07320337
07320515
07320582
07320671
0732118X
07321317
07321562
0732183X
07321872
07322399
07322992
07323123
07323867
07324928
07325223
07326173
07326181
0732619X
07326580
07326750
07327730
07328141
07328303
07328311
07328516
07328818
07328893
07329113
07329482
0732989X
07330707
07331290
07331347
07331924
07331959
07332033
0733222X
07332459
07332467
07332831
07333021
0733303X
07333188
07333536
07334192
07334230
07334249
07334257
07334648
07334680
07335210
0733558X
07335644
07336535
07336608
07338619
07338627
07338635
07338651
07338716
07338724
07338902
07339011
07339135
07339364
07339372
07339380
07339399
07339402
07339410
07339429
07339437
07339445
07339453
07339461
0733947X
07339488
07339496
0733950X
07340168
07340338
07340451
07340478
07340664
07341415
07341512
07341520
07341679
07341768
0734189X
07342047
07342071
07342101
0734211X
0734242X
07342829
0734306X
07343310
07343469
0734371X
07344392
07345410
07345615
0734578X
0734600X
07346018
07346875
07347324
07347332
0734743X
07347464
07347499
07347502
07347510
07347685
07348584
07348630
07349025
07349041
07349343
07349750
07350007
07350015
0735004X
07350120
07350147
07350198
07350414
07350651
07350732
07351097
07351232
07351631
07351690
07351917
07351933
07352166
0735245X
07352689
07352727
07352751
07353111
07353766
07353936
07354681
07355688
07356161
07356331
0735648X
07356722
07356757
07356773
07356846
07357028
07357036
07357044
07357338
07357435
07357907
07357915
07357923
07357931
07358210
07359276
0735939X
07359462
07359640
07359683
07360053
07360118
07360258
07360266
07360932
07361718
07362064
07362501
07362536
07362935
07362994
07363001
07363583
07363761
07364377
07364393
07364407
07364679
07364709
07364822
07365721
07365748
07365829
07365845
07365853
07365861
07366108
07366205
0736623X
07366299
07366574
07366825
07366981
07367236
07367244
07367260
07367791
07368046
07368593
07369387
07369735
07370008
07370016
07370024
07370652
07370679
07370806
07371020
07371071
07371209
07371454
07372884
07373252
07373759
07373937
07374038
07374453
07374607
07374836
07375034
07375921
07375999
07376006
07376146
07376278
07376782
07377037
07377266
07377363
0737769X
07377797
07377908
07378017
07378831
07378939
07380151
07380232
07380569
07380577
07380593
07380658
07380666
0738081X
07380895
07380917
07380984
0738100X
07381085
07381360
07381441
0738145X
07381727
07381751
07382022
07382480
07382898
07382928
07383991
0738422X
07384602
0738467X
07384947
07386028
07386168
07386192
07386532
07386583
07386729
07386826
07386974
0738713X
07387806
07387989
07387997
07388551
07388942
07390041
07390572
0739098X
07391102
07391471
07391854
07393148
07393172
07393180
07393717
07394179
07394462
0739456X
07395159
07395175
07395329
07395817
07396260
07396686
07397046
07397240
07398328
07398409
07398859
07398913
07398999
07399014
07399332
07399413
07399529
07399731
07399820
07399863
07400020
07400551
07400675
07401353
07401558
07401817
07402007
07402511
07402570
07402775
07402783
07403194
07403224
07403232
0740445X
07405472
0740624X
07406797
07406835
0740722X
07407459
07407467
07407475
0740770X
07407750
07407769
0740817X
07408188
0740820X
07408315
07408897
07409133
07409303
07409710
07409737
07409982
07410395
07410581
07410883
07411146
07411235
07412223
07412320
0741238X
07413106
07413335
07415206
07415214
07415397
07415400
07415834
07415842
07416113
07416148
07416245
07416253
07416261
07417136
07418329
07418825
07419058
07419325
07419457
07419767
0741983X
07420269
07420463
0742051X
07420528
07420668
07420714
07421222
07421303
07421478
07421656
07421931
07422091
07422342
07422814
07422822
07423071
07423098
07423136
07423225
07423241
07423322
07424221
07424477
07424671
07424787
07424795
07424868
07425457
07425473
07425562
07425627
07425759
0742597X
07426046
07426186
07426348
07427301
07427778
07428057
07428367
07428413
0742941X
0742969X
07429703
07429797
07430167
07430515
07430760
07431066
07431546
07431562
07431619
07431643
0743166X
07431686
07432550
0743345X
07433808
07434154
07434618
07434634
07434863
07435088
07435150
07435584
07435797
07435800
07436661
07436726
07436831
0743684X
07436858
07437315
07437463
07438346
07439156
07439539
07439547
07439636
07440049
07440073
0744012X
07441479
0744396X
07444710
07446020
07446314
07446616
07447132
07448481
07451075
07451148
07451253
07452624
07452837
07452993
07453515
07454309
07454538
07454678
07455194
07456921
07456999
07457138
07457472
07457790
07459726
07459963
07460554
07461739
07462395
07463626
07463820
07463898
0746424X
07465564
07467141
07468288
07468342
07468709
07468962
07469179
07469462
07470088
07471289
07471351
07471599
07473583
07473605
07474938
07474946
07475284
07475632
07476108
0747668X
07477171
07477376
07477384
07477767
07477929
07477988
07478291
07479182
07479360
07479417
07479662
07479964
07480016
07480814
07481187
07481284
07481608
07481756
07481802
07481896
07481977
07482337
07483007
0748321X
07483236
07483244
07483252
07483260
0748383X
07484321
0748450X
07484518
07484526
07484623
07484658
07485204
07485492
07485514
07485751
07485786
0748612X
07486642
07487304
07487711
07487983
07487991
07488009
07488017
07488025
07488157
07488386
07488491
0748948X
07489633
07490003
07490208
07490232
07490690
07490704
07490712
07490720
07490739
07491409
07491425
07491565
07491581
0749159X
07491611
07492081
07492448
07493223
07493797
07493878
07494025
07494467
0749503X
07495161
07495331
0749596X
07495978
07496036
07496419
07496524
07496753
07496826
07496877
07497423
07498004
07498047
07498055
07498063
07498470
07499477
07500785
07507186
07507240
07507658
07508069
07512708
07517149
07517971
07525370
07525443
07525656
07525702
07526180
07532830
07533322
07533969
07534973
07537417
07539053
0754023X
07540590
07542186
07553692
07554982
07555016
07556365
07557256
07557752
07557809
07559593
07581882
07586922
07591063
07592280
07596340
07605668
0760758X
07612486
07612494
07612516
07613032
07618417
07618425
07618980
07621000
07627491
0762915X
07642873
07643470
07644450
07644469
0764583X
07650019
07650752
07651597
07653697
07655290
07657846
07661177
07661193
07661207
07665075
07665105
07665466
07665717
07670974
07672861
07673981
0767399X
07679513
0768598X
07687559
07689179
07689829
07690886
07692609
07692617
07692625
07693362
0769489X
07700008
07701268
07702728
07702817
07703198
07704518
07707576
0770786X
07708548
07712367
07713312
07715420
07715684
07716494
07716524
07717571
07717776
07718187
07731922
07742827
07742908
07745141
07745524
07748396
0774935X
07753128
07760353
07763808
07767943
07776276
07783124
07784031
07785569
07786069
07787367
07792387
07797842
07799969
07802285
07812698
07814240
07815859
07817126
0782226X
07828535
07836104
0784395X
07853890
07857527
07858140
07858760
07863012
07865686
07886020
0789600X
07900627
07901763
0790231X
07902328
07907184
07907702
07907915
07908318
07909667
07916035
07916167
07916833
07917945
07918437
07920385
07921233
07921241
0792156X
07924259
07925077
07926855
07928424
07928483
07929935
07929978
07930135
07930283
07930291
07932952
07938934
07947348
0794859X
07954778
07973403
07977808
07980264
07980582
07980752
07981015
07981171
07981759
07982259
07984065
07984545
07987269
07989709
07989792
07990537
08000395
08001952
08002606
08002789
08003076
08003831
08006377
08008582
08014736
08017778
08026106
08027285
08028818
08029474
08029768
08029776
08032491
08035253
08035326
08037051
0803706X
08038023
08038740
08039410
08039488
08039496
08039828
08041342
08043639
08044635
08044643
08048266
08050562
0805505X
08067511
08077096
08090432
08097291
08098131
08099936
08100713
08102686
08104123
08105391
08108889
08109028
08111146
08113653
08120099
08120439
08123985
08130426
08130531
08131988
0813300X
08134839
08136289
08140626
08143021
08145725
08145857
08146039
0814723X
08149763
08150796
08152195
08153191
08157251
08159319
0815936X
08161089
08164460
08164622
08164649
08165122
08168261
08169020
08170444
08178038
08178542
0817881X
08180164
08188068
08188149
08189110
08189641
08189935
08190887
08193355
08195331
08198691
08200750
08203946
08205450
08205930
08217556
08227942
08228558
08230269
08232105
0823650X
08239150
08240469
08242577
08247935
08248605
08249091
08250383
08251762
08258597
08263663
08264805
08266220
08268185
08269831
08271305
08273383
08276331
08280827
0828282X
08286914
08287090
08288666
08289999
08292507
08292922
0829318X
08293201
08295735
08298211
08309000
08312796
08312974
0831652X
08317445
0832610X
08327823
08328781
08329869
0833076X
08331235
08332207
08341494
08341516
08344825
08347824
08351813
08353026
08353638
08357900
08358443
08361398
08367310
08381925
08382638
08382948
08404704
08406286
08406529
08407789
08408688
08408750
08409331
08418209
08418233
08434379
08434611
08435561
08435812
08436061
08436096
08438714
08443718
08445621
08465371
08472645
08472971
08475911
08481970
08490767
08503907
08505780
0850797X
08531773
08537380
08538654
08550328
08554307
08563969
08566496
08568960
08571074
08574421
08576084
08576149
08576173
0857717X
08580855
08581088
08581975
08582114
08585261
0858849X
08593132
08599920
08600120
0860021X
08600562
08600953
08601089
0860150X
08601844
08602107
08602395
08604037
08604649
08605734
08606161
08606536
08606897
08607001
08607052
08607796
08608229
08616485
08616663
08617880
08619255
08619808
08619883
0862397X
0862495X
08624968
08625409
08625468
08626111
08626529
08626901
08627940
08627959
08628351
08628408
08628424
08628432
08628440
0862867X
08629129
08629544
0862979X
08631042
08631743
08631808
08634106
08634904
08635412
08640289
08640300
08640319
08640408
08642125
08642141
0864215X
08642168
08643466
08644551
08644659
08648921
08660182
08664811
08667187
08669449
08669465
08669546
08670609
08670633
08670730
08670749
08671761
08672008
08672148
08674140
08674159
08675325
08675392
08675856
08675910
08676046
08676143
08676356
08676836
08677077
08677905
08678286
08678383
0867888X
08678898
08684731
08684952
08687692
08688257
08690189
08691908
08692084
08692092
08692106
08693617
08694923
08694931
08695377
08695415
08695652
08695687
08695733
08695873
08695911
08695938
08696047
08696055
08696063
08696071
08696144
08696365
08696632
08696918
08696993
08697019
08698031
08698139
08698643
0869866X
08700133
08700958
08700990
08702551
0870399X
08704112
08704147
08705283
08706182
08708231
08708312
08708363
08709025
08711569
08712379
08712549
08713413
0871682X
08719187
08719721
08720754
08721904
08722110
08722323
08723265
08725632
08727023
08730628
08732159
08734364
0873626X
08736529
08736561
08737215
0873948X
08739749
08740283
08740801
08741093
08742049
08745102
08745498
08745560
08748810
08749671
08820139
08820287
08820511
08820538
08820546
08820627
08820783
08820880
08820945
08821046
08821100
08821127
08821577
08821666
0882228X
08822689
08822786
08823391
08823510
08824002
08824010
08824096
08824371
08824959
08824967
08824983
08825165
08825548
08825696
0882570X
08825734
08825963
08826110
08826145
08826404
08826447
08826498
08827508
08827516
08827524
08827729
08827753
08827958
08827974
08828032
08828083
08828121
08828156
08828245
08828539
0882889X
08829225
08829233
08829594
08830185
0883024X
08830355
08830452
08830738
0883105X
08831157
08831351
08831386
08831874
08832323
08832676
08832889
08832897
08832900
08832919
08832927
08833648
08833680
08834237
08834741
08834989
08835381
08835403
08835691
08835896
08835993
08836272
08836353
08836612
08837066
08837252
08837554
08837562
08837570
08837597
08837694
08837902
08838151
08838305
08838348
08838364
08838534
08838542
08839026
08839093
08839115
08839182
08839212
08839344
08839409
08839417
08839433
08839441
08839514
08839522
08839743
08839816
08840431
08840709
08841233
08841241
08841616
08842043
08842175
08842558
08842884
08842914
08843236
08843627
08843759
08843848
08843988
08843996
08845123
08845336
08845581
08845891
08845913
08846219
08846324
08846804
08846812
08847339
0884741X
08847495
08848173
08848181
08848289
08848297
08848734
08848971
0884903X
08849382
08849404
08849862
08850046
08850259
08850429
08850607
08850615
0885064X
08850666
0885114X
08851158
08852006
08852014
08852111
08852308
08852413
08852545
0885257X
08852731
08853010
08853126
08853134
08853177
08853185
08853282
08853339
08853908
08853924
08854122
08854300
08854505
08854513
08854726
08854734
08855765
0885579X
08856028
08856087
08856095
08856125
08856222
08856230
08856249
08856257
08856265
08856672
08857024
08857059
0885713X
08857156
0885727X
08857288
08857458
08857466
08857474
08857482
08857490
08857717
08857830
08858144
08858195
0885842X
0885856X
08858608
08858624
08858950
08858969
08858977
08858985
08858993
08859000
08859221
0885923X
08859248
08859507
0885968X
08859698
08859701
08859744
0885985X
0886022X
08860238
08860246
08860335
08860440
08860467
08860483
08860572
08860882
08861064
08861099
08861242
08861544
08861633
08861641
08861714
08862605
08863350
08863520
08863687
08863849
08864454
08864470
08864675
08864691
08865140
08865655
0886571X
08865809
08865930
08866236
08866708
08867356
08867372
08867798
08869367
08869375
08869383
08869456
08869634
08869685
08869723
0886988X
08870284
08870292
08870373
08870446
08870624
0887137X
08871493
08872082
08872171
08872198
08872333
08872570
0887302X
08873267
08873585
08873593
08873631
0887378X
08873801
0887381X
08873828
08873852
08874034
08874417
08874476
08874646
08874840
08875367
08875405
08876045
08876134
08876169
08876177
08876185
0887624X
08876258
08876266
08876274
08876703
08876924
08877262
08877963
08877971
08878013
08878218
08878250
08878722
08878730
08878994
0887915X
08879303
08879311
08879672
08880018
08880352
08880395
0888045X
08880611
08880786
08880816
08881294
08881979
08882401
08882479
08882746
08883068
08883076
0888319X
08883254
08883270
08883394
08884064
08884080
08884390
08884463
08884773
08884781
08885109
08885613
08885885
08886008
08886091
0888613X
08886296
08886504
08886512
08887063
0888711X
08887233
08887462
08887543
08887950
08887985
08887993
08888051
08888116
08888299
08888418
08888809
08888817
08888892
08889090
08889708
0889048X
08890579
08890668
08891575
08891583
08891591
08891605
08891893
08892229
08892482
08893047
0889311X
08893241
0889325X
08893268
08893365
08893667
08893675
08894019
08894647
08894655
08894698
08894906
0889504X
08895074
08895406
08895813
08895899
08896313
08896348
08896402
08896976
08897077
08897182
08897190
08897204
08898308
08898391
08898480
08898529
08898537
08898545
08898553
08898561
0889857X
08898588
08898731
0889938X
08899746
0890037X
08900523
08900604
08901171
08901570
08901686
08902070
08902739
08903069
08903255
08903344
08903670
08904065
08904111
08904332
08905096
08905215
08905339
08905363
08905401
08905436
08905452
08905460
08905487
08905495
08905533
08905762
08906238
08906327
08906564
08906599
08906955
08907064
0890765X
08908044
08908389
08908508
08908524
08908567
08908575
08909016
08909091
0890913X
08909369
08909768
08909970
08909997
08910049
08910138
08910162
08910200
0891060X
08910618
08910901
08911150
08911525
08911762
08911797
08911916
08912017
08912416
08912424
08912432
08912513
08912556
08912823
08912963
08913250
08913668
08913811
08913919
08914168
08914222
08914486
08914834
08915245
08915385
08915520
08915784
08915849
08916152
0891625X
08916624
08916632
08916640
08916683
08916934
08917035
08917140
0891737X
08917507
08917736
08917930
08918422
08918929
08919356
08919402
08919526
08919887
08919933
08919941
08919976
08920141
0892015X
08920206
08920354
08920362
08920753
08920915
08921016
08921059
08921997
08922055
0892211X
08922160
08922179
08922187
08922284
08922454
08922764
08922772
08923310
08923647
08923787
08923876
08923973
08924007
08924562
08924635
08925046
08926638
0892676X
08926794
08926875
08927014
08927022
08927049
08927057
08927219
0892743X
08927537
08927545
08927553
08927561
08927626
08927790
08927936
08928290
08928339
08928649
08928762
08928959
08928967
08929092
08929270
0892953X
08929882
08929912
08929947
08930341
08930465
08930848
0893102X
08931321
0893133X
0893164X
08932174
08932190
0893228X
08932336
08932344
08932751
08932905
08933189
08933200
08933251
08933561
08933588
0893388X
08933952
08934215
08934282
08934983
08935068
08935300
08935394
08935688
08935696
08935785
0893603X
08936080
08936099
08936188
08936609
08936633
08936692
08936706
08937141
08937400
08937524
08937648
08937869
08937931
08938121
08938512
08938652
08938717
08938849
08939454
08939659
08939675
08940282
08940347
08940401
08940525
08940630
0894069X
08940711
08940886
08940959
08940975
08941009
08941130
08941491
08941777
08941866
08941912
08941920
08941939
0894203X
08942684
08943036
08943184
08943214
08943222
08943230
08943257
08943370
08943796
08944105
08944393
08944865
08944946
0894587X
08946019
08946507
08946566
08947163
08947317
0894802X
08948054
08948275
08948321
08948410
08948453
08948569
08948631
08948755
08948763
08948771
0894878X
08949077
08949085
08949115
08949166
08949255
08949468
0894959X
08949840
08949859
08949867
08949875
08950156
08950172
08950385
08950458
08950563
08950695
0895173X
08952477
08952779
08952809
08952833
08952841
0895318X
08953309
08953805
08953988
08953996
08954356
08954798
08954801
08954852
08955565
0895562X
08955638
08955646
08956111
08956308
08956340
08957061
08957169
08957177
08957347
08957479
08957533
0895769X
08957959
08957967
08958009
08958017
08958211
08958378
08958696
08958815
08958831
08959048
08959285
08959374
08959420
08959811
08959935
08960267
08960615
08961107
08961263
08961530
08961549
08962863
08962960
08963568
08963576
08963746
08963991
08964289
08964327
08964831
0896548X
08965803
0896582X
08965846
08966052
08966273
08966346
08966621
08966664
08966915
08966966
08966974
08967148
08968411
08968438
08968446
08968608
08969205
08969620
08970491
08970823
08971277
08971471
08971889
08971897
08971900
08971986
08973016
08973660
08973806
08973962
08974365
08974438
08974446
08974454
08974756
08975264
08975353
08975507
08975930
08975957
08976007
08976546
08976627
08977151
08977186
08977194
08978026
08978336
08979685
0898008X
08980101
08980306
08981221
08981507
08981647
08981655
08982090
08982104
08982112
08982643
08982759
08983135
0898316X
08983577
08984093
08984697
08984921
08985626
08985669
08985812
0898588X
08985898
08985901
08985952
08986088
08986207
08986568
08986614
08986622
08986886
08986924
08987564
08987750
08988048
08988404
08988838
0898901X
0898929X
08989575
08989621
08990042
08990220
08990956
08991499
08991561
08991987
08992363
08992851
08993289
08993408
08993459
08993718
08994811
08995605
08995869
08995885
08995893
08996180
08996210
08996237
08997071
08997403
08997640
08997659
08997667
08997764
08998086
08998205
08998213
08998221
0899823X
08998256
08998280
08998418
08998493
08998620
08998949
08998957
08999007
08999287
08999406
08999422
08999457
08999546
09005579
09010270
09013393
09015027
09018328
09019928
09019936
09020055
09020063
09023232
09024441
09024506
09027351
09031936
09032703
09034641
0903465X
09041699
09041850
0904213X
09042512
09044701
09046380
09050167
09054383
09056157
09056866
09056947
09057161
09057188
09057196
09059180
09059199
09063021
09064702
09064710
09065784
09066691
09066705
09066713
09067590
09072829
09074449
09075682
0907676X
09078916
09084282
09085920
09086625
09086633
0908665X
09088857
09090495
09096396
0909752X
09098836
09101004
09102043
09105050
09105476
09106073
09106340
09108327
09108629
09110119
09110704
09110755
09110763
09110836
09114300
09116028
09116044
09118985
09119280
09120009
09120289
09120505
09120890
09121870
09122036
09123814
09125434
0913140X
09131442
0913185X
09134794
09135006
0913557X
09135693
09136339
09137556
09138668
09142223
09142908
09143491
09143505
09143777
09144935
09145087
09145400
09145621
09147187
09147470
09148108
09148779
09148809
09148817
09148825
09148922
09149198
09149201
09149244
09149260
09149465
09150544
09150560
09151168
09151478
09151559
09151753
09151869
09152326
09152334
09153942
09155287
09155635
09156151
09156992
09157352
09158502
09159126
09159444
0915955X
09159606
09160582
09160647
09160701
09161503
09161821
09162313
09162844
09164804
0916572X
09165746
09167005
09167250
0916782X
0916801X
09168370
09168451
09168478
09168508
09168516
09168524
09168532
09168737
09168753
09168818
09169636
09170480
09170553
09172394
09175040
09175857
0917639X
0917950X
09181725
09182918
09183701
09184287
09184597
09185283
09185704
09185739
09186158
09187545
09187960
09188959
09189440
09190805
09191038
09193758
09195505
09196544
09197087
09198172
09199268
09199454
09201211
09201297
09201580
09201742
0920203X
09202307
09203036
09203206
09203273
09203796
09204083
09204105
0920427X
09204741
09205047
09205063
09205071
0920525X
09205268
09205446
09205489
09205632
09205691
09205861
09206078
0920623X
09206299
0920654X
09208119
09208534
09208542
09208550
09208569
09208607
09209034
09209069
09209964
09210296
0921030X
09210423
09210709
0921142X
09212647
09212728
09212736
09212973
0921299X
0921318X
09213198
09213449
09213740
09213775
09214011
09214410
09214488
09214526
09214534
09214771
09215034
09215077
09215093
09215107
09215239
09215891
09215956
09217126
09217134
09217304
09218009
09218181
09218319
09218610
09218696
09218734
09218769
09218777
09218831
09218890
09218912
09218971
0921898X
09219110
09219366
09219668
09221425
09221565
09222936
09223371
0922338X
09223487
09224106
09224777
09225307
09225382
09225773
09226001
09226028
09226168
09226389
09226435
09226443
09226567
0922680X
0922842X
09229833
09230408
09230459
09230467
09230645
09230750
09231137
09231730
0923179X
09231811
09232494
09232508
09232516
09232524
09232532
09232958
09233970
0923411X
09234748
09234861
09235965
09236082
0923666X
09237534
09237771
09237984
09237992
09238174
09238433
09239820
09239855
09240136
09240519
09240608
0924090X
09241086
09241868
09241884
09241922
09242015
09242023
09242031
09242244
09242708
09242716
09243046
09243054
09243089
09243186
09243453
09243542
09243860
09244204
09244212
09244247
09244549
09244662
09244670
09244751
09244867
09244883
09245332
09245499
09246118
09246460
09246479
09246495
09246509
0924669X
09246703
09247025
09247963
09248099
09248196
09248455
09248463
09248579
09248625
0924865X
09249265
09249303
09249338
09249389
0924977X
0924980X
09249877
09249907
09250042
09250123
09250166
09250972
09251014
09251022
09251030
09251421
09251618
09252096
09252312
09252738
09252916
09253467
09254005
09254439
09254560
09254668
09254676
09254692
09254757
09254773
09254927
09254994
09255001
09255060
09255206
09255214
09255273
09255281
09255710
09256164
09256512
09257535
09257683
09257721
09258388
09258531
0925854X
09258558
09258574
09258582
09258604
09258620
09259392
09259635
09259724
09259848
09259856
09259864
09259880
09259899
09259902
09262040
09262245
09262261
0926227X
09262326
09262601
09262644
09263373
09263403
09264213
09264345
09264957
09265112
09265287
09265473
09265481
0926549X
09265589
09265805
09266003
09266070
09266364
09266410
09266437
09266526
09266534
09266542
09266550
09266569
09266577
09266585
09266593
09266690
09266801
09266917
09267220
0926860X
09268782
09269614
09269630
09269851
09269959
09270108
09270248
09270256
09270507
09271910
09272569
09272852
09273042
09273131
09273379
09273522
09273948
09273972
09274103
09274472
09274987
09275193
09275207
09275215
09275371
0927538X
09275398
09275401
09275452
09275568
09275908
09275940
09276440
09276467
09276505
09276513
09276947
09277056
09277099
09277544
09277633
09277757
09277765
0927796X
09280197
09280200
09280219
09280707
09280731
09280987
09281045
09281231
09281258
09281371
09281436
09281533
09281541
09282017
09282025
09282750
09282866
0928303X
09283420
09284249
09284257
09284346
09284680
09284869
09284931
09285040
09285105
09285520
09286586
09287329
09287655
09288244
09288910
09288937
09289038
09289380
09289569
09289917
09290176
09290184
09290273
09290591
09290761
0929077X
09290907
09291016
09291199
09291261
0929127X
09291393
09291873
09291881
0929189X
09291903
09292233
09292403
09292470
09295305
09295313
09295585
09295593
09295607
09295666
0929600X
09296174
09296212
09296441
09296646
09296719
09296743
0929693X
09297049
09297111
09297316
09297332
09297855
09298215
09298266
09298525
09298533
09298592
09298665
09298673
09298703
09299629
09299971
0929998X
09300317
09300325
0930035X
09300708
09301038
09302786
09302794
0930343X
09303847
09304282
0930486X
09305874
09306447
09307516
09307575
0930777X
09307834
09308989
09309225
09309276
09310037
0931041X
09310509
09310657
09311785
09311793
0931184X
09311890
09311955
09312048
09312250
09312439
09312447
09312668
09312838
09313990
09315195
09316221
09316795
0931704X
09318658
09318771
09319530
09319735
09320067
09320113
09320482
09320547
09320555
09320776
09320784
09320814
09322205
09322221
09323147
09323414
09323708
0932383X
09323902
09324089
09324194
0932433X
09324569
09324739
09324747
09325026
09325611
09326022
09326073
09328092
09328114
09328351
09328610
09328629
09329714
09329951
0933033X
09331433
09331719
09331875
09332316
09332790
09333347
09333630
09333657
09334173
09334548
09334807
09335137
09335846
09335854
09336540
09337407
09337741
09337946
09337954
0933811X
09340785
09340866
09340874
09340882
09343504
09344373
09345043
09345906
0934666X
09346694
09347348
09348387
09348832
09348840
09348859
09348913
0934943X
0934960X
09349723
09349839
09349847
09350020
09350411
09351175
09351221
09351523
09351701
09353208
09353216
09353224
09353518
09354956
09354964
0935560X
09355901
09356185
09356304
09356339
09357254
09357335
09358943
09359648
09359915
09362002
09362835
09363076
09365214
0936577X
09365907
09365931
09366555
09366768
09367195
09368051
09368671
09369902
09369937
09370420
09370633
09370862
09372032
0937289X
09373462
09374450
09374477
0937552X
0937583X
09376429
09377069
09377255
09377409
09377743
09378596
09379347
0937941X
09379819
09379827
09380108
09380337
09381279
09381287
09381643
09382216
09382259
09385177
09385428
09385495
09387412
0938765X
09387714
09387994
09388028
09388249
09388303
09388974
09388982
09388990
09389016
09389806
09390448
09391517
09391533
09391983
09392661
0939267X
09392815
09392963
09393072
0939334X
0939351X
09393625
09393889
09394451
09394753
09394974
09395059
09395075
09395164
09395555
09395911
09396314
09396322
09396365
09396411
09396764
09396780
09397116
09397140
09397248
09397299
09397922
09398147
09398368
09398600
09399488
09399585
0939978X
09400745
09401334
09402470
09402993
09403264
09405178
09405429
09405437
09405550
09405569
09406131
09406360
09406689
09406719
09406735
09406808
09407391
0940855X
09408789
09409599
09409602
09410198
09410295
09410589
09410635
09410643
09411046
09411291
09412131
09412530
09412670
09412905
09412921
0941293X
09412948
09413790
09413804
09414223
09414355
0941455X
09418172
09418466
09418849
09419179
09419500
09420037
09420940
09421181
09422056
09422854
09422919
0942301X
09423060
09424040
09424962
09425276
09425373
09425403
09425616
09426027
09426051
09426086
09428623
09428704
09428925
09428992
09429352
09430083
09430105
09430938
09431268
09431675
09431837
09431853
09432779
09433058
09434062
09434747
09434798
09436677
09437312
09437444
09437592
09438149
09438610
0943917X
09439382
09439404
09439676
09439692
09441018
09441166
09441174
09441344
09441921
09441948
09442006
09442502
09442669
0944405X
09445013
09445587
09446052
09446419
09446486
09446524
09446532
09446877
09447067
09447105
09447113
09448160
09448918
09450084
09450459
0945053X
09451129
09451145
09451412
09452419
09453245
0945358X
09455566
09456082
09456317
09456945
09457712
09458077
09458115
09461299
09461965
09462104
09462171
09462716
09464115
09464565
09464778
09464832
09465146
09465448
0946672X
09467076
09467211
09467475
09467718
09467998
09469648
09470085
0947031X
0947076X
09470867
09470875
09470972
09472177
09473440
09473580
09473602
09475117
09475362
09475745
09476075
09476539
09477047
09477128
09477349
09477411
0947823X
09478396
09478965
09479163
09479511
09480382
09481907
09482393
09483055
09483276
09483349
09484280
09484817
09485023
09485139
09486143
09486259
09486704
0948695X
09486968
09487034
0948728X
09487387
09487921
09488359
09490205
09490434
0949149X
0949166X
09491775
0949183X
09492321
09492615
09492658
09492739
09492925
09492984
09493026
0949328X
09493441
09493964
09495460
09495770
09495932
09496181
09497013
09497714
09498036
09498257
09498303
09498346
0949877X
0949944X
09499571
09500170
09500340
09500448
09500618
09500693
09500707
09500782
09500790
09500804
09500839
0950091X
0950107X
09501401
09501487
09501746
09501940
09501991
0950222X
09502289
0950236X
09502386
09502688
09503110
09503153
09503293
09503366
09503420
09503471
09503501
0950351X
09503528
09503536
09503552
09503579
0950382X
09503846
09504214
09504222
09504230
09504559
09505423
09505431
09505539
09505571
09505601
0950561X
09505652
09505814
09505849
09505911
09506098
09506608
09506764
09507035
09507051
09507116
09507671
0950821X
09509232
09509240
09509526
0951001X
09510605
09510893
0951192X
0951208X
09512748
09513248
0951354X
09513558
09513574
09513590
0951418X
09514198
09514309
09514600
09514848
09515070
09515089
09515224
09515240
09515305
09515666
09516298
0951631X
09516328
09516433
09517197
09517359
09517367
09517375
09517383
09517715
09518207
0951824X
09518312
09518320
09518339
09518398
09518967
0951953X
09519580
09519750
09520481
09520600
09520619
09520627
09520643
09520767
09521178
09521895
09521909
09521917
09521941
09521976
09522271
09523278
09523367
09523383
09523480
09523499
09523863
09523871
0952391X
09523987
09524142
09524622
09524649
09524746
09525041
09525238
09525432
09525807
0952617X
09526757
09526862
09526900
09526919
09526951
09527583
09527648
09527907
09527915
09528059
09528091
0952813X
09528180
09528229
09528369
09528733
09528822
09528873
09529136
09529500
09529608
09530061
09530096
09530460
09530673
09530932
09531092
09531211
09531424
09531432
09531513
09532048
09532404
09534075
09534180
09534431
09534814
09534954
09535225
09535233
09535314
09535438
09535683
09536035
09536205
09536612
09536639
09536833
09537104
09537112
09537287
09537325
09537562
0953816X
09538178
09538186
09538194
09538208
09538259
09538534
09538585
09538984
09539182
09539468
09539859
09540075
09540083
09540091
09540105
09540113
09540121
09540253
09540261
09540695
09540725
09540741
09540911
09540962
09541020
09541314
0954139X
09541446
09541497
09541748
09541810
09541985
09542299
0954254X
09542582
09542892
09543007
0954349X
09543546
09543899
09543945
09544054
09544062
09544070
09544089
09544097
09544100
09544119
09544127
09544135
0954416X
09544224
0954478X
09544828
09544879
09545395
09545794
09545824
09545867
09546111
09546324
09546529
09546545
09546553
09546634
09546642
09546650
09546820
09546839
0954691X
09546928
09547118
09547649
09547762
09547894
09548602
09548890
09548963
0954898X
09548998
0954982X
09549927
09550674
09551662
09552065
09552219
09552235
09552251
09552340
09552359
09552367
09552863
09553002
09553541
09553681
09553886
09553959
0955470X
0955534X
09555803
09555986
09556036
09556222
09556419
09556664
09557571
09557717
09557806
09557873
0955792X
09557997
09558209
09558810
09558829
09559930
09560521
0956053X
09560599
09561250
09561382
09562257
09562478
09562737
09563075
09563202
09563385
0956375X
09563768
09563776
09564233
09564624
09565000
09565221
0956523X
09565361
0956540X
09565507
09565515
09565663
09565698
0956618X
09566309
0956666X
09567135
09567143
09567151
0956716X
09567925
09567933
09567968
09567976
09568115
09568700
0956960X
09569618
09569944
09570144
09570233
09570411
09571264
09571272
09571329
0957154X
09571558
09571736
09571787
09573720
09574042
09574093
09574158
09574166
09574174
09574190
09574239
09574271
09574352
09574484
09574522
09574530
09574565
09574824
09574832
09575146
09575235
09575243
09575537
09575685
09575820
09575839
09575847
09576061
09576509
09576517
09576851
09577572
0957767X
09577734
09577742
09578080
09578234
09578536
09578765
09578811
09579265
09579656
09579664
09579672
09580344
09580433
09580581
09580611
09580670
09580956
09581383
09581596
09581669
09582029
09582118
09582592
0958305X
09583157
09583440
09583947
09584625
09584935
09585036
09585176
09585184
09585192
09585206
09586024
09586415
09586687
09586946
09587578
09588221
09588442
09589236
09589287
09589465
09589961
0959020X
09590552
09590587
09591524
09592296
0959230X
09592318
09592598
09592695
09592709
0959289X
09592989
09593020
09593268
09593330
09593527
09593535
09593543
09593683
09593780
09593845
09593969
09593985
09593993
0959437X
09594388
0959440X
09594493
09594752
09594957
09594965
09594973
09595236
09596119
09596380
09596410
09596518
09596526
09596585
09596658
09596682
09596801
09596836
09596941
09597174
09597743
09598022
09598030
09598049
09598103
09598111
09598146
09598278
09598316
09598324
09598332
09599266
09599428
09599436
09599673
09599754
09599800
09599851
09599916
09600035
09600760
09600779
09600833
0960085X
09601295
09601317
0960135X
09601406
09601481
09601627
09601643
09601686
09602011
09602178
0960233X
09602348
09602585
09602720
09603085
09603107
09603115
09603123
09603131
0960314X
09603166
09603174
09603182
09603271
09603409
09603964
09604286
09604405
09604529
09605290
09605371
09605428
09606440
09606491
0960667X
0960734X
09607404
09607412
09607420
09607439
09607447
09607560
09607641
09607692
09607722
09607773
0960779X
09607919
09608524
09608788
09608923
09608931
0960894X
09608966
09608974
09609776
09609822
09610006
09610405
09610421
0961088X
09611215
09611290
09611371
09611444
09612025
09612033
0961205X
09612653
09613218
09613552
09613692
09614524
0961463X
09615423
09615539
09615652
09615768
0961625X
0961754X
09617671
09617930
09618368
09619275
09619526
09619534
09620214
0962029X
09621067
09621075
09621083
09621091
09621105
09621377
09621423
09621784
09621849
09622594
09622799
09622802
09624562
09624929
09626298
09627251
09627286
09627375
09627480
09628436
09628452
09628479
09628770
09628797
09628819
09628827
09628924
09629262
09629343
09629351
09629505
09629513
09629564
09629734
09630252
09630643
09630651
09631690
09631798
09631801
09632719
0963276X
09633308
09634916
09635483
0963584X
09636048
09636412
09636625
09636897
09636935
09637133
09637214
09637273
09637346
09637486
09637494
09638008
09638016
09638024
09638172
09638180
09638199
09638237
09638288
09638687
09638695
09639268
09639284
09639292
09639314
09639462
09639470
09639489
09639659
09639969
09640282
09640568
09641726
09641807
09641823
09641866
09641955
0964198X
09641998
09642536
09642633
09642749
09643397
09644008
09644016
09644156
09644563
09644733
09645284
09645292
09645691
09645993
09646639
09646906
0964704X
09647058
09647775
09648305
09648410
09649069
09649271
09649425
09650393
09650407
0965075X
09650792
0965089X
09650903
09650911
0965092X
09650946
09651454
0965156X
09651748
0965206X
09652140
09652299
09652302
09652310
0965254X
09652590
09653562
09654283
09654313
09655395
09655425
09655433
09655441
0965545X
09655751
09656812
09657452
09657576
09657967
09658211
09658343
09658416
09658564
09659757
09659773
09659978
09659986
09660356
09660410
09660429
09660461
09660844
09660879
09660941
09661646
09661719
09662847
09663274
09663487
09663622
0966369X
09666362
09666532
09666923
09667350
09667369
09667822
09667903
09667954
09668136
09668349
09668373
0966842X
09668454
09668519
09669051
09669582
09669671
09669760
09669795
09670106
09670262
09670335
09670513
09670637
09670645
09670661
0967067X
0967070X
09670726
09670734
09670742
09670750
09670769
09670793
09670874
09670882
09670912
09671846
09671994
0967201X
09672109
09672559
09672567
09672680
09673237
09673334
09673407
09673849
09673911
09674608
09674845
09675426
09675868
09676120
09677720
0967828X
09678298
09678638
09678875
09679782
09679952
09680004
09680160
0968039X
09680519
09680624
09680802
09680861
09680896
0968090X
09681302
09681361
09681655
09682864
09683445
09684328
09684654
09684883
09685227
09685243
09685332
09685650
09685677
09686053
09686673
09687599
09687637
09687688
09687769
0968784X
09687912
09688005
09688080
09688773
09690174
09690239
09690700
09691170
09691251
09691413
0969160X
09691855
09692126
09692290
09693769
09694765
09694900
09695893
09695931
0969594X
09695958
09695990
09696016
09696113
09696474
09696970
09696989
09696997
09697012
09697128
0969725X
09697330
09697667
09697764
09697950
09698043
09698051
0969806X
09698078
09698086
09698213
09699082
09699163
09699252
09699260
09699546
09699775
09699961
0969997X
09699988
09700137
09700153
09700161
0970020X
09700218
09700358
09700706
09700838
09701249
09701591
09701893
09701915
09702016
09702067
09702083
09702113
09702318
0970258X
0970275X
09702822
09703012
09703357
09703772
09703888
09703896
09703950
09704027
09704078
09704140
09704205
0970423X
09704388
09704639
09705562
09706011
09706054
09706399
09706763
09707077
09707794
09708235
09708685
09708928
09709134
09709185
09709231
09709274
09709290
09709371
0970938X
09709452
0970955X
09709568
09709851
09710426
09710450
09710469
0971071X
09710833
09710973
09711031
09711198
09711600
09711627
09711929
09712070
09712119
09712313
09712542
09713336
09713425
09713514
09713557
09713611
09714065
09714502
0971457X
09714588
09714693
0971488X
09715010
09715215
09715223
09715231
09715452
09715843
09715851
09715894
09715916
09716203
0971636X
09716378
09716580
09716777
09716858
09716866
09716874
09717196
0971720X
09717218
09717544
09717587
09717633
0971765X
09717730
09717749
09717811
09718044
09718265
09718281
09718524
09718834
09718923
09718966
09719032
09719202
09719237
09719261
0971930X
09719458
09719555
09719660
09719784
09719857
09720073
09720405
09720448
09720502
09720529
0972057X
0972060X
09720626
09720634
09720707
09720871
09721045
09721096
09721177
0972124X
09721363
09721509
09721525
09721665
09721711
0972172X
09722025
0972205X
09722068
09722327
09722408
09722629
09722688
09722696
09722823
09722963
09723005
09723226
09723293
09723560
09723757
09723919
09724036
09724052
0972415X
09724397
09724443
09724524
09724559
09724567
09724907
09724923
09724958
09725075
09725210
09725229
09725423
09725547
09725555
09725687
09725768
09725784
09725849
0972592X
09725938
09725946
09725954
09725997
09726268
09726292
09726527
0972656X
09726721
09726802
09727272
09727302
09727493
09727531
09727566
09727671
0972768X
09727981
09728066
09728074
09728201
09728228
09728279
09728341
09728538
09728600
09728821
09728988
09729038
09729062
09729372
09729380
09729488
09729607
09729747
0972978X
09729860
09729941
09729976
09729984
09730052
0973029X
09730516
09730788
09730826
09731024
09731075
09731229
09731245
09731296
09731318
09731342
09731377
09731385
09731458
09731482
09731555
09731741
09731768
09731792
09731849
09731903
09732039
09732047
09732179
09732284
09732586
09732594
09732667
0973290X
09733159
09733167
09733485
0973354X
09733698
09733728
09733930
09734449
09734562
09734686
0973483X
09734929
09734945
09735070
09735089
09735321
09735348
09735399
09735763
09736042
09736069
09736077
0973614X
09736247
09736263
0973628X
09736581
09736883
09737006
0973709X
09737103
09737111
09737138
09737154
09737294
09737308
09737421
09737510
09737537
09737669
09737677
09737685
09737707
09737731
0973774X
09737758
09737847
09738010
09738029
09738258
09738363
09738398
09738517
09738622
09738703
09738711
09738916
09739122
09739130
09739572
09739599
09739718
09739734
09739750
09739793
09740112
09740198
0974021X
09740244
09740252
09740260
09740333
09740430
09740546
09740570
09740627
09740635
09740643
0974083X
09741208
09741216
09741496
0974181X
09741828
09742069
09742077
09742115
09742441
0974262X
09742700
0974276X
09742816
09742891
09743154
09743383
09743391
0974360X
09743618
09743626
09743901
0974391X
09744053
09744061
09744207
09744290
09744304
09744444
09744509
09744576
09744630
09744711
09745092
09745130
09745149
09745157
09745165
09745181
0974519X
09745203
09745572
09745645
09745823
09745904
09745963
09745971
0974598X
09745998
09746005
09746013
09746196
0974620X
09746242
09746250
09746846
09746862
09746889
09746900
09746919
09747052
09747168
09747435
09747559
09747753
0974777X
09747788
09747796
0974780X
09747818
09747834
09747842
09747877
09747893
09747907
09748237
09748245
09748369
09748466
09748490
09748571
09748822
09748938
09749101
09749233
0974925X
09749276
09749284
09749322
09749349
09749357
09749411
0974942X
09749845
09749853
0975007X
09750185
09750215
0975024X
09750304
09750320
09750533
09750711
0975072X
09750851
09750878
09750959
09750967
09750991
09751009
09751017
09751033
09751068
09751076
09751084
09751459
09751483
09751491
09751505
09751556
09751564
09751572
09751599
09751602
09751904
09751920
09751947
09752129
09752293
09752366
09752404
09752684
09752730
09752854
09752870
09752935
09753060
09753125
09753540
09753575
09753583
09753648
09754024
0975413X
09754253
09754261
09754415
0975444X
09754466
09754725
09754873
09755039
09755071
09755160
09755241
09755500
09755764
09755977
09756299
09756434
09756809
09756892
09756906
09756965
09757058
09757066
09757384
09757406
09757538
09757619
09757651
0975766X
09757902
09758216
09758364
09758453
09758542
09758585
09758844
09759042
0975928X
09759344
09759476
09759506
09760083
09760164
09760245
09760423
0976044X
09760504
09760512
09760555
0976058X
09760911
09761055
09761705
09761799
09762094
09762302
09762361
0976237X
09762787
09762809
09762817
09762825
09762833
09762884
09762892
09763104
09763139
09763147
09763155
09763260
09763392
09763449
09763457
09763465
0976352X
09763546
09763961
0976397X
09763996
09764062
09764348
09764402
09764658
09764836
09764879
0976500X
09765018
09765166
09765506
09765662
09766006
09766014
09766308
09766316
09766340
09766359
09766480
09766499
09766502
09766510
09766545
09766553
09766634
09766952
09767428
09767800
09767819
09767975
0976822X
0976836X
09768378
09768386
09768394
09768432
09769234
09769285
09769668
09803483
09809090
09811095
09819428
09821783
09842292
09850562
09853111
09866124
09877053
09877983
09881824
09883754
09892737
09893105
09898972
09900632
09901310
09907440
09912894
09923039
09924361
0992499X
09925945
09927158
09927689
0992986X
09939857
09943919
09944524
09945679
09945687
09947590
09948090
09953914
09956794
09959882
09971327
09977538
09977546
09977554
0999193X
09995714
09997385
0999792X
10000054
10000569
10000593
10000607
10000615
10000690
10000747
10000887
10000909
10000925
10000933
10000976
10000992
10001026
10001050
10001093
10001158
10001182
10001220
10001239
10001255
10001271
10001298
1000131X
10001328
10001433
10001441
10001506
10001557
10001646
10001662
10001808
10001948
10001964
10001972
10001980
10001999
10002030
10002383
10002405
10002413
1000243X
10002472
10002537
10002588
10002618
10002634
10002758
10003002
10003061
10003231
1000324X
10003274
10003282
10003290
10003304
10003401
10003428
10003436
10003630
10003657
10003673
1000372X
10003762
10003819
10003835
10003851
10003932
10003959
10003983
10004092
10004343
1000436X
10004424
10004432
10004459
10004548
10004602
1000467X
10004750
10004874
10004882
10004890
10004939
10004955
10004963
10005013
1000503X
10005048
10005145
10005188
10005625
1000565X
10005773
1000582X
10005870
10005900
10006362
10006613
10006699
10006702
10006753
10006761
10006788
1000680X
10006818
10006834
10006842
10006869
10006893
10006915
10006923
10006931
10007032
10007105
10007180
10007210
10007229
10007393
10007423
10007431
10007466
10007555
10007571
1000758X
10007598
10007601
10007806
10007849
10008020
10008055
10008144
10008152
10008179
10008241
10008365
10008578
10008608
10008616
10008713
10008721
10008756
10009000
10009043
10009116
10009221
1000923X
10009345
10009361
10009426
10009442
10009450
10009515
10009574
10009604
10009752
10009825
1000985X
10009930
10010270
10010505
10010521
1001053X
10010548
10010564
10010602
10010645
10010742
10010920
10010939
10010963
10011242
10011250
10011455
10011498
10011552
10011579
10011595
10011609
10011692
10011749
10011781
10011935
10011978
10011986
10012052
10012060
10012206
10012249
1001232X
10012346
10012400
1001246X
10012486
10012494
10013555
10013660
10013784
10013806
10013814
10014020
10014055
1001411X
10014179
10014322
10014381
10014454
10014632
10014675
10014861
10014977
10014985
1001506X
10015078
10015302
10015361
10015485
10015493
10015515
10015620
10015728
10015868
10015884
10015906
10015965
10016031
1001604X
10016058
10016112
10016279
10016511
1001652X
10016538
10016791
10016872
10016929
10017003
10017208
10017216
10017305
10017372
10017488
10017631
10017755
10017844
10018042
10018212
10018352
10018360
10018417
10018689
10018719
10018891
10019014
10019278
10019294
10019332
10019391
10019464
10019669
10019731
10020063
10020071
10020098
10020160
10020268
10020411
10020446
10020470
10020705
10020721
10020829
10020837
10020861
1002087X
1002106X
10021396
10021582
1002185X
10021892
10022082
10022104
10023208
10025618
10026495
10026630
10026819
10028501
10028587
10030034
10030174
10030603
10030808
10031057
10031243
10031456
10032169
10033289
10033734
10033874
10034595
10034722
1003501X
10035214
10035257
10035370
10035427
10036059
10036326
10036520
1003739X
10037519
10037985
10038213
10038620
10038728
10039015
10039279
10039384
10039406
10039775
10039953
10040277
10040579
10040595
10040609
10040676
10040978
1004132X
10041338
10041648
10041699
10042474
10042822
10042857
10042997
10043012
10043756
10044213
1004423X
10044388
10044469
10044477
10044493
10044523
10044574
1004499X
10045341
10045503
10045619
10045708
10045759
10046801
10047220
10047301
1004731X
10048227
10048979
10049037
1004924X
10049371
10049541
10049649
10050086
10050094
1005023X
10050299
10050302
10050388
10050930
10051015
10051031
10051120
10051201
10052321
10052399
10052402
10052615
1005264X
10052763
1005281X
10053026
10053085
10053093
10053867
10053883
10054537
10055053
10056254
10056661
10056734
1005748X
10057854
10058737
10058850
10058885
10058915
10059040
10059113
10059490
10059539
10059784
10059792
10059830
10059954
10061088
10061266
1006155X
10062106
10062343
10062467
10062599
10062793
10062823
10063021
10063080
1006396X
10064125
10064982
10065431
10065911
10066047
10066497
10066748
10066780
1006687X
10067043
1006706X
10067140
10067191
10067248
10067329
1006754X
10067647
1006768X
10067736
10067876
10067884
10067930
10068341
1006852X
10068740
10068775
10068961
10069097
1006916X
10069283
10069291
10069305
10069313
10069321
10069798
10069801
10069895
10069941
10070214
10071172
10071202
10072012
10072276
10072640
10072780
10072802
10072985
10073124
10073418
10073639
1007385X
10074112
10074252
10074376
1007449X
10074619
10074708
10074740
10075704
10076069
10076417
1007662X
10076735
10077294
10077812
10078118
10078738
10078827
10079289
10079327
10079408
10079572
10079629
10080562
10080848
10080872
10081275
10081321
10081372
1008505X
10085734
10086234
1008682X
10087125
10088296
10088830
10089209
10089292
10089497
1008973X
10090630
10091157
10091963
10092137
10092587
10092757
10093079
10093087
10093095
10093419
10093443
10093591
10094598
10095020
10095896
1009606X
10096124
10096248
10096264
1009637X
10096582
10096744
10097708
10097848
10099158
10099271
10099921
10099980
10100423
1010061X
10100652
10103090
10103872
10104283
10105182
10105395
10105409
10106030
10106049
1010660X
10106960
10107355
10107606
10107630
10107649
10107940
10108246
10108424
10108831
10109099
10109161
10109609
10109919
10110054
10110062
10110070
10110186
10110275
10110283
10111344
10112367
10112499
10112723
1011288X
1011372X
10113924
10114181
10114386
10114548
10114564
10114793
1011484X
10115714
1011601X
10116125
10116206
10116370
10116524
10116575
10116583
10116702
10116788
10116842
10116877
10116958
10116966
10116974
10117571
1011789X
10117970
10118861
10118934
10118942
10120386
10120394
10120750
10121080
10121587
10121617
10121692
10122346
10122443
10122508
1012277X
10123407
10124195
10125019
10125302
10125655
10126244
10126694
10126902
10128204
10128255
10128298
10128417
10128433
10128689
10128832
10128840
10129367
10129405
10129545
10130047
1013090X
10130950
10131469
10131752
10131973
10132058
10132511
10133119
10133194
10134425
10135472
10137025
10137424
10137548
10137696
10137785
10139052
10139087
1013929X
10139826
10139923
10144307
1014711X
10148221
10148485
1014885X
1014952X
10149562
10150145
10150684
1015079X
10150889
10150951
10151362
10151621
10152008
10152881
10153802
10153837
10153918
10153977
10154442
10155007
10155104
10155759
10155856
10156305
10156321
10157867
10157999
10158138
10158146
10158154
10158618
10158634
10158758
10158782
10158812
10158987
10159584
10159592
10159657
10159770
10160604
10160922
10161007
10161015
10161104
10161430
10161562
10161597
10162291
10162356
10162364
10162372
1016264X
10163190
10163255
10163271
10163328
10163476
1016362X
10164383
1016443X
10165126
10165134
10165142
10165150
10165169
10165584
10166017
10166262
10167315
10167390
10167536
1016765X
1016796X
10168478
10168664
10168737
10168974
10169008
10169040
1016913X
10169172
10170405
10170510
10170669
10170715
10170839
10171274
10171398
10171584
10171606
10171703
10171819
10172548
10173285
10173293
10174087
10174370
10174699
10175644
10175989
10176020
10176721
10176772
10177108
10177825
10177833
10178678
10179216
10179909
1017995X
10180389
1018046X
10180532
10181172
10181601
1018161X
10181687
10181806
10181857
10182101
10182152
10182438
10183337
10183469
10183639
10183647
10183833
10184171
10184287
10184325
10184619
10184627
10184813
10184864
10185011
10185275
10185291
10185615
10185895
10185992
10186301
10186689
10187057
10187081
10187782
10188185
10188665
10188681
10188827
10188843
10188916
10188940
10189068
10190465
10190473
1019066X
1019083X
10191291
10191941
1019214X
10192557
10193103
10193316
10195149
10195297
10195815
10196102
10196439
10196587
10196773
10196781
10196838
10197168
1019763X
10197788
10198113
10198288
10198385
10198466
10199128
10199500
10200010
10203397
10204067
10204148
10204989
10206167
10207635
10208135
1020895X
10210989
10212000
10212019
1021335X
10213589
10213619
10214437
1021447X
10215182
10215506
10215573
10215824
10216790
10217096
10217401
10217444
10217762
10217770
10218181
10219056
10219498
10219722
10219986
10220038
10220119
10220461
10220666
10220690
10221336
10221344
10221352
10221360
10221824
10222588
10222812
1022386X
10224556
10224653
10224742
10225129
10225528
10225536
10225706
10226265
10226680
10226699
10226877
10227091
10227954
10228195
10228659
1022890X
10229272
10229760
10230556
10230807
10230904
10231218
10231935
10232028
10232044
10232095
10232141
10232583
1023263X
10232796
1023294X
10233091
10233830
10233903
10234063
10234462
10234535
10235809
10236090
10236104
10236171
1023618X
10236198
1023621X
10236228
10236244
10236368
10236597
1023666X
10236732
1023697X
10237046
10237267
10237763
10238166
10238654
10238883
10239022
10239030
10239332
10239499
10239510
10240098
10240845
10241221
1024123X
10241752
10241809
10242422
10242430
10242589
10242651
10242694
10242708
10242953
10243631
10245251
10245294
10245332
10245359
10246029
10246177
10246215
10246541
10246592
10247033
10247106
10247696
10248072
10248560
10248684
10249079
10249087
10249435
10249559
1025028X
10250298
10252339
10252495
10253106
10253823
10253866
10253890
1025403X
1025448X
1025496X
10255508
10255818
10255834
10255842
10256008
10256016
10256059
10256164
1025627X
10256555
10256873
10257217
10258140
10258620
10258973
10259112
10259589
10259848
10259996
10260226
1026051X
10260862
1026115X
10261265
10262121
10262296
10262881
10262954
10263098
10263268
10263470
10263497
10263543
10263721
10264469
10265422
10265457
10265465
10265473
1026549X
10265511
1026597X
10266461
10266542
10267050
10267123
1026714X
10267158
10267360
10267417
10267530
10267549
10267603
10267654
10267670
10267689
10267697
10267719
10267735
10267743
1026776X
10267816
10267883
10267905
10267913
10267921
1026793X
10267956
10267999
10268022
10268049
10268065
10268081
1026809X
1026812X
10268774
10269185
10269428
10269487
10270221
10270256
1027152X
1027202X
1027264X
10272658
10272666
10272852
10273662
10273719
10273948
10273956
10274065
10274278
10274510
10274634
10274642
10274979
10275193
10275487
10275495
10275606
10275851
10276084
10276599
10276661
10277358
10277595
1027779X
10277811
10278117
10278591
10280812
10280979
10280987
10282092
10282327
10282580
10283153
10283315
1028334X
10283358
1028365X
10284001
1028415X
10284427
10284559
10284796
10285229
10285636
10285911
10285938
10285954
10286020
10286276
10286284
10286608
10286624
10286632
10286861
10287221
1028768X
10287825
10287957
1028852X
10288708
10288880
10288945
10289623
10289852
10290249
10290257
10290273
1029029X
10290311
10290338
10290354
10290397
10290400
10290419
10290427
10290435
1029046X
10290486
10290540
10291857
10291954
10291962
10292292
10292306
10292322
10292330
10292365
10292373
10292403
1029242X
10292438
10292454
10292470
10292659
10292977
10293132
10293507
10293523
10293531
10293620
1029368X
1029385X
10294414
10294864
10294902
10294937
10294945
10295097
10295143
10295151
10295399
10295925
10295933
10297073
10297448
1029788X
10298428
10298436
10298479
10298622
10298649
10298770
10299599
10300112
10300481
10301887
10302646
10304312
10307710
10307923
10309616
1031170X
10313613
1031461X
10321012
10321195
10323449
10323732
10325298
10331522
10331867
10332170
10336893
10338306
10338330
10344233
10344438
10344810
10344942
10345329
10346775
10346783
10347674
1034912X
10350330
10350772
10351132
10351841
10353046
10353704
10353712
10356851
10356908
1035719X
10357319
10357718
10357823
10358811
10360913
10361073
10361146
10363831
10364005
10367128
10367314
10369708
10369872
10370544
10371397
10371656
10372091
10372105
1037258X
10372911
10373748
10375783
10376178
1037969X
10381562
10381643
10382046
10382097
10382569
10382909
10383441
10384111
1038412X
10384871
10385282
10386807
1039091X
10392645
10394788
10397116
1039723X
10397841
10398562
10399712
10400257
10400397
10400400
10400419
10400435
10400486
10400605
10401237
10401334
10401466
10401628
10402004
10402381
10402446
10402519
10402608
10402659
10403094
10403108
10403590
10403973
1040452X
10404651
10405488
1040550X
10405704
10405925
10406026
10406166
10406182
10406190
10406263
10406387
10406638
1040726X
10407278
10407286
10407294
10407308
10407340
10407383
10407391
10407413
10407421
10407480
10407685
10407782
10407790
10407820
10407952
10408304
10408347
10408363
10408371
1040838X
10408398
10408401
1040841X
10408428
10408436
10408444
10408460
10408703
10408711
1040872X
10408738
10408746
10408800
10408827
10408878
10409165
10409238
10409289
10409483
10409564
10410236
10411135
10411178
10411232
10412336
10412344
10412573
10412905
10412972
10413200
10413235
10413480
10413499
10413545
10413766
10414347
10414665
10415505
10416080
10416102
1041696X
10417060
10417826
10417915
1041794X
10417958
10419918
10420150
10420533
10420711
10420940
10420967
10421122
10421467
10421629
10421726
10421882
10422250
10422587
10422722
1042296X
10423192
1042346X
10423680
10423699
10423915
10423931
10424067
10424431
1042444X
10425055
10425179
10426337
10426507
10426531
10426914
10426922
10427147
10427163
10427201
10427260
1042749X
1042752X
10427961
10428143
10428194
10428224
10428232
10428275
10428860
1042895X
10429247
10429565
10429573
10429611
1042962X
10429670
10429832
10430342
10430652
10430679
10430733
10431489
10431543
10431721
10431802
10431810
10431942
10432256
1043254X
10432558
10432760
10433074
1043321X
10433309
10434046
10434062
10434070
10434356
10434518
10434526
10434534
10434542
10434631
10434666
10434682
10435166
10435239
10436596
10436618
10436871
10436928
10437320
10437347
10437398
10437797
10438092
10438599
1043898X
10439463
10439471
1043951X
10439862
10440046
10440054
10440283
10440305
10440631
10441549
10441891
10441980
10442030
10442057
10442073
10443746
10443797
10443894
10443983
10444017
10444068
10444122
10444300
10444386
10445005
10445110
10445323
10445463
10445471
10445498
10445765
10445773
10445781
1044579X
10445803
10446419
10446672
1044677X
10447318
10447393
10447431
1044758X
1044789X
10447946
10448004
10448403
10448632
10449167
10449442
10449493
10449523
10449612
10450203
10450300
10450343
10450483
10450823
10450920
10451056
10451064
10451765
10451870
10452249
10452257
10452354
10452699
10452877
10453172
10453695
10453830
10453873
1045389X
10454241
10454403
10454411
10454438
10454446
10454527
10454861
10455418
10455485
10455736
10455752
10456007
10456635
10456740
10456767
10457097
10457828
10457984
10458077
10459065
10459219
10459227
10459235
10459243
1045926X
1045988X
1045991X
10460756
10460764
10461310
10461779
1046199X
10462023
10462821
1046283X
10462937
10463283
10463607
10463976
10464328
10464352
10464360
10464883
10464964
1046560X
10465715
10465928
10466673
1046669X
10466703
10466770
10466789
10467041
10467386
10467394
10467408
10467459
10467467
10467475
10467890
10468064
10468188
10468374
10468595
10468641
10468781
10469095
10469354
10469516
10470042
10470336
10470387
10470719
10471928
10471979
10471987
10472797
10473025
1047305X
10473149
10473203
10473211
1047322X
10473289
10474412
10474552
10474749
10474757
10474781
1047482X
10474838
10475141
10475192
10475311
10475567
10475699
10476210
10476938
10477039
10477047
10477306
10477594
10477624
1047773X
10477845
10478310
1047840X
10478477
10478892
10479325
10479422
10479511
10479627
10479651
10480293
10480854
10480935
10481842
10481885
10481990
10482687
10482911
10483055
10483624
10483632
10483640
10483799
10483802
10483810
10483888
10483950
10484167
10484396
10484477
10484736
10484876
10485104
10485236
10485252
10485317
10485953
10486666
10486682
10486690
10486801
10486909
1048776X
10488251
1048891X
10489002
10489053
10489223
10489533
10489843
10489886
10489959
10490078
1049023X
10490248
10490280
10490787
10490833
10490965
10492089
10492127
10492275
1049233X
10492364
1049250X
10492585
10492615
10493301
1049331X
10493328
10493867
10494820
1049510X
10495118
10495142
10495150
10495258
10495398
10495541
10496467
10496475
10496483
10496491
10496505
10497315
10497323
10498001
1049801X
10498834
10498850
10498907
10498923
10498931
10499091
10499156
10499644
10499652
10499660
10500472
10500545
10501606
10501738
10501827
10502289
10502556
10502947
10503293
10503307
10503862
10504257
10504648
10504729
10504753
10505164
10505261
1050530X
10505350
10505636
1050575X
10505881
10506411
1050642X
10506438
10506519
10506527
10506586
10506918
10506926
10506934
10507051
10507256
10508171
10508392
10508406
10508414
10508422
10508619
10509135
10509208
10509267
10509364
10509585
10509631
1050964X
10509674
10509844
10510117
10510443
10510559
10510761
10510974
10511253
10511377
1051144X
10511482
10511733
10511970
10512004
10512144
10512276
10512284
10512292
10512446
10513558
10514651
10515313
10515526
10515658
10516794
1051712X
10517200
10517235
10517324
10517472
10518207
10518215
10518223
10518266
10519173
10519815
10519831
10519858
10519998
10520015
10520147
10520295
10520406
10520457
10520600
10521062
10521151
10521372
10521453
1052150X
10521577
1052214X
10522158
10522166
10522263
10522883
10522905
10523057
10523073
1052309X
10523359
10523812
10523901
10523928
10524207
10524231
10524924
10525149
10525157
10525165
10525173
10525572
10525629
10526102
10526188
10526234
10526773
10526781
10527613
10528008
10528040
10528725
10528776
10529276
10529284
10529306
10529411
10529551
10529950
10530479
10530487
10530495
10530509
10530770
10530789
10530797
10530800
10530819
10530894
10531297
10531807
10531858
10531890
10531920
10532498
10532528
10534180
10534202
10534245
10534296
10534385
10534512
10534628
10534725
10534822
10535330
10535357
10535381
10535500
10535586
10535632
1053587X
10535888
10536426
1053699X
1053749X
10537899
10538100
10538119
10538127
10538135
10538151
1053816X
10538259
10538348
10538364
10538372
10538550
10538569
10538712
10538720
10538798
10538801
1053881X
10539557
10540032
10540407
1054044X
10541373
1054139X
10541500
1054187X
10542043
1054206X
10542353
10542523
10543074
10543139
10543406
10543414
10543589
10544887
10545476
10545913
10546006
1054660X
10546618
10546863
10547460
10547479
10547541
10547738
10548289
10548408
10548505
1054853X
10548793
10548807
10549692
10549714
10549803
10549811
10550143
10550305
10550496
1055050X
10550887
10550925
10551344
10551360
10551379
10551387
10553045
10553096
10553134
10553177
10553207
10553290
10553835
10554181
10555269
10556001
1055615X
10556656
10556699
10556788
10556796
10556818
10556877
10556915
10557148
10557172
10557288
10557466
10557601
10557903
10558330
10558586
10558896
1055937X
10559612
10559965
10562044
10562176
1056263X
10563466
10563911
10564764
10564772
10564926
10564934
10564942
10564950
10564993
10565477
10565884
10566163
10566171
10566716
10567151
10567194
10567895
10567909
10567941
1056800X
10568077
10568190
10568670
10568700
10568719
10568727
10568751
10569014
10569103
10569170
10569189
10569219
10569286
10570314
10570608
10570802
10570829
10570837
10571841
10571922
10572252
10572317
10572414
10572732
10572805
10573291
10573321
10573526
10573569
10573631
10575022
10575219
10575634
10575677
10575723
10575987
1057610X
10576290
10576614
10577122
10577130
10577149
10577157
10577408
10577629
10577939
10578315
10578323
10579214
10579230
10579249
10579257
10579389
10580271
10580360
10580468
10580476
10580530
10582452
10582746
10582916
10583300
10583645
10583661
10583912
10583947
10584323
10584587
10584609
10584838
10585095
10585885
10585893
10586180
10586393
10586407
10586458
10586628
10586687
10586741
10586768
1058708X
10587187
10587195
1058725X
10587268
10587454
10587497
10587829
10587845
10588108
10588167
10588183
10588337
10588388
10588655
10589074
10589139
10589244
10589759
10589813
10590145
10590161
10590501
10590560
10590889
10590927
10591052
10591311
10591478
10591494
10591516
10591524
10592725
10593152
10593489
10594280
10594337
1059440X
10594531
10595031
10595422
10596011
10596879
10597115
10597123
10597514
10597565
10597700
10597794
10598405
10598596
10598650
1059910X
10599231
1059924X
10599258
1059941X
10599495
10599630
1059986X
10600280
10600396
10600558
1060071X
10601325
10601333
1060135X
1060149X
10601503
1060152X
10601538
10601694
10601872
1060278X
10603271
10603425
10603441
10603743
10603999
10604367
10604456
10605487
10605851
1060586X
10606823
10608265
1060913X
10609164
10609172
10609393
10609857
1060992X
10610022
1061026X
10610278
10610421
10611452
10611711
1061186X
10611924
10611932
10611940
10611959
10611967
10611975
10611991
10612009
1061222X
10612971
10613315
10613528
10613706
10613749
10613773
10613846
10613862
10614036
10614303
10615210
10615369
10615377
10615385
10615806
10616128
10616934
10617361
10617655
10618309
10618562
10618600
10619127
10619208
10619259
10619321
1061933X
10619348
10619364
10619518
10619526
10620125
10620249
10620257
10620265
10620273
10620281
1062029X
10620303
10620311
10620346
10620656
1062094X
10621024
10621458
10622454
10622551
10623264
10623329
10623345
10623388
10623590
10623604
10623701
10624732
10624783
10624821
10626050
10626212
10626417
10627197
1062726X
10627375
10627391
10627901
10627987
10627995
10628002
10628061
10628401
10628592
10628606
10628738
1062922X
1062936X
10629408
10629769
10630198
10630279
10630732
10630740
10630988
10631100
10631119
10631674
10631801
10632204
10632239
10632913
10632921
1063293X
10633189
10633685
10633987
10633995
10634258
10634266
10634541
1063455X
10634568
10634576
10634584
10635157
10635203
10635351
10635734
10635750
10635769
10635777
10635823
10636145
10636161
10636374
10636390
10636404
10636528
10636536
10636552
10636560
10636579
10636676
10636692
10636706
10636722
10636730
10636749
10636854
10636862
10636870
10636897
10636900
10636919
10637095
10637109
10637125
10637133
10637192
10637389
10637397
10637419
10637710
10637729
10637737
10637745
10637761
1063777X
10637788
10637796
1063780X
10637818
10637826
10637834
10637842
10637850
10637869
10638016
10638210
10638490
10638539
10638628
10638652
10639527
10639535
10639667
10640266
10640517
10640525
1064119X
1064122X
10641246
10641262
10641297
10641734
10641858
10641866
10641955
10641963
10642269
10642277
10642285
10642293
10642307
10642315
10642684
10643389
10643745
10643842
10643958
10644849
10644857
10645136
10645454
10645462
10645578
10645586
10645616
10645624
10645632
1064590X
10646000
10646175
10646345
10646655
10646671
1064668X
10647406
10647449
10647481
10647546
10647554
10647562
10647570
10648011
10648046
10648208
10648275
10648887
10649689
10649700
10649735
10650555
10650741
1065075X
10650989
10651063
10651438
10652221
10652418
10652469
10652477
10652744
10653058
10653074
10653090
1065318X
10654704
10655131
1065514X
1065609X
10656219
10656251
1065626X
10656278
1065657X
10656766
10656995
10657258
10657274
10657355
10657541
10658483
1065898X
10659129
10659293
10659471
1066033X
10660763
10661271
10661395
10661409
10662243
10662316
10662936
10662944
10663614
10663622
1066369X
10663851
10664807
10665048
10665099
10665234
10665277
10665285
10665307
10665684
10667814
10667857
10667865
10667938
10668527
10668683
10668888
10668926
10668969
1066906X
10669442
10669809
10669817
10669868
10670564
1067084X
10671064
1067151X
10671684
10671927
10672214
10672389
10672478
10672516
10672583
10673040
10673229
10674136
10675027
10675582
10675671
1067568X
10675698
10675701
10675817
10676058
10676341
1067716X
1067795X
10678212
10678239
1067828X
10678344
10678352
10679642
10679847
1067991X
10680314
10680640
10680659
10680667
10680896
10681124
10681132
10681302
10681620
10682090
10682341
10682678
10682716
10682767
10682805
10683062
10683070
10683097
1068316X
10683356
10683372
10683402
10683623
1068364X
10683666
10683712
10683739
10683755
10683844
10685200
10685502
10685685
10686037
10686061
1068607X
10686967
10686983
10686991
10687777
10687971
1068798X
10687998
1068820X
10688218
10688471
10688838
10689265
10689508
10689583
10689591
10689605
10689613
10690115
1069031X
10690565
10690727
10690964
10691286
10691316
10691456
10691502
10691898
10692509
10692533
10692665
10692673
10693130
10693424
10693513
10693599
10693629
10693769
10693971
1069417X
10694404
10694730
10694994
10695192
10695265
10695273
10695648
10695699
10695850
10695869
10696563
10696571
10696679
10697292
10697438
10698299
1069837X
10698825
10699384
10699422
10700048
10701559
10702385
10702830
1070289X
10702903
10703004
10703241
10703284
10703535
10703608
10703632
10703667
10703683
10704272
10704280
1070437X
10704698
10704795
1070485X
10704965
1070521X
10705287
10705295
10705309
10705325
1070535X
10705422
10705503
10705511
10706232
10706631
1070664X
10707212
10708022
10708030
10708286
1070910X
10709428
10709622
10709762
10709789
10709797
1070986X
10709878
10709886
10709894
10709908
10709916
10709924
10709932
10710906
10710922
10710949
10711007
10711023
1071121X
10711813
10712089
10712232
10712690
10712836
10712984
10713581
10713778
1071412X
10714413
10714421
10715517
10715568
10715576
10715754
10715762
10715797
10715819
10716068
10716076
10716564
10716572
10716939
10716947
10717323
10717544
10717641
1071832X
10718443
1071894X
10719091
10719164
10719458
10719946
10720162
10720367
10720502
10720537
10720847
10721223
10721754
1072303X
10723374
10723714
10724109
10724133
10724281
10724303
10724451
10724710
10724745
10724761
10725245
10725369
10725490
10725520
10726039
10726349
10726691
10727515
10727639
10728325
10728368
10728929
10729240
1072947X
10729550
10730451
10730508
10730516
10731105
10731180
10731199
1073130X
10731318
1073161X
10731687
10731849
10731911
10732322
10732551
10732748
10732780
10734449
1073449X
10734511
10734651
10735070
10735127
10735615
10735623
10736077
10736085
10736514
10736700
10737227
10737472
10737774
10737782
10737898
10737928
10738584
10738606
10738746
10739149
10739300
10739467
10739688
10740708
10741240
1074133X
10741542
10741550
1074164X
10741690
10742328
10742395
10742484
10742921
10742956
10743022
10743219
10743227
10743529
10743804
1074407X
10744770
10744797
10744827
10745351
10745521
10746005
10746218
10746846
10747427
10747443
10747540
10747583
10747613
10747877
10747931
10748121
10748407
1074861X
10748970
10749039
10749098
10749357
1074939X
10750207
10750592
10750673
1075122X
10751262
10751270
10751297
10751807
10752196
10752617
10752730
10752765
10752838
10752846
10752935
10752994
10753753
10754210
10754253
10754261
10754377
10754385
10755470
10755535
10755756
10756280
10757007
10757015
10757163
10757201
10757910
10758216
10758593
10759298
10759417
10759565
10759964
10760296
10760342
10760431
1076044X
10760512
10760644
10760962
10761551
1076156X
10761608
10761616
10761632
10762175
10762191
10762752
10762787
10762809
10762825
10763279
10763333
10763430
10763961
10765174
10765204
10765417
10765670
10766294
10766332
10767460
10767975
1076836X
10768467
10768866
10768971
1076898X
10768998
10769005
10769188
10769242
10769307
10769757
10769803
10769986
10770704
10770755
10771042
10771204
10771824
10772014
10772413
1077260X
10772618
10772626
10772847
10772855
1077291X
10772928
10773002
10773118
10773142
10773150
10773169
1077341X
10773495
10773525
10774076
10774114
10774254
10774866
10775315
10775463
10775552
10775587
10775595
10775889
10776222
10776958
10776990
10777229
1077727X
10778004
10778012
10778306
10778586
10778926
10779248
10779450
10780297
10780351
10780432
10780467
10780874
10780947
10780998
10781439
10781528
10781552
10781919
10783024
10783377
10783458
10783466
10783482
10783903
10784470
10784500
10784519
10784535
10784659
10784950
10785337
10785884
1078621X
10786236
10786279
10786767
10786791
10787275
10787496
10787844
10787852
10787895
10788174
10788743
10788883
10788956
10789537
10789669
10790195
10790268
10790349
10790632
10790713
10790969
10791760
10792082
10792104
10792457
10792724
10793003
10793062
10793259
10793453
10793739
10793917
10794042
10794050
10794794
10795006
10795014
10795057
10795383
10795545
10795642
10796126
10796134
10796533
10796630
10796762
10797114
10797440
10797726
10797998
10798250
10798587
10798765
10798986
10799265
10799389
10799796
10799869
10799893
10799907
10800549
10800727
10801707
10801812
10801820
10802371
1080241X
10802711
1080286X
10802924
10803548
10803920
10804013
10804293
10805370
1080563X
10805699
10805737
10805826
10806032
10806040
10806059
10806121
10806377
10806490
10806512
10806520
10806539
10806547
10806555
10806571
10806598
1080661X
10806628
10806954
10807039
10807446
10807543
10807683
1080773X
10807764
1080806X
10808388
10808620
10808914
10810595
10810706
10810730
10810803
10810943
10811206
10811443
10811478
10811672
10811680
10811710
10811753
1081180X
10811826
10812865
10813004
10813810
10814000
10814159
10814442
10814507
1081454X
10815589
10815880
1081597X
10816003
10816011
1081602X
1081650X
10816976
10817050
10817735
10818510
10818693
10818731
10819223
10820132
10820744
10821015
10821821
10821848
10821910
1082295X
10823069
10823131
10823174
10823301
10823409
10823670
10824006
10824669
10825010
10825207
10825657
10826068
10826076
10826084
10826319
10826467
10826742
1082720X
10827307
10827579
1082801X
10828419
10828672
10828893
10828907
10829636
10829784
10829873
1082989X
10830081
10830650
10830898
10831304
10831312
10831363
10832564
10833021
10833188
10833196
10833404
10833455
1083351X
10833552
10833668
10834087
10834117
10834346
10834362
10834389
10834400
10834419
10834427
10834435
1083446X
10834877
10835423
10835547
10835601
1083589X
10836101
10836160
10836489
10837159
10837183
10837450
10837515
10838155
10838678
10838791
10840184
10840680
10840699
10840702
10840761
10841288
10841806
10842020
1084208X
10842756
10842764
10843612
10843647
10844309
10844627
10844791
10844902
10844945
10845291
10845453
1084578X
1084628X
10846654
10846786
10846999
10847138
10847529
10848045
10848223
1084824X
10848479
10848592
10848770
10849017
10849432
10849467
10849483
10849513
10849521
10849785
10850317
1085049X
10850635
10850872
10851089
10851259
10852352
10852360
10852581
10853278
10853375
10854908
10855629
10855661
10856633
10856781
10856862
10857117
10857605
10857931
1085794X
10859195
10859373
10859489
10859586
10860266
1086055X
10860819
10861653
10861718
1086296X
10863141
1086315X
10863176
10863214
10863222
10863257
10863265
10863273
1086329X
10863303
10863338
10863982
10864415
1086508X
10865462
10865802
10866655
1086671X
10866728
10867058
10867376
10867872
10868089
10868259
10868747
1086900X
10869379
10870024
10870091
10870156
10870415
10870547
10870571
10870652
10870695
10870792
10871101
1087111X
10871209
10871357
10871640
10871659
10871667
10871845
10872108
10872418
10872620
10872817
10872906
10872914
10872957
10872981
10873244
10873562
10873678
10874003
10874208
10874852
1087495X
10875301
10875549
10876537
10876553
10876596
1087688X
1087724X
10878378
10878475
10878572
10878955
10879110
10879447
10879595
10880224
10880712
10880763
1088128X
1088145X
10881697
10881913
10881980
10883118
10883371
10883576
10883886
10884165
10884173
10884246
10884602
10884653
1088467X
10884963
10885412
10885471
10885900
10886222
10886281
10886826
10886834
10886842
10886850
10886931
10887156
10887180
10887423
10887679
10888438
10888535
10888683
10888691
10888705
10889051
10889299
1088937X
10889388
10889477
10889485
10889868
10889981
10890017
10891102
1089201X
1089232X
10892516
10892532
10892591
10892680
10892699
10893032
1089313X
10893156
10893261
10893393
10893539
10893660
10893954
10894160
10894179
10894195
1089490X
10895159
10895639
10895647
10895841
10896287
10896503
1089652X
10897089
10897550
10897658
10897666
10897674
10897682
10897690
10897771
1089778X
10897798
10897801
10897860
1089795X
10898190
10898603
10898611
1089862X
10898646
10899472
10899480
10899758
1089988X
10899995
10900217
10900233
10900241
1090025X
10900268
10900535
10900578
10900586
10901027
10901574
1090185X
10901981
10902074
10902082
10902090
10902104
10902112
10902120
10902139
10902147
10902163
10902260
1090235X
10902376
10902384
10902392
10902406
10902414
10902422
10902430
10902449
10902465
10902473
1090249X
10902643
10902651
1090266X
10902678
10902686
10902694
10902708
10902716
10902724
10902732
10903127
10903771
10903798
10903801
10903941
10904018
10904522
10904999
10905138
10906460
10906479
10906487
10906509
10906517
10906525
10906533
1090655X
10906576
10906592
10906738
10906924
10907009
1090705X
10907165
10907173
10907491
10907807
1090820X
10908366
10908471
10908633
10909443
10909451
10909508
10909516
10909524
10909931
10909966
10910220
1091028X
10910344
10910506
10910646
10910786
10911332
10911359
10911367
10911421
1091255X
10913211
1091367X
10913696
1091370X
10913734
10914269
10914358
10915222
10915281
10915362
10915397
10915818
10915923
10915982
1091630X
10916318
10916458
10916466
10916490
10916660
10916687
10916768
10917306
10917527
10917640
10917675
10917683
10917691
10917853
10918043
10918280
1091840X
10918531
10919392
10919856
10920110
10920277
10920617
10920684
10920811
10921095
10921206
10921648
10922172
10922806
10923063
10923152
10924078
10924221
10924388
1092440X
10924450
10924604
10925783
10926194
10926410
10926429
10926488
10926607
10926690
10926704
10926755
10926771
1092678X
10926798
10927026
10927697
10927875
10928057
10928073
10928081
10928138
10928235
10928464
10928472
10928480
10928529
10928618
10928669
1092874X
10928758
10928987
10929088
1092910X
10929126
10929134
10929541
10930159
10930175
10930191
1093023X
10931783
10932607
10932658
10932941
10933263
1093328X
10933611
10934421
10934510
10934529
10934537
10934715
1093474X
1093507X
10935142
10935266
10936106
1093670X
10936793
10937404
10937927
10939547
10939687
1093975X
10939946
10940375
10940529
10940626
10941304
10941525
10941622
10941665
10942025
10942076
10942521
1094253X
10942831
10942912
10942939
10943412
10943420
1094348X
10943501
10943641
10944060
10944087
10944281
1094429X
10944540
10944656
10945334
10945458
10945512
10945539
10945695
10945857
10946098
10946136
10946195
10946470
10946705
10946829
10946950
10946969
10946977
10947159
10947167
1094799X
10948007
10948074
10948341
10948392
10948465
10948848
10949054
10949194
10949224
10949313
10949968
10950397
10950656
10950680
10950753
10950761
10951350
10951415
1095158X
10951598
10952055
1095323X
10954120
10954155
10954244
10954333
10955100
10955127
10955143
10955623
1095564X
10955674
10956298
10956433
10956670
10956808
10956840
10956859
10956867
10957111
1095712X
10957138
10957146
10957154
10957162
10957170
10957189
10957197
10957200
10957219
10957227
10957235
10957243
10957251
1095726X
10957863
10957960
10958274
10958282
10958290
10958304
10958312
10958320
10958339
10958347
10958355
10958363
10958533
10958541
1095855X
10958568
10958576
10958584
10958592
10958606
10958614
10958622
10958630
10958649
10958657
10958673
10958681
10958940
10959068
10959084
10959114
10959122
10959130
10959157
1095922X
10959238
10959254
10959262
10959289
10959297
10959300
10959319
10959327
10959513
1095953X
10959564
10959572
10959890
10959904
10959912
10959920
10959939
10959947
10959955
10959963
10959971
1095998X
10959998
10960007
10960015
10960023
10960031
10960260
10960279
10960287
10960295
10960309
10960317
10960325
10960333
1096035X
10960384
10960449
10960457
10960465
10960473
10960481
10960783
10960791
10960805
10960813
10960821
1096083X
10960848
10960880
10960902
10960910
10960929
10960937
10960945
10960953
10960961
10961127
10961135
10961151
1096116X
10961186
10961194
10961208
10961216
10961224
10961232
10961372
10961658
10961860
1096214X
10962190
10962247
10962506
10962867
10962883
10962964
10963367
10963480
10963618
10963626
10963634
10963642
10963650
10963669
10963677
10963685
10963715
10963758
10963936
10964037
10964045
10964290
10964304
10964657
10964665
10964673
10964681
10964762
10964886
10964959
10965572
10965645
10965904
1096598X
1096603X
10966080
10966099
1096620X
10966218
10966293
10966323
10966374
1096665X
10966781
10966838
10967176
10967184
10967192
10967206
10967494
10967508
10967516
10967699
10968520
10968644
10968652
10968954
10969012
10969071
10969098
10969101
1096911X
1096942X
10969586
10969845
1096987X
10969896
10969918
10969934
10970010
10970037
10970045
10970061
1097007X
10970088
10970096
1097010X
10970118
10970126
10970134
10970142
10970169
10970177
10970193
10970207
10970215
10970223
10970231
1097024X
10970258
10970266
10970274
10970282
10970290
10970312
10970339
10970347
10970355
10970363
10970819
10970835
10970967
10971440
10971467
10971475
1097184X
10971963
1097198X
10972641
10972765
10973532
10973729
10973923
10973958
10974067
10974164
10974172
10974180
10974539
10974547
10974555
10974563
1097458X
10974598
10974601
1097461X
10974628
10974644
10974652
10974679
10974695
10974768
10974954
10975152
10975659
10976256
10976647
10976736
10976744
10976752
10976760
10976779
10976787
10976809
10976825
10976833
10976841
10976868
1097721X
10978135
10978526
10979328
10979336
10979530
10979751
10979778
10979867
10979875
10979883
10979891
10980121
10980482
1098092X
10980997
10981004
10981063
10981071
1098108X
10981098
10981101
1098111X
10981128
10981136
10981241
10981284
10981616
10981861
10982140
10982264
10982272
10982299
10982302
10982329
10982337
10982345
10982353
10982361
1098237X
10982388
10982396
1098240X
10982736
10982744
10982752
10982760
10982779
10982787
10982795
10982825
10983007
10983015
1098304X
10983058
10983511
10983597
10983600
10983627
10983708
10984321
10984402
10985336
10985514
10985522
10985530
10986065
10986111
1098612X
10986189
10986588
10986596
1098660X
10986618
10987126
10987134
10987339
10987371
10987576
10987584
10987789
10987886
10988068
10988351
10988394
10988416
10988785
10988793
10988823
10988947
10988955
10988963
10988971
1098898X
10989021
10989048
10989056
10989064
10989072
10989153
10990062
10990399
10990461
1099047X
10990488
10990496
1099050X
10990518
10990526
10990534
10990542
10990682
10990690
10990720
10990739
10990747
10990755
10990763
10990771
1099078X
10990798
10990801
1099081X
10990836
10990844
10990860
10990879
10990887
10990909
1099095X
10990968
10990976
10990984
10990992
10991018
10991026
10991034
10991050
10991069
10991077
10991085
10991107
10991115
10991123
10991131
10991158
10991166
10991174
10991190
10991204
10991212
10991239
10991255
10991263
10991298
1099131X
10991328
10991344
10991352
10991360
10991379
10991387
10991395
10991409
10991417
10991441
1099145X
10991468
10991476
10991492
10991514
10991522
10991530
10991557
10991565
10991573
10991581
10991611
10991638
10991654
10991670
10991689
10991697
10991719
10991727
10991743
10991751
1099176X
10991786
10991824
1099193X
1099209X
10992340
1099274X
10992871
10993371
10993460
10994300
10994742
10994831
1099498X
10995129
10996362
10998004
10998012
10998047
1099811X
10998128
10998209
10998268
1099839X
10999264
10999809
10999922
10999949
11001704
11001801
11009233
11011165
11011262
11018267
11024151
1102416X
11026480
11026510
11026812
11027355
11033088
11035897
11036966
11038128
11045825
11046899
11051639
11052333
11053992
11054999
11056843
1105848X
11060972
11070625
11073756
11082682
11082976
11083441
1108393X
11084189
11085002
11085142
11087161
11087366
11087471
11089628
11092580
11092734
11092742
11092750
11092769
11092777
11092858
11093099
11094028
11095350
11096535
11097647
11097655
11099445
11099518
11099526
11099666
11100052
11100168
11100362
11100559
11100621
11101083
11101164
11101768
11101849
11101903
11102608
11104902
11105313
11105690
11105704
1110578X
11106131
1110662X
11107243
11107251
1110757X
11108630
11108657
11108665
11108673
11109823
11125209
11143800
11146834
11152613
11162775
11171936
11174145
11180021
11181028
11184841
11188561
11193077
11195096
1119944X
1120009X
11200146
11200391
11200421
11200650
11201770
11201797
11201908
11202254
11202467
11202726
11202742
11202890
11203137
11203455
11203560
11203749
11203757
1120379X
11203803
11203846
11203862
11204001
11204052
11204826
11205776
11205989
11206330
11206349
11206373
11206721
11206861
11207000
11207183
11207434
11208538
11208651
11208686
11208694
11209135
1120947X
11209488
11209496
11209526
11209550
11209607
11209763
11209879
11209976
11211148
11211539
11211709
11211717
1121189X
11211946
11212098
11212179
11212233
11213086
11214171
11214201
1121421X
11216921
11217081
11217138
11217588
11217596
1121760X
11218142
11218339
11218428
11218460
11218819
11219017
11219041
11219130
11219696
11219750
11220279
1122035X
11220392
11220538
11220643
11221151
11221259
11221917
11222247
11222654
11222824
11225017
11225157
11225165
11225750
11225807
11226714
11227176
11227672
11227893
11228385
11228628
11228652
11228679
11228792
11229497
11232536
11232560
11235063
11235624
11236337
11237023
11238178
11239247
11239344
11239395
11240008
11240059
11240490
11241225
1124139X
11241845
11241896
1124318X
11243562
11243694
11244593
11244909
11247169
11248874
11248882
11249064
11249390
11250003
11250135
11251263
11251964
11253789
11253819
11254653
11254718
11255196
11255552
11255579
11257865
11258055
11259078
11259183
11261072
11261668
11262737
11263504
11265434
11266244
11266708
11268042
11269510
11269952
11270020
11270195
11271035
11271140
11273070
11273496
11274867
11276061
11276096
11276126
11276339
11278250
1128045X
11282045
11282401
11282460
11283602
11284293
11286598
11286768
11287462
11289155
1128935X
11292369
11292377
1129471X
11294728
11295767
11296569
11297298
11298596
11298723
11298758
11300108
11300507
11300515
11300558
11301406
11301473
11302097
11302283
11302399
11302402
11302496
11302887
11303204
11303611
11303743
11304251
11304715
11304995
11305029
11305274
11305509
11305665
11306149
11306343
11307099
11307269
11308001
11308354
11308621
11309741
11309903
11313587
11315253
1131558X
11315598
11315768
11316756
11316837
11316993
11317965
11318635
11319070
11320095
11320214
11320249
11320265
11320559
11321261
11321296
1132175X
11321873
11321881
11321989
11322217
1132239X
11322799
11323973
11326255
11326891
11327200
11328312
11328460
11328940
11329483
11330104
11330376
11330406
11330473
11330481
11330686
11330740
11330902
11330953
1133309X
11333197
11333634
11334525
1133455X
11334762
11335351
1133598X
11336137
11336579
11336595
1133682X
11338482
11339160
11340096
11341629
11342072
11342277
1134248X
1134282X
11343060
1134315X
11343230
11343478
11344032
11345764
11346396
11347198
11347708
11347872
11347937
11348046
1134928X
1134993X
11350946
11350970
11352523
11352760
11352841
11353074
11353716
11353848
1135416X
11354178
11354542
11354712
11355727
11355948
11356405
11356618
1135755X
11357606
11357789
11358122
11358599
11358831
11360593
11361034
11362464
11363169
11364076
11364890
11365420
11365536
11365773
11365781
11368071
11370351
11370734
11372273
11372311
11372346
11372834
11373601
11375019
11376368
11376627
11376821
11378174
11378654
11380322
11381728
11382074
11383194
11383305
11383593
11384026
1138414X
11384824
11384891
11385596
11385758
11385774
11385790
11385820
11385952
11386029
11386045
11386363
11387165
11387262
11387319
11387416
11387548
11389621
11389672
11389788
11389877
11390107
11390158
11390921
11391138
11391375
11391472
11391723
11392096
11392436
11393394
11394714
11394773
11395583
11395737
11396121
1139613X
11396202
11396660
11396709
11397241
11397357
11397365
11397489
11397632
11397853
11397861
11398736
11399287
11399368
11399759
11399791
11404639
11417161
11422785
11422904
11440546
11460733
11465735
1146609X
11466480
11476753
11477806
11479213
11485493
11488158
11496576
11501944
11508809
11510285
11515422
11523336
11525428
11532424
11542721
11542799
11545232
11551704
11553219
11553316
11554304
11554312
11554320
11554339
11554452
11555645
11565233
11571489
11571497
11574186
11575999
1157996X
11581336
11581360
1160932X
11610301
11610492
11612770
11619317
11619473
11629088
11631961
11634723
11644796
11645563
11645571
11646756
11650354
11651083
1165158X
11662654
11663081
11663413
11667087
11667699
11668598
11671122
11674687
11677422
11697954
11698330
1170229X
11707690
11710195
1172028X
11720360
11721979
11724382
11726156
11726164
11727039
11727047
11730250
11731036
11732032
11732563
11732571
11732946
11736135
11737956
11738790
11738804
11739126
11740043
11741740
11742135
11742704
11743379
11744707
11745398
11745878
11745886
11747986
11749857
11750561
11752025
11752203
11752882
11753277
11753455
11755326
11755636
11755652
11756349
11756357
11756365
11758708
11759003
11759038
11760710
11762322
11762330
11762551
11762888
1176306X
11763450
11763647
11764201
11765119
11766093
11766328
11766336
11766344
11767529
11769092
11769106
11769114
11769343
11769351
11769785
1177083X
11771062
11771801
11771828
11772484
11772719
11772727
11773901
1177391X
11773928
11773936
11775467
11775475
11775483
11775491
11775653
11775661
11776250
11778881
1177889X
11778903
11779314
11779322
11781149
11781157
11781165
11781173
11781181
1178119X
1178122X
11781653
11781998
11782005
11782013
11782218
11782234
11782242
11782390
11782595
11785608
11786221
11786302
11786310
11786329
11786345
11786353
11786388
11786418
11786426
11786450
11786469
11786930
11786949
11786957
11786965
11786973
11786981
1178699X
11787007
11787015
11787023
11787031
1178704X
11787058
11787066
11787074
11787082
11787090
11787104
11787112
11788933
11790660
11790695
11790776
11791314
11791322
11791330
11791349
11791357
11791365
11791373
1179139X
11791403
11791411
1179142X
11791438
11791454
11791462
11791470
11791489
11791497
11791500
11791519
11791535
11791551
1179156X
11791578
11791586
11791594
11791608
11791616
11791624
1179237X
11792728
11792736
11792744
11792752
11793155
11793163
11793201
11795441
1179545X
11795468
11795476
11795484
11795514
11795522
11795530
11795549
11795557
1179559X
11797258
11798602
11798912
11800518
11802332
11804009
11804882
11809175
11816058
11817186
11818700
11818778
1181912X
11819510
1183112X
11831278
11835702
11837306
11853638
11877863
11880325
11883669
11883774
11884169
11884517
11888725
11925604
11925612
11926422
11928336
1195096X
11951036
11951982
11952199
11952695
11953071
11953101
11955252
11955449
11956860
11959479
11961198
11961961
11978554
11980052
11982241
1198581X
1198743X
11989742
1200670X
1201026X
12012580
12013080
12013390
1201561X
12015989
12019712
12031178
12034754
12036765
12037796
12038407
1203844X
12045357
12056626
12056685
12057088
12057398
12057533
12057541
12058629
12058890
12059838
1206212X
12062138
12063312
1206548X
12069620
12077798
12086002
12086010
12086029
12086037
12086045
12086053
12086606
12091367
12100048
12100250
12100366
12100420
12100455
12100552
12100668
12101389
12102512
12102695
12102709
12103055
12103195
12103209
12103306
12103527
12103640
12104027
12105759
12106313
12107182
1210762X
12107778
12107816
12107824
12107832
12107859
12107867
12107875
12107883
12107905
12107913
12107921
12108197
12108812
12109029
12109126
1210955X
12110329
12110981
12111074
1211247X
1211264X
12112658
12113174
12113247
12113395
12113778
12114286
12114413
1211555X
12117250
12117390
12117420
12117579
12118117
12118516
12118796
12119059
12119326
12119520
12120014
12120383
12120391
12120634
12121185
12121800
12121819
12121975
12122580
12123536
12123609
12124117
12124540
12124834
12125059
12126209
12126721
12126853
12126861
12127191
12127299
12127973
12128570
12129097
12129151
12129887
12130028
12130494
12132446
12132489
1213323X
12133248
12133841
12135372
12135763
12136204
12136964
12136972
12137103
12137243
1213807X
1213810X
12138118
12138312
12138770
1214021X
12140287
12141119
12141178
12142158
12146463
12146994
12147915
1214813X
12148407
12149705
12151610
12155950
12160555
12162051
12162574
12166014
12167827
12168068
12168076
12169803
12173231
12174696
12178837
12178950
12178969
12178977
12193933
12194956
12197580
12199087
12200522
12200859
12200875
12200905
12200913
12201766
12201898
12203696
12203734
12203874
12205052
12205168
12205249
12205311
12205400
12205532
12205818
1220658X
1220871X
12209848
12211249
12211451
1221146X
1221356X
12214167
12214639
12214973
1221650X
1221678X
12218421
12218618
12219118
12222119
12223891
12224227
12225347
12229016
12232254
12234974
12236039
12236934
12237027
12239666
1224032X
12241768
12241784
12242284
12242780
12243086
12243450
12245119
12245593
12245704
12245712
12245984
12246808
12247154
12247448
12248398
12248703
1224984X
12250112
12250163
12250198
12250201
12250279
12250562
12251151
12251585
12251763
12253804
12254428
12254568
12254614
12254657
12254886
12255017
1225505X
12255467
12255610
12255947
12256382
12256463
1225651X
12256951
12257281
1225729X
12258245
12258318
12258563
12258687
12258822
12258873
12259012
12259071
1225925X
12259276
12259306
12259330
12259438
12259578
12259594
12260053
12260061
12260282
12260479
1226072X
1226086X
12261025
12261165
1226119X
12261726
12261750
12262560
12262617
12263192
12263311
1226332X
12263613
12263907
12263923
12264512
12264601
12264709
12264768
12264776
12264806
12264865
12264873
12264881
1226508X
12265934
12266116
12267708
12267988
12268046
12268240
12268372
12268453
12268615
12268763
12269239
12269328
12282472
12290076
12291374
12291595
12292184
12292370
12292818
12292893
12293008
12293067
12293288
12294659
12295299
12295515
12295949
12296929
12297607
12297801
12298093
1229828X
1229845X
12298557
12298670
12299138
12299162
12299197
12299367
12300322
12300535
12301388
12301485
12301612
12301868
12302384
12302813
12302821
12302945
12303100
12303402
12303429
12303666
12305359
12306002
12306142
12306169
12306428
12306894
12306967
12307483
12307831
12308013
12308323
12310956
12311413
12311952
12311960
12313726
12316407
12321087
12321966
12323071
1232308X
12328855
12329142
12329274
1232986X
12329878
12329886
12330132
12331821
12332356
12332585
12334723
12335835
12336173
12337234
12338680
12339687
12341010
12341983
12342238
12343099
12345792
1234625X
12347655
12349496
1234950X
12350605
12350613
12350621
12367850
12382086
12385018
12388785
12390518
12390992
12396095
1239629X
12396303
1239632X
12399736
12401307
12404535
12404543
12404551
12408093
12415294
12421383
12436933
12444014
12444022
12448168
12452092
12454060
12460125
12467391
12467405
12467820
12468185
12474819
12489204
12489433
12499951
12503274
12503347
12506559
12507334
12518050
12518069
1252607X
12526576
12527017
12534404
12537020
12538078
1254728X
12547670
1255250X
12570273
12575011
12585769
1258780X
12588210
12591734
12594792
12595969
12595977
12595985
12604984
1261694X
1262022X
12622788
12623318
12623377
12623490
12623601
12623636
12624586
12646520
12647527
12651354
12654906
12655449
12656534
12659576
12660167
12665304
12665371
12667706
12674397
12674982
12677167
12678694
12686034
12687731
12691496
12691763
12693286
12696935
12700835
12709050
12709638
12729752
12729949
12732761
12764930
12783218
12783366
12784699
12790958
12795127
12797707
12797960
12798479
12798509
12798517
12801437
12808571
12809551
12809659
12812463
12824038
12836656
12846090
12848360
12860042
12860050
12860107
12860115
12860921
12864560
12864579
12864692
12864838
12864854
12864897
12865494
12865559
12865702
12871672
1287258X
12874620
12877352
12900729
12900796
12903841
1290385X
12903868
12907839
12911941
12912530
12923818
12927953
12928100
12928119
12928933
12928941
1292895X
12932558
12938505
12938882
12944475
12945501
12946303
12948322
12949361
12950661
12959022
1295926X
12959359
12962074
12962139
12962147
12969281
1297319X
12973203
12975354
12976318
12979562
12979570
12979589
12979643
1297966X
12979678
12979686
12979694
12979708
12979716
12986046
12992518
13000012
1300008X
13000098
13000101
1300011X
13000128
13000144
13000152
13000160
13000179
13000292
13000306
13000330
13000381
13000438
13000527
13000543
1300056X
13000578
13000594
13000608
13000632
13000659
13000667
13000675
13000683
13000691
13000705
13000861
13000985
13001256
13001337
13001361
13001795
13001817
13001884
13001957
1300199X
13002163
13002996
13003356
13003453
13003615
13003984
13004182
13004301
13004360
13004433
13004832
13004948
13005227
1300526X
13005286
13005340
13005804
13006045
13006320
1300638X
13006614
1300669X
13006738
13006827
1300686X
13006878
13007467
13007475
13007491
13007580
13007599
13007718
13007777
13008552
13008757
13008773
13009141
13009583
13010522
13010549
1301062X
13010883
1301109X
13011111
13011375
1301143X
13012193
13012746
13012894
13013149
13015680
13017667
13018566
13018825
13018841
13019309
13019724
13020072
13020099
13020234
13020250
13020471
13021192
13021664
1302177X
13023217
13025600
13025805
1302597X
13026011
13026488
13026631
13027050
13027808
13028324
13028723
13029657
13030248
13030701
13030914
13031775
13031783
13032712
13032917
13032968
13033646
13035010
13035150
13036106
13036114
13036122
13036130
13036157
13036165
13036173
13036181
13036203
13036521
1303734X
1303829X
13039709
13040855
13042580
13042947
13043889
13043897
13044591
1304530X
13046020
13047310
13047361
13049054
13050028
13051458
13052381
13053299
13053515
13053612
13053825
13054252
13055194
13055267
13055550
1305578X
13057456
13057464
13057707
13058215
13058223
13058282
1305905X
13059076
13059319
13059327
13060015
13060945
13060961
1306133X
13063030
13063057
13063065
13066048
13066137
1306696X
13067656
13068253
13068814
13071068
13071130
13071173
13071602
13071637
13072080
13075543
13076167
13076175
13076183
1307671X
13077384
13077635
13078798
13079034
13079298
13079867
13081470
13082523
1308416X
13084178
13085255
13085263
13085271
13085387
13085581
13085727
13085735
13086308
13087576
13087584
13087649
13087711
1308772X
13087800
13088459
13088734
13088742
13089234
13089846
13090127
13090291
13090313
13090348
13090380
13090399
13090658
13090674
13090720
13090801
1309100X
13091042
13091506
13091689
13091719
13092014
13092057
13093568
13093843
13093886
13093924
1309422X
13094297
13094483
13094572
13094653
13095129
1309517X
1309534X
13095730
13095749
13096222
13096575
13096591
13096680
13096745
13098055
13099108
13100335
13100351
13100505
13101331
13102818
1310392X
13103970
13104284
13104772
13107798
13107828
13108131
1310912X
13109537
13110160
13110454
13111477
13111728
13111817
13112872
13115065
13115308
13117629
13118080
13118706
13119109
13119702
13120484
13120832
13122517
13125192
13125257
1312773X
1312885X
13128876
13131311
13132458
13132644
13132652
13132709
13132970
13132989
13133543
13136569
13138502
1313888X
13139940
13140213
13140817
13141902
13141929
13142003
13142011
13142100
13142143
13142224
13142321
13142488
13142615
13142704
13142828
13143247
13143301
13143395
13143859
13143905
13144049
13144057
13144081
13145592
13145673
13146084
1314684X
13146947
13147218
13147374
13147471
13147641
13148060
13148710
13150855
13152068
13152378
1315642X
13159518
13159984
13160354
13163361
13165216
13167138
13169688
13175262
13179152
13180185
13180207
13181874
13182099
13182498
13183222
13183362
13184458
13184717
13185454
13188828
13189425
13190164
13191578
13191683
13192388
13192442
13193767
13194534
13195166
1319562X
13196103
13196138
13196995
13200682
13200968
13201271
1320145X
1320159X
13202480
13203185
13205323
13205331
13205358
13205455
13205463
13206095
13206133
13207881
13209787
13210122
1321103X
13212753
13216597
13217348
13217844
13218166
13218719
13220829
13221698
13222384
13224913
13227114
13227130
13227696
13228803
13229214
13229400
13231316
13231650
1323238X
13233475
13233580
13235109
1323577X
13235818
13237799
13238922
13238930
13239686
13241435
13241540
13241583
13242296
13242881
13243780
13244175
13244272
13245821
13249347
13257730
13258273
13260111
13260200
13260219
13261932
13262238
13263390
1326365X
13264443
13264826
13265377
13266756
13271652
13272020
13272314
13274414
13279556
13280163
13283154
13284207
13287265
13287982
13288067
13288318
13291947
13296221
13297147
1329878X
13300008
13300016
13300067
13300075
13300083
13300091
13300113
1330013X
13300164
1330027X
13300288
1330030X
13300466
13300474
13300520
13300598
1330061X
13300644
13300652
13300695
13300938
13300962
13301012
13301136
13301144
13301365
13301403
1330187X
13302655
13302965
13303627
13303651
13304860
13306928
13307142
1330724X
13307274
13307533
13307665
13309587
13309862
13310151
13310194
13310623
13311182
13311441
13312294
13312758
13312820
13313010
13313878
13314343
13315854
13316745
1331677X
13317202
13317563
13317768
13317776
13318004
13318055
13319264
13320718
13320742
13323431
13327461
13328166
13329049
13331108
13331124
13334395
13334875
13335286
1333896X
13339125
13339133
13339451
13342312
13342630
1334417X
13344366
13345605
13346938
13350013
13350102
1335048X
13350552
13350560
13350617
13350668
13351257
13351303
13351532
13351745
13351788
13351842
13352555
1335258X
13352806
13353055
1335342X
13353632
13354205
13356372
13356380
13356399
13358421
13358871
13358987
13359096
13359150
13360329
13360337
13361376
13362364
13363786
13363824
13364561
13365266
13365835
13366157
13366637
13367811
1336782X
13368052
13368605
13368672
13369245
13369563
1337026X
13370960
13373463
13376748
13376853
13376861
13377027
13377477
13377590
13377892
13378384
13378740
13379038
13379275
13379291
1337933X
1337947X
13379569
13379690
13380044
13380230
1338130X
13381385
13381563
13382144
13382209
13382799
13383655
13384015
13384139
13384287
13384295
13384309
13384341
13384376
13385178
13385267
13385615
13385674
13386034
13386905
13387219
13387227
1338984X
1339004X
13390163
13392204
13393022
13393103
13393944
13394533
13395629
13398474
13399357
13399578
13402544
13402781
13402838
13403397
13403443
13403478
13403516
13403540
13404202
13405551
13405705
13406000
13406116
13406868
13407007
13408046
13408054
13408062
13409654
1341027X
13410725
13411098
13411268
13411357
13411667
13411683
13412051
1341321X
13413473
13415301
13416979
13417215
13417568
13417649
13417738
13418076
13418939
13418963
13418998
13419145
13419463
13419625
13420054
1342078X
13421670
13421751
13422618
13423681
13423819
13424327
13424580
13424815
13426311
13426907
13428144
13428810
1342937X
13430130
13430874
13431420
13432826
13433490
13433873
13434144
13434152
13434284
13434292
13434349
13434500
13434934
13438670
13438786
13438832
13438875
13439006
1343943X
13439677
13440241
13441272
13441388
13441698
13443542
13443755
13443941
13444964
13446223
13446231
13446304
13446606
13446835
13447610
13447653
13447912
13448129
13448994
13449443
13449656
13449702
13449931
13449958
13450069
13452630
13453041
13453475
13453807
13454617
13454676
13454773
13455354
13455834
13456296
1345630X
1345711X
13457942
1345868X
13458957
13459678
13459996
13460358
13460714
13461176
1346213X
13463276
13463500
13463969
13464280
13464523
13465597
1346602X
13467271
13467395
13467565
13467581
13468014
13468049
13468073
13468235
13468650
13468804
13469843
13470442
13470558
13472194
13472879
13473182
13473352
13473506
13473700
13473735
13474065
13474081
13474367
13474405
13474421
1347443X
13474715
13474820
13475177
13475207
13475215
13475223
13475320
13475355
13475509
13475525
13475533
13475622
13475800
1347605X
13476068
13476114
13476297
13476890
13476947
13477358
13477439
13477501
13477951
13478397
13478613
13478648
13478826
13479032
13479466
13479555
13479725
13480316
13480391
13480421
13480545
13480634
13480677
13480685
13480693
13482165
13482238
13482246
1348284X
13483447
13484400
13484478
13484540
13485032
1348513X
1348589X
13486012
13486160
13486535
13488147
13488163
13488341
13488503
13488570
13488643
13488678
13488945
13489151
13489585
13490079
13490222
13490486
13490923
13490990
13491008
13491717
13492365
13492543
1349273X
13492896
13492942
13493205
13493299
13493329
1349340X
13493507
13494147
13494198
13494724
13495747
13496476
13496867
13497006
13497235
13497979
13498029
13498169
1349838X
13498606
13498614
13499092
13499262
13500775
13500872
13500961
13501674
13501763
1350178X
13501917
13501925
1350231X
13502344
13502352
13502360
13502379
13502387
13502395
13502409
13502417
13502425
13502433
1350245X
13502794
13502808
13502816
13502840
1350293X
13504126
13504177
13504487
13504495
13504509
13504533
13504622
13504630
13504789
13504827
13504851
1350486X
13504894
13505033
13505068
13505076
13505084
13506129
13506277
13506285
13506307
13506501
13506773
13507265
13507486
13507532
13507540
13507583
13507702
13509047
1350911X
13509349
13509357
13509462
13509829
13510002
13510029
13510088
1351010X
13510126
13510266
13510347
13510363
13510622
13510711
13510754
13511416
13511610
13513249
13513958
13514393
13515101
13515462
13515578
13515993
13516647
13517848
13518046
13518216
13518372
1351847X
13518488
13519603
13520237
13520504
13522310
1352237X
13522450
13522523
13522752
13522779
13523252
13523260
13523279
13523929
13524585
13524658
13524739
13524755
13527258
13527266
13527592
13527606
13527797
13527967
13528165
13528505
13528513
13528661
13528769
13528882
13528963
13530089
13530194
13530224
13531042
13531131
13532561
13532618
13532642
1353274X
13532944
13533312
13533339
13533452
13534505
13534645
13534858
13534882
13535188
13535226
13535773
13536117
13536184
13537113
13537121
13537903
13538012
13538020
13538047
1353808X
1353825X
13538292
13538322
1353985X
13540602
13540661
1354067X
13540688
13540793
13541013
13542516
13542575
1354313X
13543725
13543776
13543784
13544063
13544187
13544195
13545078
1354523X
13545701
1354571X
13545752
13545760
13545981
13546783
13546805
1354750X
13547798
13547860
13548166
13548506
13548565
13549839
13549901
1354991X
1355008X
13550284
13550306
13550691
13551841
1355185X
13552074
13552198
13552511
13552546
13552554
13552570
13552600
13552910
13553259
13554565
13554786
13554794
13555111
13555146
13555243
13555502
1355557X
13555618
13555626
13555855
13556037
13556177
13556207
13556215
13556509
13556568
13557610
1355770X
13557718
13557858
13558145
13558196
13558250
13558358
13558382
13558404
13560751
13561049
13561294
13561448
13561820
13561863
1356191X
13562517
13562576
13562622
13563289
1356336X
13563378
13563467
13563475
13563807
13563890
13564765
13565362
13565389
13565524
1356644X
13566881
1356689X
13567500
13567667
13567888
13569082
1356918X
13569287
13569317
13569325
13569597
13569775
13569783
1357034X
13570560
13571419
13571516
13571559
13572334
13572725
13573039
13573217
13573292
13573322
13574175
13574310
13574809
13575007
13575201
13575279
13575309
13575317
13575325
13575341
13576275
13576283
13576321
1357633X
1357650X
13576941
1357714X
13577298
1357731X
13577336
13578170
13579215
13580574
13580671
13581066
13581538
13581988
13582267
13582283
13582291
1358314X
13583719
13583883
13583948
13586173
13586254
13586653
1358684X
13588257
13588265
1358863X
13588672
13588745
13590197
13590278
13590286
13590294
13590790
13590847
13590987
13591045
13591053
1359107X
13591355
13591789
13591835
13592998
13594117
13594184
13594311
1359432X
13594338
13595113
13595229
13595237
13595474
13595997
13596004
13596101
13596128
13596349
13596446
13596454
13596462
13596535
13596640
13596748
13597027
13597051
1359706X
13597078
13597086
13597108
13597337
13597345
13597388
13597566
13598139
13598155
1359835X
13598368
13598546
13598635
1359866X
13598678
13599364
13600443
13600451
1360046X
13600478
13600486
13600494
13600508
13600516
13600524
13600532
13600540
13600559
13600567
13600583
13600591
13600605
1360063X
13600648
1360080X
13600818
13600826
13600834
13600869
13601105
13601385
1360144X
13602004
13602241
13602276
13602322
13602357
13602365
13602381
13603108
13603116
13603124
13603736
13604015
13604813
13606263
13606417
13606441
13606719
13606743
13607413
13607456
13607804
13607863
13608185
13608495
13608592
13608606
13608746
13609939
13609947
13610244
13611267
13611526
1361164X
13611682
13612026
1361259X
13612611
13613111
1361326X
13613324
13613723
1361374X
13614533
13614568
13614576
13614916
13615874
13615904
13615939
13616137
1361617X
13616390
13616447
13616498
13616501
1361651X
13616528
13616536
13616587
13616595
13616617
13616633
13616641
1361665X
13616668
13617362
13617427
13617583
13617672
13618113
13618415
13619004
13619195
13619209
13619322
13619462
13619543
13619918
1362024X
13620347
13620436
13620452
13621017
13621025
13621572
13621688
13621718
13621807
13621971
13622013
13623001
1362301X
13623028
13623036
13623044
13623052
13623060
13623079
13623265
13623613
1362363X
13623699
13624393
13624806
13624962
1362511X
13625187
1362704X
1362766X
13627937
13629360
13629379
13629387
13629395
1363013X
13630296
13630539
13630601
13630814
13631950
13632094
13632434
13632469
1363254X
1363268X
1363271X
13632752
13633554
13633589
13634054
13634127
13634593
13634607
13634615
13635247
13635387
13636669
13636820
1363755X
13637681
13638491
13639080
13639196
1363951X
13639579
13639811
13640321
13640380
13640461
13642529
13642537
13642626
13642812
13642987
13643177
1364369X
13643703
1364436X
13645021
1364503X
13645072
13645080
13645145
13645447
13645498
13645501
1364551X
13645528
13645560
13645579
13645706
13646613
13646745
13646753
13646826
13646885
13646893
13646907
13646915
13646974
1364727X
13647830
13648152
13648233
13648470
13648535
13648594
13648829
13649027
13649213
13649221
1364971X
13649809
13649825
1364985X
13650556
13651005
13651501
13651609
1365182X
1365201X
13652028
13652044
13652052
13652079
13652087
13652095
13652109
13652117
13652125
13652133
13652141
13652168
13652214
13652222
13652230
13652249
13652257
13652265
13652273
1365229X
13652303
13652311
1365232X
13652338
13652346
13652354
13652362
13652370
13652397
13652400
13652419
13652427
13652435
13652443
13652451
13652478
13652486
13652494
13652516
13652540
13652559
13652567
13652575
13652583
13652591
13652605
13652613
13652621
1365263X
13652648
13652656
13652664
13652672
13652699
13652702
13652710
13652729
13652745
13652761
1365277X
13652788
13652796
13652818
13652834
13652842
13652869
13652885
13652893
13652907
13652915
13652923
13652931
1365294X
13652958
13652966
13652990
13653008
13653016
13653024
13653032
13653040
13653059
13653083
13653113
13653121
1365313X
13653148
13653156
13653164
13653180
13654187
13654624
13654632
13654675
13654802
13655531
13656937
13657127
13657305
13657313
1365781X
13657852
13658050
13658816
13658824
1365893X
13659979
13660071
13660691
13660756
13662511
13662716
13662724
13663666
13664387
13664530
13664786
13665278
13665456
13665545
13665626
13665650
13665804
13665812
13665839
13665847
13665855
13665863
13665871
1366588X
13665901
1366591X
13665928
13666282
1366638X
13667017
13667289
13668250
13668714
13668781
1366879X
13668803
13669516
13669877
13670050
13670069
13670123
13670131
1367014X
13670271
13670476
13670484
13670751
13671308
1367191X
13672223
13672630
13673270
13674587
13674676
13674803
13674811
13674935
13675435
13675494
13675567
13675788
13675931
13676261
13676539
13676733
13677543
13678272
13678280
13678523
13678779
13678868
13678922
13678930
13678949
13678957
13678965
13678973
13679007
13679015
13679031
13679120
13679430
13680005
13680277
13681109
13681222
13681230
13681435
13681494
13681613
13682148
13682156
13682199
13682679
1368275X
13682822
13683047
13683500
13684221
13684302
13684310
13684736
13684868
13684892
13684973
13685031
1368504X
13685201
13685538
13685937
13687506
13687638
13687646
13688375
13688642
13688790
13688804
13689290
13689800
13689894
13690191
13690523
13690663
13691058
13691066
1369118X
13691457
13691465
13691473
13691481
13691600
13691619
13691627
13691635
13691643
13691651
1369183X
13691856
13692607
13693034
13693786
13693999
1369412X
13694154
13694332
13695207
13695258
13695266
13695274
13695312
13696513
13696815
13696866
1369698X
13696998
13697021
1369703X
13697056
13697072
13697137
1369734X
13697412
13697625
13698001
1369801X
13698036
13698230
13698249
13698273
13698478
13698486
13698575
13698869
13699261
13700049
13700731
1370074X
13701444
13704621
13704788
13705954
13706071
13706233
13707493
1370754X
13716980
13728202
13734857
13737163
13737503
1373847X
13747886
13748505
13760963
13760971
13772368
13775723
13781863
13782274
13784641
13785087
13790668
13791176
13792547
13796100
13802011
13802038
13802224
13802933
13803395
13803603
13803611
13803689
13803743
13806068
13806076
13806165
13806645
13806653
13807323
13807501
1380782X
13807854
13807870
13808427
13809415
13811118
13811169
13811177
13811231
1381141X
13811991
13812386
13812416
13812424
13812564
13812890
1381298X
13813390
13813455
13814338
13814788
13815148
13815741
13816128
13816551
13816683
13816810
13818546
13822373
13823256
1382340X
13823892
13824090
13824147
13824309
13824414
13824554
13824996
13825577
13825585
13826662
13826689
13826905
13826980
13834517
13834649
1383469X
13834924
13835416
13835718
13835726
13835742
13835769
13835866
13837079
13837133
13837281
13837303
13837427
13837575
13837621
13838121
1383813X
1383875X
13841076
13841092
13841130
13842161
13842692
13845306
13845640
13845748
13845810
13845829
13846175
13846566
13846574
13846647
13846655
13846930
1385013X
13850172
13850180
13850229
13850237
13851101
13851292
13851314
13852000
13852140
13852256
13852264
13852728
1385299X
13853139
13853376
13853449
13853457
13853783
13854046
13854569
13854879
13854933
1385514X
1385772X
13857827
13857908
13857916
13858947
1385920X
1385951X
13859587
13860291
13861204
13861425
1386145X
13861514
13861964
13861980
13861999
13862073
13862316
13862588
13862618
13862766
13862820
1386341X
13863509
13864157
13864181
13864238
13864416
13864564
13865056
13866141
13866184
13866206
13866338
13866346
13866478
13866532
13866710
13867393
13867415
13867423
13867857
1386923X
13869477
13869620
13869795
13870076
13870874
13871307
13871579
13871609
13871811
13872176
13872273
13872532
13872656
13872834
13872842
13872877
13873326
13873547
13873741
13873806
13873954
13875485
13875841
1387585X
13875868
13876031
13876317
13876473
1387666X
13876678
13876724
13876732
13876740
13876759
13876783
13876805
13876872
13876988
13876996
13877003
13879316
1387974X
13880209
13880292
13880764
13881906
13881957
13881981
1388199X
13882074
1388235X
13882457
13882481
13882627
13883046
13883127
1388364X
13883690
13883895
13883909
13884360
13885545
13886150
13887890
13889532
13889842
13890166
13890344
13890352
13890417
13891189
13891286
13891359
13891723
13891987
13892002
13892010
13892029
13892037
13892177
1389224X
13892258
13892576
13892827
13892843
13894420
13894501
13894978
13894986
13895265
13895567
13895575
13895729
13895753
13896563
13896776
13896911
13897950
1389823X
13899155
13899333
13899341
13899457
13899600
13900110
1390082X
13903799
13908596
13909347
13909355
13914588
13915452
13915614
13918834
13919318
13920049
13920316
13920340
13920561
13921126
13921207
13921215
1392124X
13921258
13921320
13921355
13921487
13921525
13921630
13921649
13921657
13921665
13921681
13921843
13922130
13922343
13922785
13922831
13923196
13923730
13925016
13925113
13925369
13925504
13925520
13926292
13928295
13928589
13928716
13929313
13938088
1394035X
1394195X
13942506
13942603
13943065
13944444
13945130
13946234
13946870
13947990
13949330
13953907
13953931
13954199
13960296
13960458
13960466
13965883
1397002X
13971891
13973142
13975927
13981714
13982273
13985647
13989219
13989995
13990004
13990012
13990039
13990047
13991183
13992406
13993003
13993011
1399302X
13993038
13993046
13993054
13993062
13993089
1399543X
13995448
1399560X
13995618
13996576
13996738
14000350
14001829
14004089
14015439
14017431
14017458
14021501
1402151X
14022001
14022915
14029251
14029855
14029871
14031108
14034948
14034956
14036096
14037785
14038196
14038668
14039605
14041049
14041634
14043858
14044013
14046091
14049430
14050056
14050315
14050471
14050994
14051060
14051079
14051168
14051435
14051648
14052059
1405213X
14052253
14053195
14053322
14055546
14056666
14057425
14058871
14059193
14059940
14060086
14060124
14060132
14060175
14060914
14060922
14060949
14060957
1406099X
14062070
14062283
14062860
14062925
14062933
14063859
14064030
14064243
14066564
1406894X
1406992X
14069938
14069954
1407009X
14071908
14073110
14075806
14075814
14076160
14076179
14078619
14078724
1408032X
14080419
14082616
1408533X
14085348
14086271
14086980
14088711
1408967X
14093871
14094258
14096099
14097621
14104946
14107767
14108046
14111128
14112272
14115115
14119420
1412033X
14123606
14130270
14132087
14132478
1413294X
14133555
1413389X
14134152
14134853
14136538
14137054
14137372
14137615
14137704
14137852
14137895
14138050
14138123
14138271
14138557
14138670
14139138
14139324
14139596
14139936
14140055
14140365
14143283
14143410
14143518
1414381X
14144247
1414526X
1414722X
1414753X
14148145
14148536
14150980
14152983
14154366
14154714
14154757
14155273
14155419
14156814
1415790X
14158426
14158566
14159805
14159848
14159945
14163837
14172917
14173875
14178648
14182106
14182874
14188600
14189933
14198126
14198711
14200597
14202026
14202433
14202530
14203030
14203049
1420326X
14203715
14204096
14204932
14206803
14206811
1420682X
14206846
14207559
14208008
14208903
14208911
14208938
14208946
14208954
14208970
14208989
14208997
14209004
14209012
14209039
14209055
14209071
1420908X
14209098
14209101
14209136
14209519
14210185
14211750
14214466
1421556X
14215659
14215721
14216329
14217082
14219662
14219670
14219697
14219700
14219727
14219735
14219743
14219751
1421976X
14219778
14219786
14219794
14219808
14219824
14219832
14219859
14219867
14219875
14219883
14219891
14219913
14219921
1421993X
14219964
14219972
14219980
14219999
14220067
14220644
14222132
14222140
14222213
14222795
14222833
14222868
14222906
14224917
14224933
14226375
14226383
14226405
14226421
14226928
14226944
14226952
14226960
14227584
14228599
14229196
14229528
14230003
1423002X
14230046
14230054
14230062
14230097
14230100
14230127
14230135
14230143
14230151
14230186
14230194
14230208
14230216
14230224
14230232
14230240
14230259
14230267
14230275
14230291
14230305
14230313
14230321
1423033X
14230348
14230356
14230372
14230380
14230399
14230402
14230410
14230445
14235528
14240556
14240564
14240637
14240661
14241250
14241277
14242818
14243199
14243202
14243210
14243903
14243911
14243997
14244616
14244624
14244683
14244896
14245108
14245485
14245493
14245752
14246074
14247364
14247755
14247860
14248220
14248247
14248492
14248506
14248522
14248530
14248581
1424859X
1424862X
14248638
14248689
14248832
14248840
14249286
14249634
14253305
14254689
14255073
14255960
14256851
14256908
14256959
14258129
14258153
14259524
14262630
14263912
14268981
14269686
14270994
14273101
14274221
14274337
14274345
1427440X
1427941X
14279622
14281511
14282267
14282526
1428345X
14285851
1429009X
14292955
14296675
14297426
14300532
1430144X
1430175X
1430189X
14302772
14303663
14304031
1430483X
14305372
14306395
14306921
14307790
14308622
14308681
14309491
14309602
14309858
14310635
14310643
14310651
14311933
14311941
14312174
14312433
14312719
14313510
1431472X
14314983
14315254
14315831
14316730
14317613
14317621
14318172
14318814
14318857
14319268
14319276
14319292
1432010X
1432041X
14320428
14320436
14320444
14320452
14320460
14320479
14320487
14320495
14320509
14320517
14320525
14320533
14320541
1432055X
14320576
14320584
14320592
14320606
14320614
14320622
14320630
14320657
14320665
14320673
14320681
14320703
14320711
1432072X
14320738
14320746
14320754
14320762
14320770
14320789
14320800
14320819
14320827
14320835
14320851
1432086X
14320878
14320886
14320894
14320916
14320924
14320932
14320940
14320959
14320975
14320983
14320991
14321009
14321017
14321033
14321041
14321068
14321076
14321084
14321092
14321106
14321114
14321122
14321157
14321165
14321173
14321181
1432119X
14321203
14321211
14321246
14321254
14321262
14321270
14321289
14321297
14321300
14321319
14321327
14321343
14321351
1432136X
14321378
14321386
14321394
14321416
14321424
14321432
14321440
14321459
14321467
14321475
14321750
14321769
14321777
14321785
14321793
14321807
14321815
14321831
1432184X
14321866
14321882
14321890
14321904
14321920
14321939
14321955
14321963
14321971
1432198X
14321998
14322013
14322021
1432203X
14322048
14322056
14322064
14322080
14322099
14322102
14322110
14322129
14322137
14322145
14322153
14322161
1432217X
14322196
14322218
14322234
14322242
14322250
14322277
14322315
14322323
1432234X
14322625
14322994
14323745
14324334
14324350
14325012
14325195
14325217
14325225
14325233
14325241
14325411
14326981
14327643
14328232
14328364
1432847X
14328488
14328534
14328798
1432881X
14328917
14329077
14329123
14329190
14329360
14329417
14329425
14329840
14330148
14330237
14330350
14330407
14330415
14330431
1433044X
14330458
14330466
14330474
14330490
1433075X
14331055
1433111X
14331128
14332779
14332787
14332825
14332833
14332965
14332981
1433299X
14333015
14333023
14333031
14333058
14333317
14333988
14334259
14334909
14335158
14335255
14335298
14335719
14335883
14336510
14336839
14336847
14336863
14337266
14337339
14337347
14337398
14337479
14337541
1433755X
14337851
14338157
14338319
14338351
14338491
14338726
14339013
14339277
14339285
14339889
14340275
14340860
14340879
14341220
14341239
14341816
1434193X
14341948
14342308
14342758
14342944
14343207
14343584
14343916
14343932
14343940
14344475
14344483
1434453X
14344599
14344610
14344653
14344726
14344742
14344750
14344904
14345021
14345161
14345196
14345293
14345641
1434565X
14346001
1434601X
14346028
14346036
14346044
14346052
14346060
14346087
14346222
14346621
1434663X
14346931
14347229
14347512
14347636
14348411
14348462
14349728
14349922
14350130
14350211
14350629
14350645
14350653
14351080
14351099
14351102
14351250
14351269
14351277
14351285
14351536
1435165X
14351803
14351889
14351935
14351951
1435232X
14352443
14352451
1435246X
14353067
14353199
14354373
14355205
14355337
14355469
14355477
14355558
14355566
14355604
14355655
14355663
1435568X
14355930
14355949
14355957
14356031
1435604X
14356066
14356104
14356163
1435702X
14357739
14357747
14358107
14358115
14358131
14358603
14358921
1435926X
14359448
14359456
14359472
14359529
14359537
14359855
14359863
14359871
14360179
14360691
14361914
14361957
14362023
14362228
14362236
14362449
14362511
14362597
14362635
14362651
14362813
14363038
14363208
14363240
14363259
14363291
14363305
14363542
14363771
14363798
14364522
14364905
1436493X
14364948
14364980
14365057
14365065
14365073
14365081
14365103
14365693
14366002
14366207
14366215
14366274
14366304
1436736X
14367890
14368269
14368730
14369095
14369966
14369990
14370387
14370751
14370980
14370999
14371006
14371049
14371588
14371596
1437160X
14372053
14372096
1437210X
14372320
14372754
14372940
14373254
14373262
14374315
14374323
14374331
1437434X
14374358
14374781
14375567
1437773X
14377772
14377780
14377799
14378213
14379546
14379813
14381168
14381435
14381656
14382199
14382377
14382385
14383276
14383608
1438387X
14383888
14383896
1438390X
14384221
14384329
14384639
14384752
14384957
14385163
14385627
14387492
14387506
14387573
14387697
1438776X
1438793X
14387948
14388359
14388677
14388685
14388782
14388790
14388804
14388812
14388871
14389010
14389029
14389134
14389312
1438941X
14389428
14389592
14389746
14389762
14389916
14389940
14390027
14390108
14390221
14390256
14390264
14390272
14390280
14390299
14390302
14390310
14390329
14390337
14390345
14390388
14390396
1439040X
14390418
14390426
14390434
14390442
14390450
14390477
14390485
14390507
14390515
14390523
14390531
1439054X
14390566
14390574
14390590
14390795
14390930
14390973
14390981
1439099X
14391058
14391074
14391147
14391260
14391279
14391309
14391643
14391651
14391783
14391791
14391813
14391899
14391902
14392054
14392232
14392291
14392577
14393522
14393816
14393824
14393859
14393964
14393972
14393999
14394049
14394081
14394227
14394235
14394286
14394359
14394421
14394847
14395444
14396092
14396203
14396246
14396319
14396327
14396637
1439670X
14396912
14397358
14397382
14397595
14397609
14397617
14397633
14397641
14397676
14397803
14398516
14398621
1439863X
14399598
14399776
1439989X
14399903
14400405
14400952
14400960
14400979
14401584
14401592
14401606
14401614
14401630
14401665
14401673
14401681
1440169X
14401711
1440172X
14401738
14401746
14401754
14401770
14401789
14401797
14401800
14401819
14401827
14401835
14401843
14402440
14402807
14403307
14403455
14404788
14406047
14406055
14406381
14407833
14409151
14409917
14410591
14410745
14412551
14412713
14412772
14413523
14413582
14416638
14417049
14418126
14418142
1441984X
14421771
14421984
1442200X
14422018
14422026
14422034
14422042
14422050
14426404
14427001
14427591
14429071
14429985
14430770
14431394
14431475
14431661
14432447
14433605
1443430X
1443458X
14434873
14435454
14435756
14439255
14439506
14439573
14439611
14439646
14439883
14440903
14441683
14442213
14442892
14442906
14443058
14444496
14444976
14445530
14445921
14446162
14446928
14449838
14451336
14451433
14454386
14454408
14454416
14454866
14455226
14455781
14455994
14456354
14456664
14458330
1445937X
14459795
14461242
14461811
14462257
14464381
14465442
14466368
14467887
14468123
14468263
14468735
14468956
14469022
14469235
1447056X
14470594
1447073X
14470756
14472546
14472554
14473682
14474328
14474514
14474999
14476770
14476959
14478420
14479338
14479494
14479508
14479516
14479524
14479532
14479540
14479567
14479575
14479583
14480107
14480220
14480271
14480980
14482053
1448207X
14482398
14482517
14482940
14484528
14484846
14485028
14486032
14486083
14486563
14487527
14487535
14488094
14488345
14488353
1448837X
14489791
14490706
14490854
14491907
14492288
14492490
14493098
14494035
14495554
14495910
14498596
14498618
14498944
14498987
14499320
14499789
1450202X
14502194
14502267
14502275
14502887
14503417
14505339
14505444
14505584
1450569X
14505835
14505843
1450698X
14507188
14507994
14508109
1450863X
14509520
14509628
14512092
14513749
14513994
14514117
14514869
14514966
1451740X
14517485
14519372
14523981
14524864
1452595X
14527367
14528258
14528266
14528630
14535424
14538245
14539306
14542331
1454234X
14542358
14544164
14545101
14548100
1454864X
14548658
14549069
14550725
14568438
14569418
14573806
14574969
14577356
14586126
14586401
14590255
14590263
14596067
14601060
14601176
14601419
14601559
14601567
14602059
14602067
14602075
14602083
14602091
14602113
14602121
14602156
14602180
14602199
14602210
14602229
14602237
14602245
14602350
14602369
14602377
14602385
14602393
14602407
14602415
14602423
14602431
1460244X
14602466
14602474
14602482
14602687
14602695
14602709
14602725
14602733
14603632
14603780
14603799
14603969
14604086
14604582
14604728
14604744
14604752
14604760
14604779
14604892
14605147
14605856
14606690
14606720
14606739
14606887
14606925
14606976
14606984
1460700X
14607018
1460728X
14607425
14608081
14608235
14608545
14608790
14608944
14609568
14609576
14609584
14609592
14610213
1461023X
14610248
14611449
14611457
14611570
14613123
14613484
14613808
14614103
14614111
14614200
14614448
14614456
14614529
14614650
14614715
14615185
14615347
14615517
14616130
14616688
14616696
1461670X
14616718
14616734
14616742
14616971
14617072
14617110
14617153
14617196
14617293
14617331
14617668
14617781
14619555
14619563
14619571
14620049
14620146
14620308
14620316
14620324
14620332
14620758
1462138X
14621495
1462169X
14621843
14622165
14622203
14622416
14622459
14622815
14622912
14622920
1462317X
14623528
14623730
14623846
14623889
14623935
14623943
14623994
14624567
14624605
14624613
14624621
14624745
14624753
14625814
14625822
14625970
14626004
14626047
14626055
14626063
14626071
1462608X
14626098
1462611X
14626268
14626446
14627264
14628732
14628783
14628791
1462883X
14628848
14628902
14628910
1462897X
14629011
14629410
14629712
1463001X
14630095
14630184
1463046X
14630486
14631180
14631245
14631318
14631326
14631369
14631377
14631652
14631741
14634201
14634236
14634988
14634996
14635003
14635011
14635216
14635224
14635240
14635771
1463578X
14636204
14636336
14636395
14636409
14636646
14636689
14636697
14636778
14636786
14637154
14639076
14639084
1463922X
14639238
14639246
14639262
14639270
14639491
14639947
14639955
14639963
14639971
14640112
14640139
14640309
14640325
14640333
14640570
14640600
14640619
14640627
14640635
14640651
1464066X
14640678
14640686
14640694
14640708
14640716
14640732
14640740
14641321
14641801
14641895
14641909
14641917
14642506
14642514
14642662
14642859
14643154
14643332
14643391
14643405
1464343X
14643456
14643502
14643510
14643529
14643537
14643545
14643553
14643561
1464357X
1464360X
14643618
14643626
14643634
14643642
14643650
14643677
14643715
14643723
1464374X
14643758
14643774
14643790
14643804
14643812
14643839
14643847
1464391X
14644096
1464410X
14644177
14644193
14644207
14644258
14644266
14644622
14645033
14645041
1464505X
14645068
14645076
14645106
14645114
14645122
14645130
14645157
14645165
14645173
14645181
1464519X
14645203
14645238
14645246
14645262
14645270
14645289
14645297
14645300
14645319
14645327
14645335
14645343
14645351
1464536X
14645491
14646668
14646722
14647001
14647141
14647273
14647893
14647931
14648172
14648431
14648474
14648849
14649055
14649357
14649365
14649373
14649888
14649934
14650045
14651165
14651211
14651505
14651645
14651734
14651874
14651963
14652080
14652099
14653060
14653087
14653125
14653133
14653249
14653281
1465329X
14653303
14653311
14653338
14653346
14653354
14653362
14653397
14653400
14653419
14653427
14653443
1465346X
14653478
14653486
14653591
14653621
1465363X
14653648
14653656
14653664
14653753
14653869
14653877
14653885
14653893
14653915
14653923
1465394X
14653958
14653966
14653982
14654253
14654466
14654520
14654644
14655101
14655187
14655411
1465542X
14655489
14655659
14656485
14656493
14656566
14656612
14656620
14657252
14657279
14657287
14657295
14657325
14657333
14657341
1465735X
14657368
14657392
14657503
14658011
14658720
14658763
14658933
14659417
14659832
14659840
14659883
14659891
14659905
14659921
1465993X
14659972
14660407
14660466
14660822
14660830
14660970
14661381
1466142X
14661799
14661810
14661829
14661837
14661845
14661853
14661861
1466187X
14661888
14662035
14662043
14662094
14662108
14662132
14662523
14662914
14662922
14664100
14664208
14664240
14664275
14664291
14664305
14664313
14664321
1466433X
14664348
14664356
14664364
14664372
14664380
14664399
14664402
14664410
14664429
14664437
14664445
14664453
14664461
1466447X
14664488
14664496
14664518
14664526
14664542
14664615
14664658
14664860
14664879
14665026
14665034
14665123
1466531X
14665328
14665468
14666049
1466609X
14666642
14666650
14667266
14667401
14667657
14667681
1466769X
14668025
14668033
14668203
1466822X
14668297
14668386
1466853X
14668564
14668858
14668955
14670100
14670895
14671026
14671107
14671255
14672227
14672235
14672715
14672960
14672979
14672987
14672995
14673010
14673037
14673045
14673584
14674734
14674866
14675072
14675277
14675463
14675986
14676370
14676419
14676427
14676435
14676443
14676451
1467646X
14676486
14676494
14677644
14677652
14677660
14677679
14677687
14677695
14677709
14677717
14677873
14677881
14677954
14678039
14678047
14678268
14678284
14678292
14678306
14678330
14678365
14678373
14678381
1467839X
14678403
14678411
1467842X
14678446
14678454
14678462
14678470
14678489
14678497
14678519
14678527
14678535
14678543
14678551
14678586
14678594
14678624
14678640
14678659
14678667
14678683
14678691
14678705
14678721
14678802
14679205
14679213
14679221
1467923X
14679248
14679256
14679264
14679272
14679280
14679299
14679302
14679310
14679329
14679361
1467937X
14679388
14679396
1467940X
14679426
14679442
14679450
14679469
14679477
14679485
14679493
14679507
14679515
14679523
14679531
1467954X
14679558
14679566
14679590
14679620
14679639
14679647
14679663
14679671
1467968X
14679701
14679736
14679744
14679752
14679760
14679779
14679787
14679795
14679817
14679833
1467985X
14679868
14679876
14679884
14679914
14679922
14679930
14679957
14679965
14679973
14679981
1467999X
14680009
14680017
14680025
14680033
14680041
1468005X
14680068
14680084
14680092
14680114
14680122
14680173
14680181
14680254
14680262
14680270
14680289
14680297
14680300
14680319
14680327
14680335
14680343
14680351
1468036X
14680386
14680394
14680408
14680416
14680424
14680432
14680440
14680475
14680483
14680491
14680629
14680777
14680874
14681099
14681218
14681293
14681331
14681366
14681641
14681668
14681749
14681811
14681994
14682060
14682095
1468215X
14682230
14682249
14682257
14682281
14682311
1468232X
14682338
14682346
14682354
14682362
14682370
14682389
14682397
14682400
14682419
14682427
14682435
14682443
14682451
1468246X
14682478
14682486
14682494
14682508
14682516
14682621
1468263X
14682648
14682656
14682672
14682699
14682702
14682710
14682737
14682745
14682753
14682761
14682834
14682842
14682850
14682869
14682885
14682893
14682958
14682982
14683083
14683148
14683156
14683288
14683296
1468330X
14683318
14683768
14683814
14683849
14683857
14684004
14684233
14684322
14684330
14684349
14684357
14684365
14684373
14684381
14684446
14684489
14684497
14684519
14684527
14684535
14684780
14684799
14684810
14684829
14684837
14684845
14685248
1468568X
14685698
14685876
14685884
14685914
14685965
14685973
14686244
14686694
14686708
14686783
14686996
14687941
1468795X
14687968
14687976
14687984
14688115
14688123
14688417
14688581
14689340
14689367
14689618
14690047
14690071
14690268
14690292
14690314
14690446
14690667
14690705
14690756
14691760
14691779
14691787
14691795
14691809
14691817
14691825
14691833
14691841
14691930
14691957
14692104
14692112
14692120
14692147
14692163
1469218X
14692198
1469221X
14692872
14692899
14692902
14692910
14692945
14692953
14692961
1469297X
14692988
14693011
14693062
14693178
14693410
14693518
14693534
14693542
14693569
14693577
14693593
14693615
14693631
1469364X
14693666
14693674
14693682
14693690
14693704
14693712
14693739
14694344
14694360
14694379
14694387
14694395
14694409
14694417
14694425
14694441
1469445X
1469493X
14695065
14695073
1469509X
14695103
14695111
1469512X
14695138
14695146
14695154
14695405
14695758
14695766
14695782
14695790
14695804
14695820
14695847
14695871
1469588X
14695898
14695901
1469591X
14695928
14695936
14695944
14696053
14696703
14696711
1469672X
14697017
14697580
14697599
14697602
14697610
14697629
14697637
14697645
14697653
14697661
1469767X
14697688
14697696
14697742
14697750
14697769
14697777
14697785
14697793
14697807
14697815
14697823
14697831
14697874
1469798X
14698005
14698013
1469803X
14698048
14698056
14698064
14698072
14698080
14698099
14698102
14698110
14698129
14698137
14698145
14698153
14698161
14698188
14698293
14698307
14698315
14698323
14698331
1469834X
14698358
14698374
14698382
14698390
14698412
14698439
14698447
1469848X
14698498
14698668
14698692
14698706
14698714
14698730
14698749
14698951
14698978
14698986
14698994
14699001
1469901X
14699036
14699044
14699257
14699265
14699273
14699311
14699370
14699397
14699400
14699427
14699451
14699478
14699486
14699494
14699508
14699516
14699524
14699532
14699559
14699567
14699575
14699613
14699648
14699656
14699664
14699672
14699680
14699699
14699702
14699710
14699737
14699745
14699818
14699869
14699877
14699893
14699907
14699915
14699923
1469994X
14699966
14699982
1470000X
14700328
14701006
14701014
14701030
14701081
1470109X
14701111
1470112X
14701138
14701162
14701170
14701197
14701200
14701219
14701227
14701235
1470126X
14701278
14701294
14701308
14701316
14701324
14701332
14701340
14701375
14701537
14701553
1470160X
14701626
1470174X
14701804
14701820
14701847
14702029
14702045
14702061
14702118
14702266
14702436
14702541
1470269X
14703203
14703289
14703297
14703300
14703556
14703572
14703610
14703629
14703637
14704129
14704358
1470482X
14704994
14705427
14705664
14705826
14705931
1470594X
14705958
14706067
14706326
14706423
14706431
14707330
14707853
14707926
14708175
14708272
14708396
1470840X
14708442
14708477
14708590
14708728
14708736
14708744
14708752
14708914
14709031
14709120
14709236
14709252
14709325
14709465
1470949X
14709503
14709511
14709589
14709856
1471003X
14710048
14710056
14710064
14710072
14710080
14710153
14710188
14710226
14710234
14710242
14710307
14710358
14710366
14710374
14710528
14710552
14710676
14710684
1471082X
14710846
14711788
14711796
1471180X
14711834
14711842
14711893
14712091
14712105
14712121
1471213X
14712148
14712156
14712164
14712172
14712180
14712199
14712202
14712210
14712229
14712253
14712261
1471227X
14712288
14712296
1471230X
14712318
14712326
14712334
14712342
14712350
14712369
14712377
14712385
14712393
14712407
14712415
14712431
1471244X
14712458
14712466
14712474
14712482
14712490
14712598
14712806
14712857
14712946
14712954
14712962
14712970
14713012
14713063
14713101
14713802
14713918
14714051
1471406X
14714159
14714175
14714418
14714787
14714825
14714892
14714906
14714914
14714922
14714981
14715090
14715201
14715317
14715430
14715449
14715457
14715465
14715546
14715767
14715880
14715945
14715953
14716348
14716372
14716380
14716402
14716437
14716445
14716577
14716712
14716771
1471678X
14716798
14716836
14716844
14716852
14716879
14716909
14716917
14716925
14716933
14716941
14716968
14717204
14717697
14717727
14717794
14718030
14718197
14718219
14718278
14718286
14718359
14718391
14718405
14718731
14718847
14719037
14719053
14719827
14719967
14720205
14720213
14720256
14720299
14720701
14720795
14720817
14720825
14720949
14721465
14721473
14721481
14722240
14722674
14722739
14722747
14723263
14723581
14723646
14723654
14723891
14724049
14724154
14724421
14724472
14724561
14724642
14724669
14724677
14724782
14724790
14725363
14725843
14725851
1472586X
14725878
14725886
14725967
14726483
14726491
14726750
14726769
14726785
14726793
14726807
14726815
14726823
14726831
1472684X
14726874
14726882
14726890
14726904
14726920
14726939
14726947
14726955
14726963
1472698X
14727234
14727242
14727463
1472765X
14727773
14727862
14727870
14727978
14728028
14728117
14728214
14728222
14728923
14729288
14729296
14729342
14729679
14729725
14729792
14730189
14730197
14730391
14730480
14730502
14730766
14730782
14730790
14730804
14730928
14730952
14731150
14732130
14732165
14732254
14732262
14732297
14732300
14732971
14733021
14733099
14733145
14733250
14733269
14733277
14733285
14733315
14733404
1473348X
14733536
14734222
14734230
14734257
14734265
14735504
14735679
14735717
14735741
14735776
14735784
14735849
14735903
14735970
14736322
14736489
14736500
14736519
14736527
14736535
14736543
14736551
1473656X
14736586
14736691
14736810
14737086
14737124
14737140
14737159
14737167
14737175
14737507
14737604
14737752
14738031
1473804X
14738279
14738325
14738376
14738481
14738716
14738724
14739542
14739550
14739879
14740001
1474001X
14740028
14740036
14740044
14740052
14740060
14740095
14740222
14740338
14740346
14740524
14740540
14740559
14740575
14740583
14740605
14740648
14740656
14740664
14740672
14740680
14740699
14740893
14741032
14741733
1474175X
14741776
1474225X
14742640
14742659
1474273X
14742748
14742756
14742780
14742829
14742837
14743310
14743329
14743655
14743892
14743906
14744422
1474449X
14744740
14745003
14745151
14745186
1474547X
14745488
14746514
14746670
14746689
14746697
14746700
14746719
14746743
14746778
14747049
14747065
14747332
14747359
14747456
14747464
14747472
14747480
14747596
1474760X
14747731
14747758
14747766
14747863
14747871
14747979
14748177
14748185
14748231
14748460
14748479
14748665
14748851
14748932
14749009
14749041
1474905X
14749092
14749114
1474919X
14749475
14749718
14749726
14749734
14750198
14750279
14750414
14750708
14750902
14750929
14750961
1475097X
14751305
14751313
14751453
14751461
14751488
14751534
14751585
14751763
14751798
14752409
1475262X
14752654
14752662
14752670
14752689
14752697
14752700
14752719
14752727
14752743
14752832
14752840
14752859
14752867
14752875
14752883
14752891
14752999
14753014
14753030
14753057
14753065
14753081
14753138
14753162
14753219
14753324
1475357X
14753588
14753626
14753634
14753774
14753820
14753839
14753898
14754517
14754541
1475455X
1475472X
14754754
14754762
14754835
14754916
14754924
14754932
14754967
14754983
14754991
14755327
14755335
14755610
14755785
14755890
14756064
14756366
14756374
14756757
14756765
1475679X
14756803
14756811
1475682X
14757192
14757257
14757435
14757516
14757575
14757583
14757702
14757737
14758075
14758962
14759144
14759152
14759217
1475925X
14759276
14759292
1475939X
14759551
1475956X
14759756
14759861
1475990X
14759926
14759985
14760274
14760320
14760401
14760584
1476069X
14760711
1476072X
14760835
14761122
14761270
14761289
14761297
14761548
14761556
14761793
1476184X
14762129
14762854
14762870
14763141
14763419
14763427
14763435
14763443
14763516
14763540
14763567
14763990
1476413X
14764172
14764180
14764245
14764253
14764261
14764431
14764504
14764547
14764598
14764660
14764687
14764709
14764717
14764814
14764857
14764865
14764954
14764989
14765063
1476511X
14765276
14765284
14765292
1476542X
14765446
14765454
14765462
14765470
14765497
14765535
14765578
14765586
14765616
14765624
14765667
14765810
14765829
14765918
14765926
14766027
14766086
14766256
14766647
14766655
14766728
14766787
14766825
14766930
14767058
14767120
1476718X
14767244
14767333
14767341
14767392
14767430
14767503
14767724
14767937
14767961
14768062
14768186
14768267
14768275
14768283
14768291
14768305
14768364
14768518
14768690
14768917
14768941
14769018
14769085
1476914X
14769255
14769263
14769271
14769328
14769336
14769344
14769433
1476945X
14769581
14769948
14770024
1477027X
14770288
1477030X
14770318
14770326
14770350
14770369
14770377
14770385
14770393
14770415
1477044X
14770520
14770539
14770849
14770857
14770873
14770881
1477089X
14770911
1477092X
14770938
14770954
14770962
14770970
14770989
1477111X
14771128
14771500
14771535
14772000
14772019
14772213
14772221
1477223X
14772264
14772280
14772299
14772566
14772574
14772612
14772620
14772655
1477268X
14772701
1477271X
14772760
14772795
14772817
14772833
1477285X
14773155
14773163
14773708
14773724
14773848
14773880
14773996
14774003
14774054
14774062
14774070
1477450X
14774526
14774534
14774542
14774569
14774607
14774631
14774666
14774674
14774739
14774747
14775085
14775131
14775212
14775360
14775700
14775751
14775956
14776006
14776456
14776545
1477657X
14776804
14777029
14777053
14777266
14777274
14777282
1477741X
14777487
14777509
14777517
14777525
14777606
14777622
14777800
14777819
14777827
14777835
14778211
1477822X
14778238
14778246
14778351
14778386
14778394
14778424
14778556
14778564
14778599
1477870X
14778785
14778920
14778939
14779048
14779056
14779064
14779072
14779129
14779137
14779145
14779226
14779234
14779552
14779560
14779633
1477965X
14779714
14779757
14779803
1477996X
14779986
14780038
14780046
14780488
14780542
14780585
14780771
14780887
14780895
14780917
14780933
14780941
14781158
14781336
14781387
14781395
14781581
14781700
14781913
14782103
14782189
14782286
14782294
14782715
14782790
14782804
14783223
14783231
14783363
14783371
14783398
1478341X
14783428
14783576
14783967
14783975
14784092
1478422X
14784467
14784491
14784505
14784629
14784637
14785153
14785277
14785315
14785498
1478565X
14785706
14785714
14785722
14785730
14785854
14785951
1478596X
1478601X
14786095
14786354
14786419
14786435
14786443
14786451
1478646X
14786478
14786486
14786575
14786729
14786990
14787210
14787318
14787466
14787482
14787520
14787539
14787547
14787954
14788047
1478811X
1478856X
14788764
14788810
14789299
14789302
14789450
14789515
14789523
14789574
14789647
14789655
14789698
14789833
14789868
14789876
14789949
14789957
14790270
14790505
14790513
1479053X
14790556
14790602
1479067X
14790718
14790726
14790793
14790963
1479103X
14791064
14791072
14791110
14791137
14791250
14791420
14791471
1479148X
14791617
14791641
1479179X
14791803
14791811
14791846
14791870
14791889
14792354
14792362
14792370
14792443
14792451
14792494
14792508
14792516
14792605
14792621
14792753
14792915
14792931
14793059
14793067
14793105
14793113
14793121
1479313X
14793261
14793504
14793512
14793520
14793539
14793547
14793555
14793563
14793571
1479358X
14793598
14793601
1479361X
14793628
14793636
14793644
14793660
14793679
14793709
1479389X
14793903
14793911
1479392X
14793989
14794012
14794098
14794233
14794403
14794411
14794489
14794713
14794802
14794853
14794861
14795248
14795809
14795868
14795876
14795914
1479649X
14796651
1479666X
14796678
14796694
14796708
14797194
14797364
14797585
14797860
14797887
14798077
1479828X
14798301
14798336
14798344
14798352
14798387
14798409
14798425
14798751
14799014
14799022
14799189
14799723
14799731
14799855
14799995
14801752
1480221X
14802422
14803275
14803283
14803291
14803305
14803321
14805537
14806800
14808986
14809222
14814374
14815532
14818035
14818523
14818531
14819384
14819643
14819988
14821826
14827891
1483698X
14843684
14844672
14851571
14860945
14863847
14882159
14882310
14882353
14882361
14882434
14883473
14883694
14883708
14886316
14886324
14888386
14888408
14888416
1488917X
14892944
14904756
14923831
14926156
14927535
14927713
14928760
14929058
14929600
14929732
14944138
14947722
14962551
1496256X
14963892
1496399X
14964155
14964279
14964287
14966603
14968975
14969343
14970015
14973715
14985136
14992027
14992671
14992752
14993872
14994046
14996642
14996677
14996685
14998513
14998653
14999013
1500709X
15017419
15018415
15020878
15021149
15021866
15022250
15023850
15023869
15023885
15023923
15023931
15024717
15024725
15024873
15025292
15027244
15027570
15027686
15027694
15027708
15027716
15027724
15027732
15027740
15027791
15027805
1503111X
15031128
15031438
15042898
15042952
15044556
15046893
15049922
15050580
15051773
15052249
1505232X
15056732
15056740
15057429
1506218X
15064077
15064794
15069427
15069680
15069729
15071367
15072711
15074145
15075524
15075532
15075540
15076164
15077241
15077888
15079791
15081109
15082008
15082806
15085791
15092046
15093492
15093859
1509409X
15094553
15094995
1509572X
15098117
15099415
15099873
15111768
15112292
15112616
15112780
15112802
15113701
15114554
15116670
1511788X
15118819
15120015
15120082
15120112
15120511
15122891
15128601
15131874
15135934
1513718X
15137368
15139700
15140326
15143899
15144186
15145158
15147991
15148327
15153037
15153347
15155994
15159825
15160572
15161439
15161498
15163180
15163598
15163725
15164136
15164179
15164446
1516635X
15167275
15167399
15168484
15168913
15169332
1517106X
15173011
15173151
15174492
15174522
15175693
15176398
15176878
15177017
15177076
15177580
15177599
1517784X
15178382
15178692
15179702
15180158
15182398
15182797
15182924
15183319
15184196
15186776
15187853
15188345
15188795
15189368
15189384
1518952X
15190501
15191125
15191397
15191540
15193829
15193861
15195023
1519566X
15196089
15196984
15197077
15197530
1519874X
15199940
15200191
1520037X
15200426
15200434
15200442
15200450
15200469
15200477
15200485
15200493
15202585
1520281X
15203247
15203255
15203972
15204081
15204383
15204391
15204553
15204766
15204774
15204804
15204812
15204898
15204995
15205002
15205010
15205029
15205045
1520510X
15205118
15205126
15205134
15205142
15205207
15205215
15205363
1520541X
15205436
15205657
1520569X
15205711
1520572X
15205754
15205762
15205827
15205835
15205851
1520586X
15206025
15206033
15206041
1520605X
15206106
15206130
15206149
15206297
15206300
15206327
1520636X
15206378
15206394
15206416
15206424
15206432
15206440
15206459
15206505
15206548
15206564
15206629
15206653
15206688
15206696
15206750
15206769
15206777
15206793
15206807
15206831
1520684X
15206882
15206890
15206904
15207412
15207439
15207552
15207560
1520765X
15208524
15208532
15208583
15208745
15209156
15209202
15209210
15209229
15209245
15209512
15209857
15210081
1521009X
15210103
15210111
15210251
15210375
15210391
15210405
15210421
15210448
15210456
15210472
15210480
15210499
15210510
15210529
15210545
1521057X
15210588
1521060X
15210626
15210642
15210650
15210669
15210677
15210685
15210693
15210707
15210715
15210723
1521074X
15210758
15210960
15210987
15211029
15211037
15211398
15211401
1521186X
15211878
15212076
15212246
15212254
15212300
15212491
1521298X
15213250
15213269
15213323
15213331
1521334X
15213749
15213757
15213765
15213773
15213781
1521379X
15213838
15213862
15213870
15213889
15213900
15213919
15213927
15213935
15213951
1521396X
15213978
15213986
15213994
15214001
1521401X
15214028
15214036
15214052
15214079
15214087
15214109
15214117
15214125
15214141
15214176
15214184
15214281
15214613
15214621
15214672
15214842
15215385
15215768
15216047
15216136
15216543
15216551
15216616
15216896
1521690X
15216918
15216926
15216934
15216942
15216950
15217035
1521737X
15217388
1521740X
15219097
15219216
15219429
15219437
15219488
15219615
15220222
15220443
15220613
1522094X
15220958
15220966
15221059
15221210
15221229
15221466
15221490
15221504
15221539
15221547
15221555
15221563
15221598
15221601
1522161X
15221628
15221709
15221865
15221946
15221970
15222055
15222152
15222179
15222365
1522239X
15222403
15222454
15222586
15222594
15222616
15222624
15222632
15222640
15222675
15222683
15222888
15222942
15223140
15223159
15223396
15223434
15223442
15223868
15223949
15223965
1522404X
15224600
15224678
15224724
15224732
15224740
15224821
15224880
15224899
15224902
15225437
15225445
15225720
15226085
15226255
15226379
15226417
15226514
15226662
15227200
15227219
15227227
15227235
15227243
1522726X
15227278
15227383
15227464
15227510
15227898
15227952
15227987
15228002
15228037
15228053
15228150
15228401
15228517
15228649
15228681
15228789
15228835
15228851
1522886X
15228878
15228886
15228894
15228916
15228932
15228940
15228959
15228967
15228991
15229025
15229076
15229092
15229106
15229270
1522936X
15229580
15229602
15229610
15229629
15229645
15229653
15230406
15230430
15230481
15230864
15230899
15231496
1523150X
15231623
15231712
15231739
15231755
15232409
15232867
15232883
15233081
15233774
15233782
15233790
15233804
15233812
15233847
15233855
15234223
15234320
15234371
15234525
15234614
1523536X
15235378
15235475
1523553X
15235882
15235890
15235955
15235998
15236064
15236528
15236536
15236803
15236838
15236919
15237036
15237052
15237060
15239004
15239012
1523908X
15239179
15239225
15239829
15239896
15240215
15240436
15240657
15240703
15240711
15240754
15241521
1524153X
15241556
15241602
15241904
15241971
15242013
15242226
15242560
15243303
15244113
15244539
15244547
15244571
15244628
15244636
15244695
15244725
15244733
15244741
1524475X
15244830
15244938
15245004
15245012
15245039
1524511X
15245608
15245861
15246094
15246175
15246205
15246434
15246817
15247252
15247929
15248372
15248380
15248399
15248429
15248879
15249042
15249050
15249220
15249557
15250008
15250016
15250024
15251314
1525139X
15251403
15251411
1525142X
15251438
15251446
15251470
15251489
15251497
15251500
15251578
15251594
15251810
15252019
15252027
15252167
15252191
15252531
15252647
15253163
1525318X
15253198
15253252
15253279
15253511
1525383X
15253961
15254135
15254658
15255050
15255069
15255794
15256006
15256014
15256049
15256057
15256065
15256073
1525609X
15256103
15256111
15256480
15256499
15256790
15256995
15257304
15257401
15257541
1525755X
15257770
15257797
15257886
15258165
1525822X
15258599
15258610
15258882
15259102
15259153
15259404
15259951
15260046
15260232
15260542
15260550
15260704
15260976
15260984
1526100X
15261018
15261492
15261506
15261719
15262359
15262375
15262472
15262847
15263231
15263347
15263711
15263800
15263819
15264025
15264564
15264572
15264602
15264610
15264637
1526484X
1526498X
15264998
15265161
15265447
15265455
15265463
15265471
1526548X
15265498
15265501
1526551X
15265528
15265536
15265900
15265943
15266028
15266125
15266133
15266702
15267431
1526744X
15267539
15267547
15267598
15268004
15268012
15268209
15268233
15268748
15269248
15269396
15269523
1526954X
15269655
1526968X
15269906
15269914
15270025
15270289
15270297
15270815
15270904
15271161
15271315
15271323
15271404
15271544
15271897
15271919
15271927
15271935
15271951
1527196X
15271978
15271994
1527201X
15272028
15272036
15272044
15272052
15272060
15272079
15272087
15272109
15272125
15272133
15272141
15272494
15272648
15272729
15272737
15272966
15273172
1527330X
15273326
15273342
15273350
15273369
15273458
15273466
15273547
15273741
15273792
15273954
15274055
15274063
15274160
15274764
15274799
15275256
15275299
15275477
15275493
15275558
15275922
15275930
15275949
15276228
15276457
15276465
15276473
15276538
15276546
15276988
15277143
15277313
15277941
15278018
15278034
15278050
15278204
15278263
15278271
15278557
15278565
1527893X
15278999
15279359
15279383
15279464
15279472
15280012
15280020
1528008X
15280187
15280268
15280470
15280691
15280748
15280837
15281132
15281140
15281167
15281175
15282511
1528252X
15282651
15282686
15283356
15283488
15283542
15283577
15283585
15283593
15283658
15283933
15283968
15283976
15283984
15284042
15284050
15284190
15284204
15284212
15284336
15284425
15284840
15285855
15286363
15286916
15286932
15286940
15286959
15286967
15286975
15286983
15287033
15287084
15287092
15287106
15287378
15287386
15287394
15287483
15287505
15288250
15288277
15288331
1528834X
15288366
15288374
15288382
15288439
1528848X
15288870
15288889
15288919
15288951
15288978
15288994
15289044
15289117
15289168
15289303
15289648
15289931
15290131
15290824
15291006
15291049
15291227
15291456
15291464
15291499
15291502
15291510
15291529
15291634
15291774
15291839
15292096
1529210X
15292126
15292134
15292401
15292517
15292592
15292908
15292916
15293041
15293181
15293262
15293505
15293785
15294145
15294188
15294897
15294900
15295036
15295044
15295168
15295192
15296318
15296466
15296598
15297268
15297322
15297373
15297403
15297489
15297535
15297713
15297764
15297845
15297853
15298019
15298027
15298094
15298663
15298795
15298809
15298817
15298868
15298930
15299074
15299104
15299120
1529921X
15299430
15299716
15299732
15299740
15299775
15299783
1530017X
15300226
15300277
15300285
15300293
15300307
15300358
15300366
15300447
15300897
15300927
15301044
15301052
15301346
15301362
15301435
15301443
15301567
15301591
15301605
15301834
15301877
15302016
15302059
15302075
1530261X
15303004
15303535
15303667
15304086
1530437X
15304388
15304396
1530440X
15304515
15304736
15305058
15305627
15305678
15305686
15306429
15306550
15306860
15306984
15306992
15307026
15307085
15307131
15307190
15307638
15307905
15307921
1530793X
15308014
15308081
1530812X
15308200
15308561
15308669
15308677
1530888X
15308898
1530891X
15308995
15309134
15309142
15309169
15309177
15309185
15309274
15309290
15309304
15309312
15309320
15309576
15309681
15309827
15309932
15310035
15310043
15310132
15310183
1531023X
15310353
15310434
15310914
15311074
15311309
1531135X
15311864
15312054
15312135
15312216
15312267
15312445
15312542
15312941
1531295X
15312976
15312984
15313018
15313069
1531314X
15313204
15313220
15313263
1531328X
15313433
15313468
15313492
15314065
1531426X
15314278
15314332
15314650
15314715
15314804
15315010
15315053
15315088
15315169
15315487
15315681
15315754
1531586X
1531605X
1531636X
15316564
15316912
15316963
15316971
1531698X
15317005
15317013
15317021
1531703X
15317048
15317056
15317064
15317072
15317080
15317129
15317234
15317331
15317714
15318249
15318257
1531832X
15318567
15318699
15320073
15320081
15320383
15320456
15320464
15320480
15320545
1532060X
15320618
15320626
15320634
15320650
15320820
15320936
15321096
15321274
15321282
15321797
15321819
15321827
15322084
15322092
15322106
15322114
15322165
15322211
15322262
15322289
15322297
15322300
15322319
15322327
15322335
15322351
1532236X
15322378
15322386
15322394
15322416
15322424
15322432
15322459
15322475
15322483
15322491
15322505
15322513
15322521
15322548
15322882
15322890
1532298X
15322998
15323005
15323145
15323269
15323366
15323382
15323390
15323633
15323641
15323862
15323978
15324095
15324109
15324117
15324125
15324133
15324141
1532415X
15324168
15324184
15324192
15324206
15324214
15324222
15324230
15324249
15324257
15324265
15324281
1532429X
15324303
15324311
1532432X
15324400
15324435
15324796
1532480X
15324818
15324826
15324834
15324982
15325008
15325024
15325032
1532527X
1532530X
15325318
15325490
15325520
15325725
15325806
15325822
15325865
15325946
15325962
15325970
15326268
15326306
15326349
15326497
15326500
15326527
15326543
15326551
15326586
1532673X
15326748
1532687X
15326888
15326896
1532690X
15326934
15326942
15326950
15326969
15326977
15326985
15326993
15327019
15327027
15327035
15327043
15327051
1532706X
15327078
15327086
15327108
15327558
15327574
15327590
15327612
15327647
15327655
15327663
1532768X
15327698
15327701
15327736
15327744
15327752
15327795
15327809
15327817
15327841
1532785X
15327868
15327876
15327892
15327906
15327914
15327922
15327930
15327949
15327957
15327965
15327973
15328007
15328015
15328023
15328171
1532818X
15328198
15328201
1532821X
15328228
15328384
15328406
15328414
15328422
15328430
15328449
15328457
15328473
1532849X
15328503
15328511
1532852X
15328538
15328546
15328635
15328643
15328651
15328759
15328813
15328880
15328937
15329038
15329194
15329321
15329356
1532950X
15329798
1533001X
15330028
1533015X
1533029X
15330303
15330311
15330338
15330346
15330389
15330664
15330699
15330915
15331296
15331458
1533158X
15331598
15331601
15331709
15332101
15332128
15332276
15332292
15332500
1533256X
15332586
15332594
15332608
15332616
15332624
15332640
15332659
15332667
15332675
15332683
15332691
15332705
15332713
15332748
15332756
15332845
15332853
15332861
1533287X
15332888
15332896
1533290X
15332918
15332942
15332950
15332969
15332977
15332985
15332993
15333078
15333086
15333159
15333167
15333175
15333450
15333590
15333604
1533385X
15333876
15333884
15333973
15334023
15334031
1533404X
15334058
15334112
15334287
15334295
15334406
15334465
15334678
15334880
15335178
15335399
15336077
15336247
15336263
15336271
1533628X
15336794
15336808
15337006
1533712X
15337146
15337758
15337790
15337812
15337928
15337979
15337995
15338002
15338010
15338339
15338541
15338606
15338614
15338916
1533905X
15339114
15339211
15340384
15340392
15340708
15340856
15341267
15341453
1534147X
1534150X
15341518
15341828
15341836
15342115
15342131
15342158
15342832
15343081
1534309X
15343111
1534312X
15343138
15343146
15343170
15343189
15343219
15344320
15344436
15344681
15344827
15344843
15344916
15345084
15345165
15345181
15345203
15345238
15345351
15345807
15345823
15345874
15345955
15345963
15345971
1534598X
15345998
15346013
15346021
15346102
15346188
15346242
15346269
15346277
15346285
15346293
15346307
15346315
15346501
15346617
15346714
15346846
15347303
15347346
15347354
15347362
15347486
15347516
15347524
15347591
15347605
15347656
15347796
15348415
15348423
15348431
15348458
15348644
15348687
1534892X
15349594
15349713
15349721
15349861
15350118
15350266
15350665
15350770
15351025
15351084
15351203
15351459
15351467
15351645
15351653
15351661
1535167X
15351815
15351882
15352188
15352250
15352765
15352811
1535282X
15353141
15353508
15353516
15353532
15353605
15353699
15353702
15353893
15353907
15353958
15353966
15354970
15354989
15355306
15355535
15355632
15356108
15356310
15356523
15356574
15356698
15356760
15356841
1535685X
15357163
15357414
15357511
15357597
15357732
15357740
15358283
15358593
15359468
15359476
15359484
15359778
15359786
15360040
15360059
15360067
15360075
15360083
15360121
1536013X
15360172
15360199
15360245
15360288
15360334
15360342
15360636
15360644
15360652
15360903
15360911
15361055
15361098
15361225
15361233
15361241
1536125X
15361268
15361276
15361284
15361365
15361632
1536173X
15361802
15362302
15362310
15362426
15362442
15362558
15362639
15362922
15362930
15362949
15362957
15363155
15363678
15363686
15363694
15363708
15363724
15363732
15363740
15363759
1536383X
15363937
15364046
15364801
15364836
15365026
15365050
15365166
15365379
15365433
15365581
15366006
15366359
15366367
1536710X
15367118
15367150
15367290
15367355
15367509
15367967
15367975
15368378
15368386
15368599
1536867X
15369323
15369935
15370240
15370275
15370437
1537064X
15370755
15371301
15371581
15371646
15371719
15371727
15371794
15371891
15371913
15371948
15371964
15372073
1537209X
15372197
15372456
1537260X
15372618
15372642
15372650
15372677
15372693
15372707
15372715
15372723
15372731
1537274X
15372898
15372995
15373223
15373649
15374416
15374424
15374467
15374521
15374661
15375110
15375129
15375137
15375269
15375277
15375285
15375307
15375315
15375323
15375331
1537534X
15375358
15375366
15375382
15375390
15375404
15375781
15375897
15375927
15375935
15375943
15375978
15376176
15376370
15376494
15376516
15376524
15376532
15376583
15376591
15376605
15376613
15376680
1537744X
15377814
15377857
15377865
15377881
1537789X
15377903
15377911
15377938
15378020
15378039
15378276
1537890X
15378918
1537937X
1537940X
15379418
15379477
1538005X
15380378
15380637
15380645
15380653
15380726
15381242
15381501
1538151X
1538165X
15381927
15381935
15381943
15382443
15382656
15382931
15382982
15383008
15383199
1538344X
15383792
15383873
15383881
15384047
15384101
15384357
15384365
15384578
15384586
15384616
15384632
15384640
15384667
15384721
15384772
15384810
15384829
15384845
15385000
15385132
15385396
15385442
15385698
15385744
15386279
15386341
15386414
15386473
15386619
15387135
15387151
15387216
15387305
15387445
15387836
15387887
15387933
15388220
15388239
15388506
15388654
15388689
15389049
15389235
15389243
15389286
15389472
1538957X
15389588
15389685
15389731
1538974X
15389766
15389774
15389812
15389820
15389839
15389847
15390136
15390691
15390705
15390721
1539073X
15390756
15390829
15390837
15390934
15390942
15391450
15391515
15391523
15391590
15391604
15391612
15391647
15391663
15392031
15392422
15392465
15392570
15392791
15392864
15392880
15392937
1539297X
15392988
15393054
15393062
15393100
15393399
15393402
15393585
15393704
15394077
15394107
15394182
1539445X
15394492
15394565
15394646
15394794
1539591X
15395928
1539607X
15396088
15396150
15396290
15396304
15396509
15396630
15396746
15396851
15396924
15396975
15397262
1539736X
1539767X
15397718
15397734
15397742
15397785
15397858
15397890
15398137
15398250
15398285
15398323
15398412
1539865X
15398684
15398706
15399028
15399087
15399192
15399664
15399672
15400085
15400352
15400360
15401383
15401391
15401405
15401413
15401650
15401766
15401960
15401979
15402002
15402010
15402452
15402487
15402495
15402525
15402614
15402649
15402800
15403009
15403084
1540336X
15403408
15403416
15403459
15403548
15403572
15403580
15404048
15404064
15404080
15404102
15404129
15404153
15404196
15404560
15404595
15404609
15404706
15404714
15404722
15404730
15404749
1540496X
15405303
15405702
15405710
15405834
15405885
15405893
15405907
15405915
15405923
15405931
15406008
15406210
15406229
15406237
15406245
15406253
15406261
1540627X
15406288
15406296
15406385
15406563
1540658X
15406997
15407012
15407020
15407039
15407063
15407136
15407144
15407306
15407314
15407322
15407330
15407349
15407357
15407489
15407535
1540756X
15407578
15407586
15407608
15407942
15407969
15407977
15407985
15407993
15408159
15408167
15408175
15408183
15408191
15408566
15408574
15408604
15408884
15409295
15409473
15409481
15409511
15409589
15409597
15409619
15409635
15409740
15409996
15410048
15410064
15410072
15410110
15410161
15410315
15410331
1541034X
15410420
15410706
15410714
15410870
15410889
15410897
15411052
15411087
15411095
15411109
1541132X
15411338
15411540
15411559
15411672
15411796
15412016
15412040
15412555
15412563
15412784
15412792
1541308X
15413098
15413101
15413144
15413152
15413446
15413519
15413527
15413535
15413543
15413721
15413764
15413772
15413780
15413802
15414140
15414159
15414167
15414183
15414329
15414337
15414485
15414612
15414620
15414914
15414922
15415015
15415147
15415457
15415856
15416100
15416275
15416518
15416577
15416933
15417026
15417115
1541745X
15417719
15417786
15417794
15417808
15417891
15418243
15418251
15418480
15419061
15419215
15419290
15419576
15419959
15420086
15420124
15420353
15420361
15420469
15420485
15420566
15420752
15420760
15420973
15420981
15421279
15421295
15421406
1542166X
15421929
15421937
15422119
15422224
15422321
1542233X
15422666
15423034
15423050
15423166
15423565
15423980
15424049
15424057
15424065
1542412X
15424278
15424286
15424359
15424367
1542474X
15424766
15424774
15424863
15425983
15425991
15426149
15426181
15426270
15426297
15426319
15426416
15426432
15426440
15426580
15427331
1542734X
15427382
15427390
15427412
15427528
15427536
15427560
15427579
15427587
15427609
15427617
15427714
15427730
15427749
15427854
15427951
15428044
15428052
15428117
15428672
15428745
15428826
15428877
1542894X
15428958
15429423
15429520
1542961X
15429660
15429733
15429741
1542975X
15429768
15430154
15430375
15430413
15430421
15430537
15430790
15431150
15431169
15431215
15431304
15431649
15431789
15431851
15431894
15432009
15432521
15432548
1543267X
15432688
15432696
1543270X
15432718
15432742
15432750
15432769
15432777
15432785
15432793
15432904
15432912
15432920
15432947
15433072
15433080
15433234
15433382
15433390
15433412
15433544
15433633
15433641
15433706
15433714
15433722
15433951
15434060
15434079
15434273
15434303
15434494
15434508
15434591
15434613
15434672
15435008
15435016
15435075
15435083
15435180
15435237
15435318
15435474
15435865
1543592X
15435938
15435946
15436160
15436527
15437221
15437671
1543768X
15437698
15437701
15437809
15438384
15438392
1543849X
15438600
15438619
15438627
15438635
1543866X
15438694
15439135
15439143
15439542
15439658
15439666
15439674
1543995X
15440036
1544046X
15440478
15440508
15440737
15441016
15441024
15441113
15441458
15441709
15441717
15441865
15441873
15442217
15442241
15442721
1544273X
15442896
15443167
15443175
15443191
15443450
15443469
15443558
15443566
15443574
15443965
15443973
15443981
1544399X
1544435X
15444538
15444546
15444759
15444910
15445186
1544564X
1544581X
15446115
15446123
15446131
15446301
15446794
15447529
15447537
15448037
15448053
15448444
15448770
15449106
15449173
15449793
15449998
1545004X
15450058
15450066
15450279
15450805
15450813
15450821
1545083X
15450856
15450864
1545102X
15451089
15451097
15451151
15451410
15451534
15451542
15451550
15451569
15451577
15451585
15451593
15451712
15452050
15452085
15452093
15452115
15452123
15452255
1545228X
15452298
15452301
1545231X
15452476
15452514
15452522
15452530
15452549
15452913
15452921
1545293X
15452948
15453251
1545326X
15453278
15453421
15453669
15453847
15454118
15454126
15454150
15454266
15454274
15454282
15454290
15454304
15454312
15454479
15454487
15454509
15454576
15455009
15455017
15455300
15455343
15455351
15455556
15455866
15455920
15455955
15455963
15455971
1545598X
15456838
15456846
15456854
15456870
15456889
15456927
15456935
15456943
15456951
1545696X
15456978
15456994
15457001
1545701X
15457206
15457214
15457222
15457230
15457362
15457575
15457885
15458083
15458091
1545813X
15458261
15458490
15458504
15458547
1545858X
15458601
1545861X
15458636
15459616
15459624
15459632
15459683
15459985
15459993
1546007X
15460096
15460118
15460126
15460371
1546072X
15460738
15460843
15461440
15461955
15461963
15461971
1546198X
15461998
15462005
1546203X
15462048
15462056
15462080
15462218
15462226
15462234
15462366
15462498
15462501
15463109
15463141
15463214
15463222
15463427
15464156
15464261
15465004
15465098
1546542X
15465616
15466086
15466523
15468356
15468364
15468402
1546900X
15469239
15469530
15469549
1546962X
1546993X
15470083
15470091
15470148
15470156
15470164
15470350
15470423
15470628
15470660
15470679
15471063
15471217
1547139X
15471896
15472442
15472450
15473201
15473287
15473317
15473325
15473333
15473341
15473368
15473465
15473562
15473929
1547402X
15474127
15474771
1547481X
1547500X
15475069
15475271
15475441
15475646
15475654
15475778
15475786
15475816
15475905
15475913
15475921
15476278
15476286
15476545
1547657X
15476715
1547688X
15476898
15476901
1547691X
15477029
15477037
15477185
15477193
15477207
15477215
15477355
15477363
15477371
1547738X
15477401
15477444
1547769X
15477770
15477800
15478181
15479684
15479714
15479846
15479951
15480046
15480518
15480569
15480585
15480631
1548064X
15480658
15480666
15480755
15480992
15481093
15481107
15481115
15481123
15481131
1548114X
15481352
15481379
15481409
15481476
15481492
1548159X
15481603
15481689
15481697
1548226X
15482278
15482324
15482456
15482464
15482634
15483290
15483568
15483576
15483584
15483592
15483606
15483657
15483665
15483673
15483681
15483746
15483770
15483843
15483886
15483894
15483908
15483916
15483924
15483932
15485129
15485315
15485323
15485595
15485811
15485943
15485951
1548615X
15486192
15486435
15487091
15487105
15487199
15487202
15487393
15487458
15487660
15487679
15487717
15487725
15487733
15487741
15487768
15487776
15487822
15488004
1548825X
15488403
15488446
15488578
15488659
15488667
15488675
15488748
15488756
15488969
15489213
15489221
1548923X
15489248
15489574
15489590
15489825
15489922
15489930
15489949
15489957
15490084
15490815
15490831
15490858
15490955
15491277
15491676
15491684
15493296
15493377
15493636
15493644
15493741
1549425X
15494713
15494721
15494810
15494853
1549490X
15494918
15494934
15494950
15495418
15495469
15495477
15495485
15495787
15496325
15496503
15496511
1549652X
15496538
15496929
15497747
15497798
15497801
1549781X
15497828
15497836
15497852
15497860
15497879
15497887
15498328
15498417
15498425
15498719
15499243
15499324
15499596
1549960X
15499618
15499626
15499634
15499642
15499650
15499669
15499715
15500594
15501051
15501329
15501337
15501477
15501558
15501841
15501876
15502082
15502252
15502287
15502295
15502368
15502414
15502422
15502449
15502716
15502724
15502740
15502759
15502783
15503259
15503275
15503585
15503607
15503984
15504069
15504085
15504093
15504131
15504263
15504271
1550428X
15504298
1550445X
15504646
15504786
15504794
15504808
15504816
15504832
15504859
15504875
15504883
15505022
15505030
15505049
15505057
15505065
15505073
15505081
1550509X
15505103
15505111
1550512X
15505138
15505170
15505219
15505235
15505243
15505340
15505499
15505510
15505723
15505774
15505952
15506002
15506029
15506150
15506185
15506193
15506207
1550624X
15506525
15506533
15506606
15506878
15507033
15507289
15507394
15507408
15507416
15507424
15507521
15507629
15507890
15507904
15507998
15508307
15508366
15508390
15508528
15508579
15508781
15508943
15509087
15509389
15509397
15509613
15509702
15510018
15510123
15510808
15511286
15511294
15511855
15512169
15512177
15512282
15512789
1551305X
15513068
15513076
15513084
15513114
1551319X
15513203
15513440
15513688
15513750
15513769
15513777
15513793
15513815
15513823
15513939
15513947
15513955
15513963
15514005
15514056
15514897
15515036
15516245
15516776
15516857
15516997
15517004
15517012
15517136
15517144
15517268
15517411
15517470
15517489
15517616
15517853
1551806X
15518221
1551823X
15518272
15518280
15518299
15518396
1551840X
15518418
15518426
15518434
15518442
15518507
1551885X
15518868
15518876
15518892
15518906
15518914
15518922
15518930
15518949
15518965
15519074
15519783
15519899
15520633
15522032
15522938
15523047
15523098
15523934
15524256
15524264
15524450
15524469
15524825
15524833
15524841
1552485X
15524868
15524876
15524884
15524906
15524922
15524930
15524949
15524973
1552499X
15525007
15525015
15525023
15525031
1552504X
15525244
15525260
15525279
15525430
15525457
1552549X
15525767
15525775
15525864
15525996
15526100
15526283
15526291
15526585
15526607
15526658
15526674
15526712
15527468
15527840
15528014
15528030
15528049
15528189
15528324
15528367
15528855
15529886
15530302
15530396
1553040X
15530582
15530590
15530639
15530671
15530779
15530787
15530809
15530841
1553085X
15530930
15530957
15530981
1553118X
15531198
15531201
1553166X
15531732
15532704
15533077
15533174
1553345X
15533468
15533506
15533514
15533611
1553362X
15533832
15533840
15533905
15533913
15533956
15534006
15534014
15534510
15534529
15534650
15534669
15535282
15535304
15535592
15535606
15535622
1553619X
15536203
15536467
15536610
15536939
15537072
15537250
1553734X
15537358
15537366
15537374
15537390
15537404
15537641
1553779X
15538036
15538338
15538346
15538362
15538389
15538605
15538613
15538621
1553877X
15539105
15539768
15540014
15540189
1554057X
15540588
15540626
15540634
15540642
15540669
15540677
15540774
15541045
15541053
15541134
15541908
15543404
1554351X
15543528
15543641
15544419
15544516
15544567
1554477X
15544788
1554480X
1554611X
15546128
15546136
15546179
15546853
15547191
15547477
15547914
15548015
15548279
15548430
15548589
15548600
15548619
15548627
15548643
15548651
15548716
15548732
15548929
15548937
15549178
1554964X
15550265
15550273
15550753
15550761
1555077X
15550788
15551024
15551229
15551237
15551296
1555130X
15551318
15551369
15551393
15551415
15551423
15551431
15551741
1555175X
15551792
1555256X
15552578
15552764
15552810
15552934
15553396
1555340X
15553434
15553884
15554120
15554155
15554309
15554317
15554961
15555194
15555240
15555259
15555267
15555275
15555623
15555860
15555879
15555887
15556123
1555614X
15556611
15556824
15557332
15557340
15557561
15557960
15558037
15558584
15558622
15558932
15559041
1555905X
15559203
15559211
15559475
1556035X
15560368
15560864
15560961
15561380
15561534
15561607
15561615
15561623
15561631
15561801
1556181X
15561828
15562085
15562271
15562646
1556276X
15562891
15562948
15562956
15563022
15563030
15563316
15563324
15563499
15563537
15563650
15563669
15563693
15563707
15563715
15563758
15563790
15563804
15564002
15564061
1556407X
15564665
15564673
15564681
15564711
15564886
15564894
15564908
15564959
15564967
15564991
15565009
1556522X
15565246
15565297
15565300
15565823
15566013
1556603X
15566056
15566072
15566463
15566560
15566579
1556679X
15566811
15567036
15567117
15567125
15567230
15567249
15567265
15567273
15567281
15567931
15568253
15568318
15568334
15568342
15568539
15568547
15568571
1556858X
15568598
15568865
15568873
15568881
15569039
15569187
15569195
15569225
15569233
15569241
15569527
15569535
15569543
15569551
15569845
1556990X
15570274
15570541
1557055X
15570576
15570584
15570681
15570843
15570851
15571459
15571467
1557170X
15571858
15571866
15571874
15571882
15571890
15571904
15571912
15571920
15571939
15571947
15571955
15572013
15572064
15572145
15572153
15572285
15572293
1557234X
1557251X
15572528
15572625
15572862
15572943
15572978
15573001
1557301X
15573060
15573079
15573087
15573958
15573966
15574091
15574105
15574539
15574555
15574563
15574571
1557458X
15574660
15574679
15574962
15574970
15574989
15575047
15575063
15575330
15575969
15575977
15576272
15576418
15577112
15577333
15577368
15577554
15577694
15577740
15577910
15577929
15577937
1557797X
15578038
15578062
15578070
15578348
15578437
15578550
15578917
15578968
15579190
15579336
15579808
15579883
15580172
15580199
15580202
15580407
15580431
15580911
15580946
15580954
15580970
15580989
15580997
15581179
15581454
15581462
15581527
15581586
15581780
15581888
15582027
15582035
15582159
15582167
15582744
15582914
15582973
15582981
15583058
15583716
15583724
15583791
15584224
15584259
15584291
1558447X
15585069
15585263
15585271
15585468
15585476
15586073
15586235
15586332
1558643X
15586804
15586847
1558688X
15586898
1558691X
15587118
15587266
15587452
15587460
15587673
15587835
15587878
15587894
15587916
15587924
15587940
15587975
15587983
15588009
15588017
15588025
15588033
15588041
15588211
1558822X
15588424
15588599
15588602
15588742
15588750
15589080
15589234
15589250
15589439
15589447
15589544
15589595
15589641
15589951
15590100
15590275
15590410
1559047X
15590585
15590631
1559064X
15590836
15590879
15590895
15590909
15590968
15591131
1559114X
1559128X
15591646
15591786
15592243
15592294
15592308
15592316
15592332
15592715
15592723
15592960
15593258
15593584
1559372X
15593738
15593908
15593916
15593940
15593959
15594106
15594122
15594343
15594491
15594564
15594572
15595463
15595609
15595692
15596095
15596109
15596893
15597075
15597105
15597113
1559713X
15597431
1559744X
15597768
1559811X
15598136
15598276
15598284
15598608
15598616
15598985
15599167
15599450
15599493
15599612
15600904
15602133
15602214
15602745
15603547
15604071
1560408X
15604128
15604284
15604292
15604306
15604624
15605159
15605876
1560604X
15606074
1560652X
15606686
15607186
15607259
15607267
15607496
15607534
15607917
15608034
15608115
15608433
15608530
15608670
15609006
15609014
15609286
15609545
15610713
15610837
15610950
15612775
15612848
15612880
15612902
15612937
15612945
15612961
1561297X
15612988
15612996
15613011
1561302X
15613038
15613046
15613054
15613119
15613127
15614042
15614085
15614107
15614263
15614417
15614921
15614980
15615413
15618331
15618625
15618633
1561882X
15619125
15619508
15622479
15622495
15622916
15622975
15623599
15623920
15624730
1562479X
15626865
15626873
15626881
1562689X
15626903
15626911
1562692X
15627020
15628264
15628353
15629023
1562918X
15629449
15629554
15630110
15630625
15630854
15632571
1563258X
15632873
1563311X
15633934
15635031
15635082
15635112
15635120
15635147
15635171
1563518X
15635201
1563521X
15635228
15635236
15635260
15635279
15635325
15635333
15635341
1563535X
15640604
15640655
15640728
15641104
15642984
15644278
1564460X
15645142
15646971
1564698X
15647838
1564913X
1565012X
15651088
15651339
15651509
15651525
15653404
15653633
15653668
15654753
15655512
15656721
15659801
15660141
15660184
15660338
15660443
15660621
15660702
15660974
1566113X
15661199
15661369
15661679
15662055
1566208X
15662535
15662543
15662772
15662829
15663108
15663116
15663124
15664910
15665232
15665240
15665844
15665852
15666573
15667162
15667170
15667367
15667529
15667650
15667677
15667952
15669076
1567133X
15671348
15671356
15671364
15671739
1567200X
15672018
15672026
15672034
15672042
15672050
15672069
1567214X
15672158
15672190
15672328
15672344
15672379
15672395
15672409
15672697
15672700
15672719
15672794
15672808
15673200
15674215
15674223
15674231
1567424X
1567536X
15675394
1567567X
15675688
15675769
15676617
15676951
15677095
15677133
15677141
1567715X
15677192
15677230
15677249
15677419
15677443
15677559
15677818
15678032
15678326
15678822
15679764
15679896
15680053
15680061
1568007X
15680088
15680096
1568010X
15680118
15680126
15680134
15680142
15680150
15680169
15680258
15680266
15680584
15681181
15681203
15681254
15681475
15681548
15681637
15681777
15682102
15682390
15682633
15682692
15682749
15682765
15683443
15684156
15684474
15684539
15684555
1568461X
15684849
15684857
15684946
15685004
15685160
15685241
1568525X
15685268
15685276
15685284
15685292
15685306
15685314
15685322
15685330
15685349
15685357
15685365
15685381
1568539X
15685411
15685519
15685527
15685543
15685551
15685586
15685608
15685616
15685624
15685632
15685675
15685683
15685888
15685926
15686183
15687759
15687767
15687805
15687856
15687864
15689883
15689972
15689999
15690660
15691101
1569111X
15691322
15691330
15691462
15691497
15691500
15691551
15691586
15691594
15691624
15691640
15691705
15691713
15691721
15691799
15691829
15691853
15691861
1569190X
15691934
15691993
15692078
15692086
15692094
15692116
15692159
1569254X
15692558
15692566
15692574
15692582
15692590
15693112
15693511
15693732
15693740
15693759
15693767
15693910
15693929
15693937
15693945
15693953
15694410
15694429
15694445
15694860
15694895
15694933
15695174
15695239
15695794
15696332
15697258
15697274
15697312
15697320
15697339
15697371
15697401
1569755X
15698025
15698041
15698432
15699048
15699056
15699285
15699293
15699463
15699714
15699773
1569979X
15699811
15699838
15699854
15699862
15699897
15699943
15699994
1570002X
15700232
15700267
15700461
15700542
15700593
15700607
1570064X
15700658
15700690
15700704
15700720
15700739
15700747
15700755
15700763
1570078X
15700844
1570095X
15701166
15701255
15701263
15701336
15701344
1570145X
15701484
15701522
15701581
1570159X
15701603
15701611
1570162X
15701638
15701646
15701727
15701786
15701794
15701808
15701824
1570193X
15702081
15702294
15702464
15702820
15703010
15703754
1570579X
15705811
15705838
15705846
15705854
15705870
15706222
15706435
15706443
1570646X
15706478
15706591
15706605
15706672
1570677X
15706893
15707024
15707075
15707156
15707350
15707385
15707539
15707547
15707555
15707563
15707571
1570761X
15707628
15707865
15707873
15707946
15707954
15707997
15708268
15708306
15708659
15708667
15708683
15708705
15708721
15709124
15709256
15709310
15709639
15710068
15710297
15710386
15710645
15710653
15710661
15710718
15710785
15710831
15710866
15710882
15711013
15714128
15714675
15714799
15715027
15715043
15715078
15715124
15715183
15715736
15717283
15718034
15718050
15718069
15718085
15718093
15718107
15718115
1571814X
15718158
15718166
15718174
15718182
15718190
15718883
15718913
15719197
15719545
15719952
15719960
15719979
15720004
15720241
15720268
15720292
15720373
15720381
15720500
15720934
15720977
15721000
15721701
15722740
15723089
15723097
15723127
15723364
15723429
15723461
1572347X
15723496
15723739
15723747
15723755
15723887
15724107
15724352
15724379
15724409
1572459X
15724794
15724859
15724913
15725138
15725286
1572543X
15725448
15725464
15725480
1572557X
15725618
15725995
15726304
15726401
15726657
15726991
15728080
15728099
15728102
15728110
15728145
15728153
1572817X
15728196
15728315
15728323
1572834X
15728358
15728366
15728374
15728382
15728404
15728498
1572851X
15728528
15728560
15728587
15728633
15728641
15728692
15728757
15728773
15728781
1572879X
15728803
15728838
15728854
15728862
15728870
15728889
15728900
15728927
15728935
1572896X
15728986
15729001
1572901X
15729028
15729036
15729044
15729060
15729079
15729095
15729125
15729141
15729168
15729176
15729192
15729206
15729230
15729249
15729273
15729281
1572929X
15729338
15729354
15729370
15729389
15729397
15729400
15729419
15729435
15729443
15729451
1572946X
15729478
15729486
15729508
15729516
15729524
15729532
15729540
15729559
15729567
15729575
15729591
15729605
15729613
15729648
15729656
15729672
15729680
15729699
15729702
15729710
15729729
15729753
15729761
15729788
15729834
15729885
15729893
15729907
15729915
15729931
1572994X
15729966
15729974
15729982
15729990
15730255
15730352
15730387
15730409
15730417
15730441
1573045X
15730468
15730476
15730484
15730492
15730514
15730522
15730530
15730557
15730565
15730573
15730581
1573059X
1573062X
15730646
15730662
15730670
15730689
15730697
15730719
15730727
15730735
15730743
1573076X
15730778
15730794
15730816
15730824
15730832
15730840
15730859
15730867
15730875
15730891
15730905
15730913
15730921
15730948
15730956
15730972
1573109X
15731103
15731111
15731189
15731200
15731324
15731340
15731367
15731375
15731383
15731391
15731413
1573143X
15731464
15731472
15731480
15731510
15731529
15731553
15731561
1573157X
15731596
1573160X
15731618
15731626
15731634
15731650
15731677
15731731
1573174X
15731766
15731782
15731804
15731855
15731863
15731871
1573188X
15731901
15731928
15731936
15731979
15731987
15731995
15732088
15732479
15732487
15732568
15732592
15732606
15732614
15732622
15732630
15732649
15732657
15732665
15732673
15732681
15732703
15732711
1573272X
15732762
15732770
15732789
15732797
15732800
15732819
15732843
15732851
1573286X
15732878
15732886
15732894
15732908
15732916
15732932
15732940
15732959
15732967
15732975
15732983
15732991
15733009
15733017
15733149
15733246
15733254
15733262
15733270
15733289
15733297
15733300
15733319
15733327
15733335
15733343
1573336X
15733394
15733416
15733440
15733467
15733475
15733505
15733521
1573353X
15733548
15733564
15733572
15733580
15733599
15733602
15733610
15733629
15733645
15733653
15733688
15733750
15733823
1573384X
15733882
15733890
15733904
15733947
15733955
15733963
15733971
1573398X
15733998
15734005
15734013
15734021
1573403X
15734048
15734056
15734064
15734072
15734080
15734099
15734110
15734129
15734137
15734188
1573420X
15734218
15734226
15734234
15734277
15734285
15734293
15734331
15734374
15734404
15734412
15734420
15734463
15734471
1573448X
15734498
15734552
15734803
1573482X
15734838
15734846
15734854
15734862
15734889
15734897
15734919
15734927
15734935
15734951
15734978
15734986
15734994
15735001
1573501X
15735028
15735036
15735044
15735052
15735060
15735079
15735087
15735095
15735109
15735117
15735125
15735133
1573515X
15735168
15735176
15735184
15735192
15735214
15735397
1573563X
15735664
15735834
15735869
1573594X
15736059
15736105
15736113
15736547
15736555
15736563
15736571
15736598
15736601
1573661X
15736628
15736636
15736644
15736660
15736687
15736695
15736709
15736717
15736725
15736741
1573675X
15736768
15736776
15736792
15736806
15736814
15736822
15736830
15736849
15736857
15736873
15736881
1573689X
15736903
15736911
15736938
15736954
15736962
15736970
15736989
15737020
15737039
15737055
1573708X
15737098
15737101
15737128
15737136
15737152
15737160
15737179
15737187
15737209
15737217
15737225
15737233
15737241
15737284
15737322
15737330
15737357
15737365
15737373
15737381
1573739X
15737403
1573742X
15737438
15737454
15737462
15737470
15737497
15737500
15737527
15737535
15737551
1573756X
15737578
15737586
15737594
15737616
15737624
15737632
15737659
15737667
15737675
15737683
15737691
15737705
1573773X
15737748
15737756
15737772
15737799
15737802
15737829
15737837
15737845
15737853
15737861
15737888
15738175
15738191
15738205
15738221
15738248
15738256
15738264
15738280
15738310
15738337
15738345
15738353
15738388
15738469
15738477
15738485
15738507
15738515
15738582
15738604
15738620
15738647
15738663
15738698
15738736
15738744
15738779
15738825
1573885X
15738868
15738876
15738892
15738906
15738922
15738957
15738965
15738973
15739007
15739031
1573904X
15739058
15739066
15739104
15739120
15739139
15739171
15739260
15739279
15739295
15739325
15739333
1573935X
15739414
15739538
15739546
15740005
15740013
15740021
1574003X
15740048
15740056
15740064
15740072
15740080
15740099
15740102
15740110
15740137
15740153
1574017X
15740196
1574020X
15740277
15740641
15740668
15740676
15740684
15740692
15740706
15740714
15740722
15740730
15740757
15740765
15740773
15740781
15740870
15740889
15740897
15740919
15740951
1574096X
1574101X
15741192
15741400
15741443
15741451
15741699
15741702
15741796
1574180X
15741818
15741990
15743012
15743349
15743624
15744078
15744493
15746267
15746526
15746909
15746917
15746925
15747085
15747891
15748626
15748715
15748847
15748855
15748863
15748871
1574888X
15748898
15748901
1574891X
15748928
15748936
1574907X
15749088
15749282
15749541
15749576
15750361
15750620
15750698
15750922
15750965
15750973
15751430
1575166X
15751813
15752100
15752275
15752437
15753409
15754367
15754723
15755045
15755460
15755533
15755886
1575605X
15756548
15756823
15756866
15757072
1575734X
15758435
15759563
15760162
15760316
15760367
15760952
15763080
15763560
15763935
15764729
15764737
15765059
15765962
15766357
15767418
15767914
15768260
15768597
15769402
15769887
15769895
15770079
15770354
15771512
15772799
15773051
15773388
15773442
15773566
15774015
15774147
15775097
15776921
15777057
15778517
15778843
15780732
15780740
15781267
15781275
15781291
15781305
15781399
15781453
1578147X
15781550
1578178X
15781844
15781852
15781860
15781879
15781941
15781968
15782107
15782115
15782190
15782700
15782719
15782735
15782824
1578410X
15784118
15784126
15784460
15784487
15785319
15785386
1578665X
15786749
15787001
15787044
15787168
15787303
15787559
15787575
15787680
15788423
15788830
15788865
15788946
15789705
15790789
15791505
15791726
15792013
15792250
15792641
15793311
15793680
15793699
15794377
15797376
15797414
15797422
15798135
15799425
15799794
15800261
15802612
15802949
15803139
15803414
15804003
15804208
15804992
15808122
15810267
15811204
15811212
15811239
15811263
15811271
1581128X
15811328
15811980
15813207
15813754
15814661
15815374
15816613
15817652
15818314
15818918
15819175
15821838
15822214
15822486
15822559
15823067
15823296
1582330X
15824438
15824551
1582456X
15824594
15824918
15824926
15824934
15825175
1582540X
15825418
15825647
15826163
1582652X
15826953
15827445
15828131
15828271
15828344
15829146
15829596
15830012
15830039
15831078
15831523
15833186
15833410
15834433
15835022
15835170
15835251
1583526X
15836258
15837327
15837904
15838609
15839583
1583980X
15841057
1584174X
15841855
15842231
15842363
15842851
15843165
15845397
15845982
15847101
15847284
15848574
15848663
15849074
15849244
15849422
15849953
1585079X
15851923
15854515
15858553
15868850
15871037
15872440
15873781
15878694
15881024
15881210
15882519
15882543
15882551
15882578
15882586
15882608
15882616
15882624
15882632
15882640
15882659
15882667
15882675
15882683
15882691
15882713
1588273X
15882748
15882756
15882764
15882772
15882780
15882799
15882802
15882810
15882837
15882845
15882861
15882888
1588290X
15882918
15882926
1588385X
15884082
15884309
1588970X
15889726
15889734
1589021X
15891623
15894673
1589486X
15899535
15901262
15901874
15902595
15903478
15903729
15904261
1590492X
15905896
15907120
15907929
15908577
15908658
15908844
15909158
15909271
15909921
15909999
15910067
15910075
15911489
15913090
15914127
15914267
15914798
15916693
15917398
15918890
1591951X
15919528
15919625
1591996X
15921093
15921107
15921573
15921638
15923479
15923894
15925927
15925986
15926117
15926478
15926826
15927830
15928543
15928721
15929558
15929566
15930793
1593098X
15932095
15932214
1593232X
15932478
15932508
15935213
15936104
15937178
15937879
15938883
15940667
15942848
15944077
1594512X
15945685
15945804
15946061
15947629
15949982
15951103
15963519
15965996
15966941
15969819
15969827
15969886
15980316
15981037
15981320
15981398
1598141X
15981657
15982041
15982092
15982254
15982262
15982327
15982351
15982386
15982408
15982467
15982629
15982645
15982661
15982874
1598298X
15982998
15984850
15985032
15985865
15986357
1598642X
15986446
15986462
15986535
15987132
15987248
15987264
15987647
15987833
15988074
15988112
1598818X
15988198
1598866X
15989100
15989429
15989623
15989992
16000390
16000404
16000412
16000420
16000447
16000455
16000463
16000471
1600048X
16000498
16000501
1600051X
16000536
16000544
16000560
16000579
16000609
16000617
16000625
16000641
1600065X
16000668
16000684
16000692
16000706
16000714
16000722
16000730
16000749
16000757
16000765
16000781
1600079X
16000838
16000846
16000854
16000870
16000889
16000897
16001974
16004469
16005368
16005473
16005503
16005538
16005562
16005740
16005759
16005767
16005775
16006038
16006135
16006143
1600910X
16009657
16010825
1601183X
16011848
16015029
16015037
16015215
16015223
16016335
16016343
16017617
1601829X
16021622
16039629
16043030
16047982
16048156
16049411
16049780
16052471
16052587
16052730
16052773
16053974
16056582
16056779
16057422
16058119
16058127
16059336
16059786
16060180
16060997
16064925
16065727
16066286
16066294
16066359
16067509
16067754
16067916
16068181
1606822X
16068238
16068327
1606867X
16069331
16069366
16069749
16069935
16070658
16072510
1607324X
16073606
16073614
16073894
16074041
1607419X
1607551X
16075889
16076729
16077970
16078047
16078055
16078322
16078438
16078454
16078462
16078489
16078578
16078586
16078616
16078829
1607887X
16078888
16079264
16080599
16081021
16081587
16081625
16082222
16083024
16083032
16083040
16083059
16083067
16083075
16083083
16083091
16083105
16083113
16083121
1608313X
16083148
16083156
16083164
16083172
16083180
16083199
16083202
16083210
16083229
16083237
16083245
16083253
16083261
1608327X
16083296
16083334
16083342
16083350
16083369
16083377
16083385
16083393
16083407
16083415
16083423
16083431
1608344X
16083679
16084217
16084306
16084780
16085043
16085078
16085906
16085914
1608702X
16087046
16088115
16088751
16089057
16089677
16089685
16089693
1609073X
16090985
16091833
16092759
16093321
16093607
16094069
16094514
16094840
16094913
1609722X
16097491
16098498
16099117
16099192
16099389
16099451
16099982
16100379
16100387
16100646
16101634
16101642
16101928
16101979
16101987
16102002
16102010
16102096
1610241X
16102878
16102894
16102908
16102924
16102932
16102940
16103181
16103653
16103947
16106199
1610739X
16107403
1610742X
16107438
16108167
16108957
1611020X
16111699
16112156
16112482
16112490
16112504
16112776
1611311X
16113349
16113683
16114426
16114434
16114663
16116143
16116607
16118014
16118227
16118332
16118340
16118812
16118944
16119991
16120485
16120663
16121031
16121287
16121384
16121651
1612166X
16121783
16121872
16121880
1612197X
16122011
1612202X
16122771
16122909
1612295X
16123093
16123174
16123433
16123727
16123786
1612412X
16124138
16124642
16124669
16124677
16124758
16124766
16124782
16124790
16124804
16124812
16125010
16125096
1612510X
16125118
16125681
16126033
16126041
16126890
16128591
16128850
16128869
16129059
16129067
16129199
16129202
16129210
16129520
16129776
16129830
16130073
1613009X
16130103
16130200
16130421
16130464
16130642
16130650
16130723
16130804
16130928
16131134
16131150
16131851
16132076
16132084
16132394
16132408
16132548
16132556
16132580
16133412
16133420
16133625
1613365X
16133668
16133684
16133692
16133722
16133749
16133757
16133811
1613396X
16134079
16134087
16134117
16134125
1613415X
16134516
16134796
16134982
16134990
16135113
16135210
16135318
16135636
16135652
16136055
16136071
16136810
16136829
16137027
16137159
16137272
16137736
16138171
16138392
16138422
16138953
16139089
16139216
16139267
16139372
16139380
1613981X
16139860
16140001
16140575
16140974
16141881
16142217
16142241
16142411
16142446
16142454
16142942
16142950
16143485
16143515
1614354X
1614371X
16143744
16144007
16144864
16144872
16144961
16145046
16145054
16146832
16146840
16146891
16147065
16147103
16147650
16147839
1614810X
16148339
16150430
16151003
1615147X
16151488
16151615
16151720
1615245X
16152573
16153146
16153375
16153383
16153871
16154053
16154150
16154169
16155262
16155270
16155289
16155297
16155548
16155742
16155939
16155947
16156102
16156110
1615634X
16156609
16156617
16156692
16156706
16156714
16156730
16156846
16156854
16157109
1615715X
16157168
16157591
16157605
16159071
16159306
16159314
16159853
16159861
16161068
16161203
16161262
16161564
16161572
16161599
1616301X
16163028
16163443
16163915
16165047
16165187
16166361
16167066
16167074
16167090
16167228
16167341
16168216
16168534
16168542
16168577
1616864X
16168658
16168666
16169689
16170830
16171381
16173473
16173538
1617416X
16174240
16174615
16174623
16174909
16175034
16175468
16175891
16176278
16176391
16176782
16177134
16177940
16177959
16178106
16178351
16179447
16179625
1617982X
16179846
16180240
16180380
16180607
16180860
16181247
16181255
16181301
1618162X
16181891
16181905
1618193X
16182510
16182545
16182642
16182650
16182863
16183169
16183274
16184742
16185293
16185641
1618565X
16187229
1618727X
16187598
16187849
16188276
16188330
16188667
16188950
1618954X
16190033
16190424
16190548
16190904
16191366
16191374
16191560
16191919
16193997
16194500
16194993
16195272
16195515
16196937
1619697X
16196988
16197070
16197089
16197100
16197127
16198638
16199987
16199995
16205340
16207742
16221036
1622468X
16233883
16236297
16240693
16245687
16246039
16248597
16258312
1625967X
16273486
16273583
16273591
16274830
16274873
16274911
16280482
16286847
16289676
16296583
16307267
16307364
16310438
16310683
16310691
16310705
16310713
16310721
1631073X
16310748
16314670
16331311
16334760
16335767
16338065
16340744
16343298
16344561
16350421
16357922
16357930
16366522
16369874
16374088
16375823
16378962
16381963
16386205
16386213
1638623X
16386248
16389387
16389395
16394488
16398319
1639965X
16404920
16405382
16405544
1640629X
16406540
16409019
16411307
16414640
16415558
16416007
16416414
16417291
16417844
16418190
16418581
1641876X
16419227
16419251
16419278
16420136
16421027
16423402
16423593
1642395X
1642431X
16425758
16425952
16429893
16431618
16432045
16433165
16433750
16434439
16435877
16438698
16438876
16439953
16440692
16440730
16440749
1644115X
16442296
16443276
16443306
16443349
16443608
16443616
16443624
16443632
16443640
1644387X
16443985
16444493
16446313
16446763
16447298
16447700
16448561
1644857X
16449665
16450639
16451384
16452089
16452259
1645281X
16453794
16454537
16455681
1645586X
16456432
16456726
16457250
16459261
1646043X
16460758
1646107X
16461509
16462742
16462890
1646401X
16464974
16465954
16468872
16469798
16469895
16470818
16471571
1647581X
16477251
16478991
16480627
16481143
16482603
16482824
16483480
16483898
16484142
16484460
16485831
1648665X
16486897
1648715X
16487788
16488024
16488504
16489144
16501969
16501977
16503414
16506073
16509544
16511905
16511913
16511948
16511964
16511972
16511980
16511999
16512006
16512030
16512057
16512065
16512219
16512227
1651226X
16512278
16512286
16512316
16512324
16512340
16512359
16513037
16513835
1651386X
1651436X
16516826
16518705
16522354
16524772
16528670
16541642
16544951
16546369
1654661X
16546628
16546970
16549716
16549880
16551532
16554418
16555236
16555252
1656152X
16562534
16570790
16572831
16574400
16575997
16576527
16577027
16579267
16579534
16580311
1658077X
16583175
1658354X
16583612
16583876
16584244
16585127
1658631X
1659097X
16600347
16601394
16601769
16601890
16602110
16602129
16602137
16602242
16602854
16602862
16602889
16603397
16603796
16604369
16604431
16604601
16605373
16605446
16605454
16605527
16605535
16606795
16607112
16607880
16608046
16608054
16608070
16608151
16609263
16609336
16609379
16613406
16613414
16613791
16613805
16613880
16614119
16614127
1661464X
16614747
16614917
16614941
16615425
16615433
16615751
16616499
16616677
16616758
16616952
16616960
16617207
16617215
16617649
16617657
16617738
16617746
16617800
16617827
16618157
16618165
16618254
16618262
16618270
16618289
16618297
16618300
16618556
16618564
16618726
16618769
16618777
16619889
16619897
16620631
1662100X
16621018
16621425
16622685
16622928
16622995
1662372X
16623770
16623797
16623800
16623851
16623878
16623940
16624025
16624033
1662405X
16624068
16624246
1662453X
16624548
16624874
16625099
16625102
16625110
16625129
16625137
16625145
16625153
16625161
16625188
16625196
16625218
16625250
1662596X
16625986
1662629X
16626370
16626427
16626443
16626567
16626575
16626664
1662680X
16627482
16628063
1662811X
16628128
16628527
16628985
16629507
16629647
1662971X
16629752
16629779
16629795
16629981
1662999X
1663070X
16632699
16632818
16632826
16633563
16633571
16634365
16634446
1663487X
16637852
16639812
1664039X
16640403
1664042X
16640640
1664073X
16641078
16641531
16641884
16642147
16642155
16642201
1664221X
16642295
1664235X
16642368
16642376
16642384
16642392
16642570
16642880
16642929
1664302X
16643224
16643607
16643615
16643828
1664431X
1664462X
16645456
16645464
16645502
16645529
16645537
16645545
16645553
16648021
1664848X
16649737
16650018
16651146
16651324
16651731
16652037
16652436
16652681
16652738
16653521
16654390
16654420
16655044
16656423
16658906
16659201
16659686
16660390
16662105
1666485X
16665694
16669479
16676726
1667782X
16678982
16678990
16679202
16683501
16684834
16687027
16687132
1668723X
16692314
16692381
16696840
16697316
16697456
16698975
16698983
16704959
1670567X
1671024X
16710274
16710282
16711637
1671167X
16711793
16712021
16712234
16712552
16712838
16712927
16713664
16713877
16713990
16714083
16714431
16714512
16714628
16715411
16715497
1671587X
16715888
16715926
16717104
16717120
16717295
16717368
16717449
16717600
16717694
16717775
16718259
16718267
16718836
16718852
16718860
16718879
16718925
16719379
16719433
16719727
16720229
16720415
16720733
1672173X
16721799
16721926
16721977
16722043
16722515
16722531
16722930
16723317
16723597
16723813
16724070
16725107
16725123
16725182
16725220
16725921
16725948
16726030
16726308
16726316
16726340
16726421
16726529
16726553
16726731
16727207
16727347
16727681
16727703
16727975
16728467
16728475
16729072
16729102
16729145
16729609
16729897
16730224
16730291
1673047X
1673064X
16730860
16731581
16731689
16731905
16732049
1673274X
16733185
16733193
16733363
16733401
1673341X
16733428
16733436
16733444
16733452
16733460
16733479
16733487
16733495
16733509
16733517
16733525
16733533
16733541
1673355X
16733568
16733576
16733584
16733614
16733630
16734254
16734831
16735005
1673520X
16735250
16735269
16735374
16735439
16735447
1673565X
16737067
16737318
16737326
16737334
16737342
16737350
16737369
16737377
16737385
16737393
16737407
16737415
16737423
16737431
1673744X
16737466
16737490
16737504
16737512
16737520
16738225
16738527
16739078
16739108
16739752
16740068
16740440
16740475
16740750
16740769
16741056
16741137
16742001
16742052
16742370
16742397
16742788
16742818
16742834
16743415
16743822
16743962
16744128
16744519
16744527
16744594
16744764
16744799
1674487X
16744918
16744926
16745264
16745507
16745809
1674635X
16746384
16746767
16747216
16747224
16747259
16747267
16747275
16747283
16747291
16747305
16747313
16747321
1674733X
16747348
16747607
1674764X
16747755
16747984
16747992
1674800X
16748018
16748301
16748530
1674862X
16749251
16749278
16749782
16749847
16749871
16749928
16750306
16753402
16753410
1675414X
16756061
16756215
16758021
16758110
16758544
16760603
16760611
16760786
16762444
16762649
16763939
16764285
1676546X
16765680
16766180
16766849
16768698
16769732
16770420
16770471
16772598
16773217
16773225
16775449
16775538
16776119
16777301
16780345
16782305
16782690
16783921
16784456
16784499
1678457X
16784790
16785878
16786971
16787153
16787544
1678765X
16787757
16788052
16788060
16789180
16789199
16789741
16789857
1678992X
16790073
16790359
16793390
1679396X
16794435
16794508
16794974
16796225
16797817
16797825
16798759
16799216
16799275
16799283
16799291
16799941
16800613
16800737
16800826
16800982
16801865
16802012
16802993
16804333
16804422
16804465
16805194
16805348
16805593
16806433
16806905
16807073
16807316
16807324
16807340
16807367
16807375
16808584
1680936X
16809386
16809394
16809424
16809440
16811178
16811208
16812824
16813472
16814363
16814835
16815491
16815556
16815564
1681715X
16820053
1682024X
16820363
16820983
16821130
16821750
16821769
1682296X
16822978
16823141
16823206
16823419
16823559
16823915
16823974
16824016
16824474
16825055
16825268
16825527
16825535
1682606X
1682671X
16826957
16828356
16828658
16829344
16830040
16831381
16831470
16831764
16833198
16833414
16833511
16833597
16834704
1683478X
16834844
16835018
16837584
1683805X
16838947
16839366
16839919
16840070
16840240
16840461
16840933
16841182
16841360
16841581
16843703
16844769
16844904
16845307
16845315
16845358
16845374
16846427
16847075
16848799
16848853
16849965
16849981
16851994
16859057
16859545
16860209
16863933
16864360
16865456
16866541
16866576
16870042
16870247
16870409
16870425
16870433
16871197
16871200
16871472
16871499
16871537
1687157X
16871812
16871820
16871839
16871847
16871979
16872177
16872762
16872770
16872789
16873009
16873017
16873955
16873963
16874099
16874102
16874110
16874129
16874137
16874145
16874153
16874161
16874188
16874196
16874285
16874714
16874722
16874757
16874765
1687479X
16875176
16875214
16875249
16875257
16875265
16875273
16875281
1687529X
16875303
16875370
16875389
16875443
16875486
16875591
16875605
1687563X
16875648
16875680
16875699
16875702
16875710
16875826
16875834
16875869
16875877
16875893
16875907
16875915
16875966
16875974
16875990
16876008
16876075
16876083
16876105
16876113
16876121
16876172
16876261
1687627X
1687630X
16876334
16876342
16876369
16876377
16876393
16876407
16876415
16876423
16876822
16876830
16876873
16876881
1687689X
16876903
16876962
16876970
16876989
16877047
16877055
16877063
16877071
1687708X
16877098
16877101
1687711X
16877144
16877152
16877195
16877209
1687725X
16877268
16877357
16877381
1687739X
16877438
16877578
16877586
16877632
16877640
16877667
16877675
16877721
16877969
16877977
16877985
16878000
16878019
16878027
16878035
1687806X
16878078
16878086
16878094
16878108
16878124
16878132
16878140
16878159
16878167
16878191
16878205
16878299
16878302
16878329
16878337
16878345
16878434
16878442
16878450
16878469
16878477
16878558
16878566
16878639
16878647
16878728
16878736
16878760
16878779
16878787
16878795
1687885X
16878868
16878876
16878884
16879104
16879112
16879120
16879139
16879147
16879155
1687918X
16879198
16879244
16879252
16879260
16879279
16879309
16879317
16879325
16879333
16879368
16879376
16879384
16879392
16879422
16879430
16879481
1687949X
16879503
16879511
1687952X
16879589
16879597
16879600
16879619
16879627
16879635
16879643
16879651
1687966X
16879678
16879686
16879694
16879708
16879716
16879724
16879732
16879740
16879759
16879767
16879775
16879783
16879791
16879805
16879813
16890027
16890035
16890302
16891392
16891864
16893816
16895150
16896807
16898311
1689832X
16899024
16899121
16904648
16910869
16913043
16914031
16914147
16914333
16915208
16915402
16915534
16915976
1692715X
16927273
16928857
16936930
16940423
16942116
16942493
1694609X
16950224
16952294
16952731
16953827
16954033
1695405X
16954300
16955374
16955951
16956133
16956141
16956885
16957253
16957504
16958950
1695971X
16959752
1696019X
16961641
16962095
16962206
16962281
16962508
16962737
16962818
16963539
16964713
16965043
16965426
1696585X
16965981
16966112
1696702X
16967240
16969650
16969936
1697011X
16970381
16970659
16970748
16971523
16971892
16972104
16972198
16972473
16972600
16973798
16974271
1697428X
16974298
16974328
16974697
16974840
16975200
16975731
16977467
16977750
16977904
16977912
16977920
16978293
16979133
16979818
1698031X
16980476
16981359
16981367
16984447
16985117
1698580X
16986180
16986946
16986989
16987454
16987799
16987802
16989465
1699048X
16992407
1699258X
1699311X
16993225
16993993
16994019
16994949
16995198
16995880
16996003
16996887
16997468
16998154
16998855
17012163
1703289X
17034949
17038138
17054842
17054850
17055105
17077753
17081890
17083087
17085284
17085381
1708539X
17086310
17086892
17087384
17088186
17088240
17088569
17089069
17101123
17101484
17101492
17102774
17103568
1712171X
17121728
1712526X
1712624X
17126568
17126576
17127971
1712851X
17129532
17150868
17151635
17152593
17153816
17155258
17155312
17156181
17156572
1715720X
1715894X
17181879
17182301
17183200
17183340
17184177
17198429
17200776
17201764
17202396
17203929
17204313
17205298
17206561
17207525
17208319
17208343
17208386
17208416
17208424
1720898X
17209331
17210151
17210321
17212596
1721727X
17218039
17218861
17218985
17221137
17222206
17222818
17226899
17226996
17232007
17237785
17237807
17237815
17238617
17239427
17240441
1724062X
17240700
17241650
17241677
17241693
17241707
17241863
17241901
17242118
17242134
17242185
1724269X
17244935
17246091
17246768
17248035
17248914
17249449
17260531
17261678
17261708
17262135
17263247
17263255
17264057
17264170
17264189
17264529
17264634
17264642
17264901
1726541X
17265479
1726569X
17265878
17265886
17266009
17266122
1726670X
17266882
17266890
17267080
17267536
17267544
1726801X
1726913X
17269148
17269679
17269776
17270634
17271878
17272394
17273048
17273781
17274761
17274915
17275148
17275199
17275482
17275784
17276209
17277051
17277191
17277841
17278384
17279232
17279445
17279933
17280583
17280591
17280869
1728144X
1728192X
17281938
17281997
17282756
17282985
17282993
17283043
17284414
17284457
17284465
17285305
17286182
17286220
17286239
17286263
17286271
1728869X
17288800
17289718
17290341
17290376
17293774
17293782
17294061
17294274
17294428
17294649
1729519X
17295254
17295416
17296455
17296897
17298792
17298806
17298814
17299225
17301270
17301912
17302064
17302668
1730413X
17306272
17306280
17306302
17306310
17307201
17307503
1730802X
17312302
17312531
1731450X
17315379
17315530
17316375
17316383
17316677
17317533
17318645
17319544
17320747
17320917
17322642
17322693
17323916
17323991
17324254
17326729
17326761
17328160
17328705
17329353
17329841
17330092
17331331
1733134X
1733165X
17333490
17335566
17335760
17337178
17338026
17338077
17338387
17341140
17341515
17341531
1734154X
17341558
17341922
17343038
17343402
17344492
1734459X
17347467
17348412
17349338
17349923
17350328
17350344
17350522
17350654
17350808
17351065
17351243
17351308
17351383
17351391
1735143X
17351472
17351502
17351537
1735188X
17351979
17351995
1735207X
17352215
17352444
17352630
17352657
17352746
17352827
17353033
17353327
17353408
17353572
17353602
17353610
17353645
1735367X
17353866
17353955
1735403X
17354153
17354315
17354331
17354463
17354587
17354668
17355109
17355133
17355206
17355249
17355303
17355362
1735546X
17355702
17356814
17356865
17357004
17357020
17357179
17357306
17357322
17357489
17357497
17357756
17357780
1735806X
17358507
1735854X
17358582
17358604
17358612
17358620
17358639
17358787
1735885X
17358868
17358949
17359066
17359104
17359244
17359260
17359279
17359287
17359392
17359406
17359414
17362563
17363705
17364337
17364728
17365279
1736602X
17366038
17366046
17366070
17366518
17366852
17367476
17367484
17367506
17367522
17367530
17367786
17368553
1736874X
17368758
17368812
17368987
17369290
17380006
17381061
17381088
17381266
17381460
17381584
17381843
17381894
17381991
17382122
17382203
1738222X
17382297
17382637
17382696
17383102
17383110
17383536
17383684
1738494X
17385261
17385520
17385555
17385733
17385997
17386225
1738642X
17386586
17386756
17387248
17387558
17387949
17388090
17388228
17389445
17389968
17389976
17389984
17394341
17400201
1740021X
17400228
17400236
17400279
17400309
17400562
17400570
17400589
17400597
17400600
17400619
17400694
17400708
17400716
17401267
17401445
17401453
17401461
17401526
17402123
17402131
17402344
17402352
17402379
17402522
17402530
17402557
17402743
17402808
17402816
17402832
17402859
17402867
17402875
17402883
17402891
17402905
17403391
17403499
17403553
1740357X
17403715
17403723
17403812
17403863
1740388X
17403898
17404118
17404398
17404622
17404630
17404657
17404681
1740469X
17404754
17404762
17405025
17405564
17405572
17405610
17405629
17405904
17405912
17406277
17406315
17406501
17406749
17406757
17406765
17406773
17407141
17407494
17407508
17407516
17407524
17407745
17407753
17407834
17407842
17407869
17407931
17408008
17408016
17408261
17408296
17408695
17408709
17408776
17408784
17408822
17408830
17408849
17408857
17408865
17408873
17408938
17408946
17408989
1740925X
17409292
17409705
17409713
17409748
17410126
1741038X
17410398
17410401
17410460
17410533
17410541
17410819
17410983
17411009
17411017
17411025
17411033
17411041
17411068
17411076
17411084
17411092
17411106
17411114
17411122
17411130
17411343
17411432
17411440
17411548
17411629
17411645
17411912
17411920
1741203X
17412234
17412242
17412358
17412439
17412447
17412471
1741248X
17412552
17412560
17412625
17412676
17412706
17412714
17412722
17412730
17412749
17412811
17412838
17412862
17412900
17413001
1741301X
17413036
17413079
17413087
1741315X
17413192
17413214
17413575
17413591
17413729
17413737
17413842
17413850
17414113
1741427X
17414288
17414350
17414911
17415020
17415039
17415055
17415063
1741508X
17415098
1741511X
17415128
17415136
17415144
17415152
17415160
17415179
17415187
17415195
17415217
17415225
17415233
17415241
1741525X
17415268
17415276
17415292
17415306
17415322
17415357
17415365
1741539X
17415403
17415659
1741590X
17415918
17415977
17415985
17415993
17416124
17416183
17416191
17416280
17416299
17416361
1741637X
1741640X
17416418
17416442
17416469
17416507
17416590
17416787
17416892
17417007
17417015
17417260
17417279
17417538
17417589
17417597
17417627
17417899
17418011
1741802X
17418038
17418054
17418070
17418089
17418097
17418100
17418119
17418127
17418143
1741816X
17418178
17418186
17418194
17418208
17418216
17418267
17418275
17418305
17418364
17418372
17418399
17418410
17418429
17418437
17418445
17418453
17418461
1741847X
17418488
17418720
17418763
17418771
1741878X
17418798
17418887
17418984
17418992
17419166
17419174
17419182
17419190
17419204
17419212
17419409
17420385
1742058X
17420946
17421128
17421241
17421705
17421713
17421772
17421780
17422043
17422051
1742206X
17422094
17422132
17422140
1742254X
1742271X
17422876
17423341
1742352X
17423600
17423945
17423953
17424267
17424275
17424488
1742464X
17424682
17424690
17424755
17424801
1742481X
17424909
17424933
17425247
17425255
17425360
17425379
17425468
17425573
17425581
17425662
17425689
17425786
17425964
17425972
17426316
17426405
17426413
17426456
17426464
17426545
17426588
17426596
17426723
17426731
17426847
17426855
17426979
17427061
17427150
17427169
17427185
17427193
17427223
17427231
17427355
17427363
17427371
17427509
17427541
1742755X
17427584
17427622
17427665
17427673
17427835
17427924
17427932
17427967
17427975
17428262
17428297
17428300
17428955
17429145
17429153
17429536
17429552
17429692
17429994
17430003
17430178
17430437
17430445
17430585
17430593
17430615
17430623
17431026
17431050
17431301
17431654
17431670
17431697
17431727
17431735
17431743
17431816
17431824
17432197
17432200
1743288X
17432928
17432936
17432979
17433029
17433231
17433509
17433517
17433525
17433533
17433541
1743355X
1743422X
17434254
17434262
17434270
17434289
17434297
17434378
17434440
17434521
17434629
17434637
17434645
17434955
17434963
17434971
1743498X
17435005
17435013
17435110
17435129
17435234
17435242
17435390
17435404
17435889
17436095
17436109
17436753
1743694X
17437075
17437199
17437202
1743727X
17437555
17437563
17437601
1743761X
17437873
17437903
17438187
17438195
17438209
17438217
17438225
17438233
17438268
17438276
17438454
17438462
17438586
17438594
17438721
1743873X
17438764
17438772
17438977
1743906X
17439132
17439159
17439191
17439213
17439221
1743923X
17439248
17439310
17439337
1743940X
17439523
17439558
17439663
17439671
1743968X
17439698
1743971X
17439760
17439779
17439868
17439884
17440084
17440378
17440548
17440564
17440572
17441048
17441056
17441161
1744117X
17441331
17441366
17441374
17441382
17441595
17441609
17441617
17441625
17441633
1744165X
17441684
17441692
17441706
17441730
17441749
17441765
17441773
17441854
17441870
17441889
17442117
17442192
17442206
17442222
17442230
17442249
1744232X
17442370
17442389
17442508
17442516
17442532
17442583
17442591
17442621
1744263X
17442648
17442710
17442850
17442869
17443091
17443121
1744313X
17443563
17443571
17443598
17443679
17443687
17443881
1744411X
17444144
17444217
17444292
17445019
17445108
17445116
17445175
17445302
17445396
1744540X
17445485
17445493
17445523
17445531
17445647
17445760
17445779
17445809
1744618X
17446295
17446309
17446414
17446422
17446503
17446511
17446546
17446554
17446619
17446651
1744666X
17446708
17446716
17446740
17446767
1744683X
17446848
17446872
17446880
17446961
17447143
17447550
17447569
17447623
17447909
17447917
17447941
1744795X
17448069
17448107
17448301
17448387
17448409
17448581
1744859X
17448603
17448689
17448697
17448727
17448735
17448980
17449006
17449049
17449057
17449081
17449200
17449219
17449359
17449480
17449499
17449545
17449561
1744957X
17449626
17449642
17449650
17449855
17449863
17449871
1744988X
17449928
17449936
17449979
17450055
17450063
17450101
1745011X
17450128
17450136
17450144
17450152
17450179
17450322
1745039X
17450454
17450918
17450926
17451000
17451019
17451035
17451183
17451191
17451205
17451213
17451329
17451590
17451604
17451981
17452007
17452058
17452473
17452759
17452767
17453011
17453054
17453062
17453186
17453194
17453208
17453216
17453224
17453232
17453542
17453674
17453682
17453690
17453704
17453755
17453933
17453992
17454557
17454832
1745493X
17454999
17455030
17455057
17455065
1745509X
17455111
17455170
17455197
17455219
17455243
17455251
1745526X
17455278
17455286
17455294
17455863
17455871
17456150
17456215
1745641X
17456428
17456436
17456444
17456452
1745655X
17456673
17456916
17456924
17457254
17457270
17457289
17457300
17457580
17457645
17457653
17457823
17457904
17457912
17458080
17458099
17458137
17458153
17458161
1745817X
17458188
17458226
17458323
17458331
1745834X
17458358
17458366
17458374
17458382
17458390
17458552
17458560
17458862
17458927
17458935
17458943
17459117
17459133
17459206
17459214
17459265
17459435
17459443
17459656
17459737
17459745
17459974
17460069
17460077
17460166
17460174
17460263
17460271
1746028X
1746031X
17460441
1746045X
17460573
17460581
17460654
17460689
17460719
17460751
1746076X
17460794
17460816
17460875
17460883
17460913
17460921
17460972
17460980
17461049
17461278
17461340
17461375
17461383
17461391
17461448
17461596
1746160X
17461979
17461987
17464269
17464358
1746448X
17464498
17464811
17465095
17465109
17465265
17465370
17465389
17465648
17465656
17465664
17465672
17465680
17465699
17465702
17465729
17466113
17466148
17466172
17466180
1746630X
17466334
17466474
17466482
17466539
17466660
17466814
17467179
17467233
1746725X
17467586
17467594
17467616
17468094
17468272
17468361
17468477
17468809
17468817
17468841
1746918X
17469198
17469392
17469406
17469600
1746966X
17469678
17469791
17469872
17469899
17469937
17470080
17470161
17470218
17470226
17470234
17470277
17470307
1747079X
17470803
17470854
17470919
17470927
17471028
17471060
17471079
17471117
17471273
17471346
17471532
17471540
17471796
17473403
17473616
17474086
17474094
17474108
17474124
17474132
1747423X
17474477
17474884
17474892
17474930
17474949
17474965
17475066
17475074
17475090
17475112
17475120
17475139
17475198
17475333
17475341
17475414
17475732
17475759
1747583X
17475848
17475864
1747597X
17476321
17476348
1747650X
17476518
17476526
17476534
17476585
17476615
17476623
17476631
17476704
17476763
17476933
17476941
17477166
17477174
1747762X
17477778
17477786
17477891
17478405
17478413
1747938X
17479541
17479681
17479894
17479991
1748006X
17480078
17480132
17480221
17480272
17480280
17480329
17480485
17480493
17480671
1748068X
17480698
17480701
17480930
17480949
17481090
1748121X
17481252
17481260
17481279
17481287
17481317
1748135X
17481708
17481716
17482321
17482623
17482798
17482941
1748295X
17482968
17482976
17482984
17482992
17483018
17483050
17483107
17483115
17483131
17483182
17483190
17483387
17483735
17483743
17484995
17485002
17485037
17485045
1748538X
17485673
17485681
1748569X
17485703
17485711
1748572X
17485819
17485908
17485967
17485983
17485991
17486025
17486041
1748605X
17486181
17486645
17486653
1748670X
17486718
17486815
17486831
17486963
17486971
17487161
1748717X
17487188
17487382
17487870
17488605
17488842
17488885
17488893
17488958
17488966
17489180
17489237
17489326
17489423
17489539
17489547
17489725
17490294
17490774
17493374
17493463
17493471
17494001
17494060
17494079
17494192
17494478
17494486
17494613
17494680
17494729
17494737
17494869
17494877
17494885
17494907
17495016
17495024
17495032
17495148
17495156
17495679
17495687
17496020
17496039
17496276
17496284
17496292
17496535
17496543
17496632
17496772
17496780
17496977
17496985
17497221
17497345
17497701
1749771X
17497728
1749785X
17497922
1749799X
17498090
17498104
17498171
1749818X
17498198
17498341
17498430
1749852X
17498546
17498848
17498988
17499216
17499224
17499518
17499755
17499763
17500044
17500052
17500109
17500117
17500125
17500133
17500176
17500214
17500230
17500443
17500591
17500605
17500621
17500664
17500672
17500680
17501164
17501172
17501229
17501237
17501245
17501326
17501504
17501806
17501814
17501849
17501911
1750192X
17501938
17501946
17502071
1750208X
17502187
17502519
17502640
17502659
17502705
17502799
17502977
1750306X
17503132
17503140
17503159
17503167
17503175
17503183
17503280
17503299
1750368X
1750385X
17503868
1750399X
17504090
17504104
17504554
17504562
17504589
17504708
17504732
17504813
17504902
1750497X
17505836
17505933
17505968
17505976
17506123
1750614X
17506166
17506182
17506204
17506220
17506352
17506360
17506816
17506980
17507219
17507227
17507235
1750743X
17507448
17508061
1750807X
17508207
17508460
17508487
17508495
17508533
17508592
17508606
17508614
17508622
17508649
17508657
17508916
17508975
17509378
17509467
17509548
17509637
17509653
17509661
1750984X
17509858
17510147
17510252
17510457
17510465
17510473
17510589
17510597
17510694
17510708
17510759
17511062
17511070
17511135
17511321
1751133X
17511348
17511437
17511577
17511879
17511887
17511917
17511925
1751200X
17512018
17512271
1751228X
1751231X
17512395
17512409
17512433
17512549
17512689
17512697
17512786
17512794
17512867
17512875
17512921
17512972
17512980
17513057
17513065
17513243
17513472
17513480
17513758
17513766
17514088
17514223
17514231
17514258
17514266
17514304
17514312
17514517
17514851
1751486X
17514991
17515254
17515521
17515637
1751570X
17515831
1751584X
17515858
17515866
17516048
17516056
17516161
17516234
17516242
17516404
17516447
17516455
1751648X
17516498
17516528
17516536
1751665X
17516757
17516765
17516838
1751696X
17516978
17517192
17517214
17517222
17517311
1751732X
17517362
17517370
17517575
17517583
17517664
17517680
17517885
17517907
17517915
17517974
17518040
17518059
17518113
17518121
17518202
17518253
17518326
17518342
17518369
17518423
17518539
1751858X
17518598
17518601
1751861X
17518628
17518636
17518644
17518660
17518687
17518695
17518709
17518725
17518741
17518768
17518784
17518792
17518806
17518814
17518822
17518830
17518849
17519004
17519020
1751911X
17519128
17519292
17519411
1751942X
1751956X
17519578
17519632
17519640
17519659
17519675
17519683
17519918
1752007X
17520363
17520371
17520452
17520460
17520479
17520509
17520738
17520843
17520851
17520894
17520908
17521378
17521386
17521394
17521408
17521416
17521424
17521440
17521459
17521467
17521483
17521491
17521505
1752153X
17521807
17521882
17521890
17521947
17521963
17521971
17522293
17522307
17522323
17522439
17522447
17522471
1752248X
17522641
1752265X
17522692
17522897
1752296X
1752301X
17523273
17523281
17523583
17523591
17524032
17524458
17524512
17524520
17524563
17524571
1752458X
17524598
17525055
17525063
17525098
17525101
17526272
17526280
17526299
17526302
17526418
17526426
17526752
17526884
17526981
1752699X
17527066
17527074
17527155
17527163
17527589
17527716
17527724
17527791
17528054
17528062
17528119
17528550
17528631
17528887
17528895
17528909
17528917
17528933
17528941
17529131
1752914X
17529182
1752928X
17529298
17529360
17529379
17529638
17529646
17529719
17529867
17529921
1752993X
17530059
17530067
17530229
17530237
17530296
17530350
17530369
17530393
17530407
17530431
1753044X
17530563
17530571
17530768
17530776
17530784
17530792
17530822
17530830
17531039
17531047
17531055
17531063
17531403
17531934
17531942
17531950
17532000
17532116
17532507
17532523
17532531
17533015
17533023
17533074
17533171
1753318X
17533309
17533317
17533465
17533473
17533546
17533554
17533562
17533627
17533635
17533740
17533783
17534089
17534259
17534267
17534631
17534658
17534666
1753495X
17535069
17535077
17535123
17535131
17535174
17535190
17535204
17535255
17535263
17535352
17535379
17535387
17535409
17535522
17535654
17535662
17535921
1753593X
17536146
17536219
17536227
17536235
17536243
17536405
17536561
17536715
17536723
17537274
17537967
17537983
17538068
17538076
17538157
17538254
17538262
17538270
17538297
17538300
17538335
17538351
17538378
17538386
17538394
17538408
17538416
17538432
17538440
17538548
17538629
17538637
17538645
17538947
17538955
17538963
17538971
17539129
17539137
17539153
17539161
17539269
17539277
17539447
17539455
17539579
17539587
17539641
1753965X
17540178
17540194
17540208
17540291
17540305
17540402
17540453
17540461
17540739
17540763
17541018
17541328
17541336
17541476
17541484
17541611
1754212X
17542138
17542189
17542413
1754243X
17542731
17542863
17542871
17543207
17543266
17543274
17543371
17543770
17543789
17543916
17543924
17544408
17544416
17544548
1754470X
17544750
17544769
17545048
17545072
17545552
17545692
17545730
17546087
17546095
17546168
17546559
17546567
17546605
17546834
17547075
17547083
1754730X
17547318
17547326
17547431
17548403
17548411
17548500
17548519
17548632
17548640
17548845
17548853
1754890X
17548918
17549175
17549183
17549221
1754923X
17549426
17549434
17549450
17549469
17549477
17549485
17549493
17549507
17549515
17549957
17549965
17549973
17549981
17550017
17550084
17550203
17550211
17550386
17550394
17550408
17550475
17550483
17550491
1755053X
17550556
17550564
17550637
17550645
17550653
17550661
17550750
17550777
17550785
17550793
17550807
17550874
17550882
17550912
17550920
1755098X
17550998
17551137
17551145
17551307
17551315
17551471
1755148X
17551536
17551609
1755165X
17551668
17551676
17551692
17551706
17551714
17551722
17551730
17551749
1755182X
17551978
17551986
17552001
1755201X
17552028
17552036
17552273
17552281
17552540
17552559
17552567
1755263X
17552672
17552710
17552842
17552850
17552923
17552931
17552966
17553091
17553539
17553547
1755375X
17553768
17553830
17553849
17554179
17554187
17554195
17554209
17554217
1755425X
17554268
17554330
17554349
17554365
17554535
17554543
17554586
17555191
17555302
17555310
17555345
17555477
17555817
17555914
17555922
17555930
17555949
1755599X
17556171
1755618X
17556198
17556201
17556228
17556333
17556341
1755635X
17556678
17556686
17556724
17556783
17556910
17557437
17557445
1755750X
17557518
17557682
17557739
17557747
17558050
17558069
17558077
17558085
17558166
17558301
1755831X
1755876X
17558794
17558913
17558921
17559278
17559294
17559340
17559359
17559723
17559758
17559766
17560047
17560055
17560381
17560500
17560543
17560551
17560616
17560632
1756073X
17560756
17560764
17560799
17560802
17561108
17561175
17561205
17561213
17561310
1756137X
17561450
17561477
17561485
17561841
1756185X
17562104
17562112
17562201
17562317
17562392
17562406
17562414
17562538
17562546
17562570
17562589
17562597
1756283X
17562848
17562856
17562864
17562872
17562880
17563305
17563461
1756347X
17563607
17563615
1756378X
17564093
17564107
17564255
17564263
17564611
17564646
17564905
17564913
17564921
1756493X
17565138
17565146
17565383
17565529
17565537
17565634
17565804
17565812
17565839
17565847
17565901
1756591X
17566266
1756638X
17566398
17566517
17566525
17566606
17566614
17566649
1756669X
17566703
17566932
17567017
17567025
17567505
17567513
17568250
17568277
17568285
17568293
17568315
1756834X
17568404
17568412
17568420
17568633
17568692
17568722
17568757
17568765
17568919
17568927
17568935
1756932X
17569338
17569370
17569389
17569737
17569745
17569850
17569869
1756994X
17569966
17570263
17570638
17570646
17570972
17570980
17571146
17571154
17571162
17571170
17571189
17571324
17571472
17571480
17571626
17571693
17571707
17571774
17571782
17571871
1757188X
17571898
17571901
1757191X
17571928
17571952
17571960
1757207X
17572088
17572142
17572177
17572185
17572215
17572223
17572258
17572266
17572428
17572657
17572665
17572754
17572762
17574323
17574331
17574676
17574684
17574749
1757482X
17575036
17575648
17575656
17575664
17575672
17575818
17575826
17575850
17575869
17575931
17576180
17576199
17576385
17576393
17576458
17576466
17576512
17576725
17576822
17576830
17577004
17577012
17577039
17577055
17577098
17577101
17577136
17577152
17577179
17577241
17577438
17577632
17577640
17577780
17577799
17577802
17577853
17577861
1757790X
17578043
17578078
17578361
1757837X
17578396
17578418
17578426
17578450
17578515
17578779
17578787
17578981
1757899X
17579139
17579147
17579430
17579449
17579597
17579619
17579627
17579694
17579708
17579759
17579767
17579864
17579880
17579961
1757997X
17580366
17580374
17580463
17580846
17580854
1758101X
17581109
17581184
17581206
17581214
17581354
17581559
17581869
17581877
17581923
17581931
1758194X
17581958
17581966
17582008
17582016
17582024
17582032
17582067
17582083
17582091
17582164
17582172
17582229
17582555
17582652
17582733
17582946
17582954
17582962
17583004
17583209
17583217
17583284
17583489
17583497
17583756
17583772
17583799
17583802
17583829
17583837
17583845
17583896
1758390X
17583918
17583926
17584000
17584019
17584248
17584272
17584280
17584299
17584302
17584310
17584329
17584965
17585082
17585090
1758552X
17585716
17585732
17585740
17585864
17585872
17585880
17585899
17585902
17585910
17585996
1758678X
17586798
17586801
1758681X
17587093
17587212
17587239
1758728X
17587298
17587328
17587336
17587360
17587743
17587751
17587808
17588103
17588111
17588251
1758826X
17588340
17588359
17588510
17588529
17588553
17588561
1758857X
17588928
17588936
17588960
17588979
17589061
1758907X
17589142
17589193
1758938X
17589398
17589401
1758941X
17589517
1758972X
17589983
17589991
17590418
17590442
17590450
17590787
17590817
17590825
17590833
17590841
17590876
17590884
17590914
17591104
17591163
17591171
17591961
17592208
17592879
17592887
17593433
17593441
17594685
17594758
17594766
17594774
17594782
17594790
17594804
17594812
17594820
17595002
17595010
17595029
17595037
17595045
17595053
17595061
1759507X
17595134
17595142
17595150
17595436
17595673
17595681
17595908
17596599
17596637
17596645
17596653
17596831
17597137
17597145
17597188
17597196
1759720X
17597269
17597323
17597331
17597390
17597536
17597544
17597595
17597633
17597684
17597692
17597706
17597714
17597811
17598273
17598281
17598443
17598478
17598486
17598753
17598885
17598893
17598931
17598958
17598966
17599008
17599660
17599679
17599954
17599962
17601703
17602734
17602882
17604133
17604826
17605342
17605350
17605393
17607256
17608538
17608546
17610583
1761676X
17617227
17623162
17624185
17624193
17624207
17624215
17624223
17624231
17625653
17625661
17625688
17625696
1762570X
17625718
17625858
17626013
17626137
17626145
17633850
17641489
17641667
17641977
17642507
17647177
17649137
17650887
17652847
17652863
17652952
17652960
17652979
17653169
17654629
17658888
17662389
17662923
17663059
17664705
17667305
17667313
17674417
17681448
17683114
1768319X
1768322X
17683262
17683572
17686520
17686733
17689260
17689791
17694493
17696763
17696836
17696844
17697212
17697255
17697298
17697344
17709857
17711150
1772094X
17729416
17729890
17729904
17729920
17730155
17730198
1773035X
17732247
17739578
1774024X
17740746
17744466
1774640X
17746701
17748747
1775352X
17753856
17754100
17758785
17760550
17761042
1776257X
17762596
1776260X
17762766
17762790
17762804
17762820
17762839
17762847
17762863
17762871
17769817
17775299
17775302
17775329
17775388
17775450
17775469
17775582
17775647
1777571X
17775728
17775760
17775795
17775809
17775825
17775841
17775892
17775922
17775949
17777852
17783569
17783712
17783739
17783798
1778381X
17783968
1778428X
17784298
17784301
17787025
17790123
17793572
17796288
17797179
17803187
17804507
1781782X
17819989
17821398
17821401
17821428
17821444
17821479
17821525
17821533
17821541
17821568
1782348X
17824168
17831326
17831334
17831350
17831369
17831423
1783144X
17831458
17831482
17831490
17831504
1783158X
1783161X
17831652
17831709
17831717
17831741
17831768
17831776
17831806
17833914
17835917
17837677
17838401
17838738
17843286
17849934
17850037
17858860
1786271X
17863341
1786335X
17863759
1786691X
1787064X
17872405
17872413
17875021
17876117
17881994
17882281
17884934
1788618X
17886244
17892082
17893348
1790045X
17900832
17901391
17903572
17904439
17905044
17905052
17905060
17905079
17905087
17905427
17906245
17907306
17907632
17908140
17908159
17908418
17911567
17912377
17912997
17913004
17913691
17914299
17914728
17914914
17915961
17916763
17917603
17917735
1791809X
17919266
17919320
17920981
17921015
17921074
17921082
17921341
17922720
1792345X
1792362X
17924316
17924324
17924332
17924340
17924359
17924693
17924863
17925061
1792507X
17926521
17927463
17929172
17930057
17930391
17930421
17930480
1793074X
17930758
17930847
17931142
17931339
17931355
17931398
17931851
17932068
17932920
17933110
17933161
1793351X
17933641
17934311
17934702
17935245
17935253
17935350
17935369
17935458
17935571
17936047
17936292
17936713
17936756
17936845
17936926
17936950
17937078
17937108
17937116
17937159
17937167
17937175
17937183
17937205
17937213
17937310
17937434
17937442
17938120
17938309
17938317
17938430
17938759
17939453
17939615
17939623
17939666
17939674
17939933
17939941
17940915
17942918
17943108
17943396
17944449
17944724
17945887
17946190
17946670
17947111
17948886
17956889
17962021
1796203X
17962048
17962056
1796217X
1796279X
1796623X
17972469
17975301
17980461
17982340
17984769
17985617
17986540
17992591
17993121
17998204
17998972
18005845
18006450
18006698
18007473
18008542
18008755
18008763
18009581
18013422
18015395
18017576
18017592
18019064
18019978
18021115
18022308
18023150
18023983
18024041
18024475
18024637
18024696
18024866
18025307
18025439
1802548X
18025943
18025951
18026222
18026281
18026419
1802680X
18027199
18027679
18027962
18028225
18028829
18029698
1802971X
18029876
18029930
18029973
18031048
18031056
18031269
18031617
18031757
18031943
18032427
18033814
18033857
1803408X
18034551
18035256
18035264
18035302
18035345
18035353
18036058
18036104
18036465
18037232
18037399
18037402
18037437
18037860
18038220
18038417
1803845X
18039243
18039588
18040195
18040616
18041205
18041213
18041302
18041388
18041663
1804171X
18041728
18041930
18042058
18042740
18043119
18045006
18045480
18045588
18045847
18046347
18046436
18046479
18046487
18046495
18046746
18046843
18047122
18047521
18047874
1804803X
18048048
18048285
1804848X
18048765
18050174
18050476
18050565
18050689
18050697
18050867
18050948
18050999
18051421
18052363
18052576
18052789
18052991
18053610
18053629
18053769
18054196
18054404
18054412
18054420
18054439
18054447
18054455
18054463
1805448X
18054498
18054501
1805451X
18054528
18054544
18054552
18054579
18054722
1805482X
18054854
18054862
18054927
18054951
18057632
1805790X
18058396
1805840X
1805885X
18059295
18059309
18059317
18059325
18059333
18059341
1805935X
18059368
18059376
18059384
18059392
18059406
18059430
1805949X
18059503
1805952X
18059600
18059635
18059694
18059708
18059872
18060374
18061117
18062563
18062636
18063713
18063756
18063845
18064892
18064981
18065562
18066445
18066690
18068324
18068790
18069126
18069290
18069452
18069584
18069614
18069959
18069991
18070205
18070302
18071929
18071953
18073107
18075932
18077692
18078621
1807863X
18078648
18078664
18078672
18079326
1808057X
18080936
18081711
18081851
18082386
18082432
18082882
18084079
18084532
18085261
18085652
18085741
18088686
18088694
18089798
1809127X
1809239X
18092942
18094031
18094309
18094341
18094414
18094481
1809449X
18094678
18094783
18094864
18095267
18096743
18096751
18096867
18096875
18096891
18099009
18099246
18099777
18099939
18102107
18102328
18103057
18104851
18104967
1810522X
1810536X
18105467
18106277
18106285
18106374
18106528
18106536
18106838
18107478
18107621
18108601
18108997
18109292
1811038X
18110398
18110932
18111165
18112382
18112773
18115209
18117295
18117465
18117775
18117783
18117805
18118194
1811833X
18119387
18119506
18119514
18119700
18119719
18119727
18119735
18119743
18119751
18119778
18119786
18119905
18120784
18120806
18120822
18121004
18121098
18121659
18121837
18121853
18122027
18122078
18122108
18122116
18122973
18123031
18123228
18123368
18124461
18125123
18125379
18125387
18125417
18125425
18125441
18125638
18125646
18125654
18125662
18125670
18125689
18125697
18125700
18125719
18125727
18125735
18125980
18126243
18128602
18129250
18129269
18129323
18129358
18129471
18129501
1812951X
18133304
18133339
18133924
18135498
18136885
18137083
18137253
18138535
18138586
18138691
18138705
18138918
18139175
18139779
18140068
18140424
18140432
18140807
18140815
18142036
18142052
18142060
1814232X
18142338
18142427
18142435
18142443
18142680
18143326
18144225
18144527
18144810
18144861
18145868
18146023
18146627
18147453
18149235
18149316
18149324
18149332
18149448
18149545
18149596
18150659
18151027
18151434
18151442
18152406
1815347X
18153712
18153852
1815445X
18154654
18155669
18156088
18156169
18157432
18157556
18158129
18158617
18158870
18158889
1815932X
18159346
18159362
18159923
18160328
18160395
18160735
18160867
1816093X
18160948
1816112X
1816157X
18161820
18161839
18162711
18162959
18163319
18163459
1816353X
18163548
18163831
18163920
1816448X
18164897
18164900
18164919
18164927
18164935
18164943
18164951
1816496X
18164978
18165095
18165230
18165435
18166075
18166253
18166261
18166326
18167403
18167950
18167969
18168396
18168957
1816949X
18169503
18169791
18171737
18171745
18172172
18172458
18173020
18173055
18173195
18173462
18173721
1817406X
18174299
18175155
18175562
18175805
18176119
18176127
18177530
18177565
18177646
18180523
18180876
1818331X
18183352
18183735
18184952
18185487
18185495
18185800
18186270
18186300
18186874
18187668
1818779X
18187803
18187919
18188346
18189962
18191495
18191541
1819155X
18191576
18191878
18191886
18191894
18191932
18193382
18193404
18193420
18193455
18193471
18193552
18193560
18193587
18193609
18193684
18193978
18194311
18195164
18195644
18196357
18196446
1819656X
18196608
18197108
18197124
18197132
18197140
18197159
1819754X
18199224
18200214
18200958
18201202
18201776
18206069
18206131
18206530
18206581
1820659X
18207383
18207421
18207448
18207863
18208665
18210147
18210902
18211283
18212158
18212506
18212638
18212808
18213251
18214959
18216404
18219241
1822296X
18223737
1822427X
18224288
18224547
18224555
18227732
18227864
18228011
18228038
18228844
18229638
18230334
18234208
18234631
18234690
18234992
18235034
18235514
18235530
18236138
18236243
18236499
18236782
18237010
18237231
18237339
18237517
18237797
18238262
18238343
1823836X
18238556
18238602
1824016X
18240178
1824078X
18242049
18242979
18243010
1824307X
1824369X
18243789
18244777
18244785
1824484X
18245463
18246192
18246672
1824727X
18247490
18247601
1824761X
18248039
18249337
18250173
18250572
18251234
18251242
1825229X
1825263X
18253865
18253881
18253903
18253997
18255167
18255272
1825652X
18256562
18256635
18256724
1825859X
18258646
18258670
18258689
18261868
18266223
18266983
1826719X
1826722X
18267505
18267513
18267572
18268838
18268889
18269745
18269893
1827000X
18271510
18271677
18271707
18271715
18271766
18271774
18271782
18271790
18271847
18271936
18271987
18272452
18272517
18273491
18274765
18276660
1827675X
18276806
18277365
1827787X
18277888
18277918
18277926
18277969
18277985
1827806X
18278620
18279635
18279643
18280447
1828051X
1828230X
18284973
18285961
18286003
18286224
18286232
18286364
1828695X
18287344
18288928
18288936
18290825
18291163
18293824
18314732
18322077
18323804
18324215
18324274
18325203
18325505
18325912
18328105
18328679
18329101
1832911X
18331335
18331874
18331882
18332595
18332994
18333001
18333516
18333575
18333583
18333672
18333818
18334105
18334881
18334946
18335330
18336914
18338550
1833928X
18339735
18340806
18342000
18342019
18342612
18344887
18344909
18345530
18346049
18346057
18346707
18346715
18347223
18347533
18347649
18349013
18349250
18351271
18352014
18352561
18352693
18352707
18353800
18355617
18356354
18357156
18359469
18359795
18360343
18360661
18360858
18360866
18360939
18360947
18361935
18362206
18363261
18363644
18365132
18365787
18366503
18366821
18366864
1836716X
18368808
18369324
18369391
18369553
18369561
18374905
18375391
18376290
18376614
18377122
18377130
18378692
18379303
18379362
18379664
18380743
18380956
18382142
18383815
18386059
1838675X
18386768
18387357
18387640
18388973
18392733
18393330
1839339X
1839342X
18393942
18394205
18395252
18395260
18395619
18395627
18400132
1840118X
18401503
18401848
18402291
18402445
18402879
18403662
18403670
18403956
18404529
18410413
18410464
18410987
18411487
18412394
18414036
18414273
1841429X
18414435
18415261
18416624
18418325
18418724
18418759
1841964X
18419836
18420133
18420206
18422403
18422691
18422845
18423043
18423191
18423264
18423582
18424090
18424120
18424309
18425135
18425631
18426298
18426573
18427863
18428517
1843066X
18431348
18432298
18433979
18434401
18435157
18435629
18435637
18436110
18436587
18437265
18438121
18438148
18440401
1844122X
18443117
18444172
18446035
18446094
18447589
18447600
18448135
18448143
18448208
18449166
1845206X
18454046
18454100
18454380
18454534
18455662
18455719
18455921
18456421
18456707
18457789
18458815
18460453
18460593
18463312
18463363
18463878
18463886
18463908
18464025
18465226
18465412
1846579X
18465994
18466273
18466346
18467520
18468551
18469418
18469787
18475299
18475450
18476139
18476228
18476376
18476481
18476864
18476996
18477003
18477755
18477860
18477917
18478344
18479073
18479286
18479375
18479464
18479758
18479790
18479804
18480225
18480357
18480586
18481663
18482317
18482325
18483305
18483313
18483488
18485030
18485189
18485197
1848543X
18485448
18485782
18485871
18486061
18486263
18486312
18486681
1848705X
18487718
18487815
18487874
18487912
18488013
18488153
1848820X
18489079
18489095
18489257
18489303
18489613
18489672
18489680
18489931
1849014X
18490336
18490344
18490360
18490409
18490891
18491170
18491251
18491561
18492150
18492215
18492266
18492339
18493734
18494439
18494544
18495435
18498582
18501044
18501168
18502628
1850373X
1850468X
18511740
18512372
18512879
18514669
18514979
18515657
18517471
1851779X
18518753
18519636
1851992X
1852060X
18524206
18524249
18524826
18526233
18527744
18528562
18529488
18529992
18530028
18531296
18531490
18536360
18536387
18538460
18540023
18540031
18540171
18542476
18543405
18545181
1854620X
18546250
18549373
18549632
18549829
18553303
18553362
18553966
18553974
18554431
18556302
18556531
18557171
18558399
1855931X
18559719
18564550
18565301
1857016X
18571727
18572049
18572685
18573533
18575552
18575625
18575749
18575773
1857663X
18577415
18578365
18578438
18578489
18578586
18578772
18578799
18579345
18579655
18579760
1858554X
18600743
18600794
18600816
18600824
18600832
18600840
18601324
18601480
18601499
18601804
18601871
1860188X
18602134
18603572
18604730
18604749
18604862
18604870
18605214
18605397
18605974
18606245
18606253
18606768
1860711X
18607128
18607179
18607187
18607314
18607330
18607977
18608248
18608779
18608965
18608973
18609171
1860949X
18609503
18609716
18609937
18610293
18610684
18610692
18610706
18610714
18611125
18611133
18611303
18611362
18611370
18612032
18612040
18612121
18612253
18612288
18612776
18613373
18613381
18613829
18613837
18614051
1861471X
18614728
18616089
18616410
18616429
18616755
18616763
18616909
18617603
18618200
18618219
18618588
18618901
1861891X
18618936
18619002
18619681
1861969X
18619908
18619916
18619959
18620019
18620035
1862040X
18620612
18620760
18621775
18622461
18622593
18622720
18622771
18622836
18622844
18622860
18622976
18623514
18623522
18624057
18624065
18624243
18624472
18624480
18625215
18625282
18625347
18625355
18626033
18626254
18626270
18626300
18626319
18626351
18626599
18627072
18627080
18627595
18627609
1862832X
18628338
18628346
18628508
18628516
18628818
18629016
18629024
18629660
18629679
18630383
18630650
18631703
18631711
18631959
18632122
18632246
18632297
18632300
18632351
18632378
18632386
18632394
18632483
18632491
18632505
18632513
18632521
18632653
18632661
18634613
18634621
18634672
18635377
18635407
18635466
18635474
18635490
18635520
18635539
18635954
18636683
18636691
18636705
18637221
18637329
18638155
18638163
18638171
18638279
18638538
18638546
18638678
18638880
18638899
18639038
18639135
1863916X
18639690
18639704
18639933
18640281
18640303
18640346
1864063X
18640850
18641105
18641385
18642217
18642950
18643361
18644031
18645631
1864564X
18645739
18645747
18645755
18645879
18645887
18645909
18646042
18646158
18646166
18646697
18646956
18647782
18647790
18648258
18648312
18649335
18649718
18649904
18650333
18650341
1865035X
18650473
18650929
18650937
18651348
18651356
18651372
18651542
18651550
18651674
18651682
18651704
18651984
18651992
18652034
18652433
18652646
18652654
18653499
18653529
18653537
18653928
18653936
18654584
18655025
18655033
18655041
18655122
18655211
18655386
18655440
18655785
18657257
18657265
18657362
18657923
1865889X
18659217
18659284
18659292
18659748
18660134
18660452
18661505
18661947
18661955
18662609
18662617
18662625
18662633
18663370
18663389
18663508
18663516
18665195
18665268
18665888
18666116
18666280
18666647
18666892
18667473
18667481
1866749X
18667511
18667538
18667910
18667929
18667953
1866802X
18668348
18668356
18668755
18668763
18668836
18668887
1866928X
18669298
18669557
18669565
18669808
18669859
18669956
18669964
18670202
18670334
18670466
18670520
18670539
18670687
18670717
18670911
18671071
1867111X
18671144
18671152
18671306
18671314
18671381
1867139X
18671462
18671594
18671608
18671616
18671748
18671756
18671764
18672086
18672094
18672434
18672442
18672450
18672469
18672477
18672485
18672493
18672590
18672949
18672957
1867299X
18673880
18673899
1867416X
18674305
18674313
18674534
18674569
18674577
18674828
18674925
18674941
18675662
18676936
18678211
18678343
18678521
18678548
18678777
18678920
18678939
1867979X
18680054
18680356
18681026
18681034
1868131X
18681646
18681743
18681751
18681883
18681891
18682006
18682014
18682502
18682510
18682529
1868310X
18683967
18683975
1868422X
18684238
18684297
18684300
18684394
18684408
18684483
18684599
18684602
18684874
18684882
18684890
18684904
18684912
18685021
1868503X
18685137
1868596X
18685994
18686001
18686052
18686303
18686311
1868632X
18686338
18686346
18686354
18686478
1868677X
18686958
18686966
18686974
18686982
18687075
18687083
18687261
18687865
18687873
18688071
1868808X
18688497
18688500
18688519
18688527
18688535
18688551
18688659
18688799
18688888
18688969
18689884
18690238
18690327
18690459
18690963
18691439
18691447
18691730
18691749
18691862
18691870
18691889
18691897
18691900
18691919
18691927
18691951
18691978
18691986
1869215X
18692672
18692680
18692729
18692737
18693296
18693474
18693482
1869408X
18694098
18694101
18694187
18694195
18695450
18695469
18695582
18695590
18695760
18696104
18696716
18696945
18696953
18696961
1869697X
18697534
18697577
18697720
1869814X
18698182
18698433
18698441
1869876X
18698778
18698980
18698999
18699391
18699510
18699529
18700063
18700462
18700578
18700713
1870249X
18703062
18703453
18703542
18703550
18704654
18704670
1870719X
18708404
18710069
18710131
1871014X
1871031X
18710328
18710336
18711014
18711073
18711294
18711340
18711405
18711413
18711502
18711731
1871174X
18711774
18711871
1871188X
18711901
1871191X
18712207
18712320
18712401
1871241X
18712428
18712525
18712576
18712584
18712592
18712673
18712711
18712894
18713025
18713033
18713041
18713173
18714021
1871403X
18714048
18714080
18714099
18714110
18714641
1871465X
18714668
18714757
18714765
18715125
1871515X
18715192
18715206
18715214
18715222
18715230
18715249
18715257
18715265
18715273
18715281
1871529X
18715303
18715532
18715621
18715656
18716377
18716431
1871644X
18716636
18716725
18716784
18716938
1871756X
18717659
18717691
18717829
18717934
18717942
18717993
18718868
18719732
18719740
18719791
18719805
18720218
18720226
18720358
18720676
18720684
18720854
18721001
1872115X
18721915
18721990
18722040
18722083
18722105
18722113
18722121
1872213X
18722148
18722156
18722423
1872261X
18722636
18723128
18723136
18724531
18724973
18724981
18725082
18725120
18725155
18725163
18725171
18725325
18725333
18725457
18725473
18725481
1872552X
18725791
18725805
18726127
18726135
18727158
18727190
18727212
18727220
18727239
18727859
18727875
18728103
18728847
18728855
18728863
18729037
18729185
18729312
18730140
18730191
18730418
18731279
18731341
18731546
18731791
18731821
18731848
18731988
18732011
18732267
18732410
18732763
18733867
18733875
18733883
18734022
18734065
18734103
18734480
18734731
18735037
18735061
18735282
18735533
18735649
18736033
18736181
18736424
1873653X
18736548
18736580
18736599
18736602
18736629
18737234
18737463
18737595
18737617
18737854
18737935
18738176
18738974
18738982
18739008
1873930X
18739318
18739326
1873958X
18739598
18739601
1873961X
18739652
1873975X
18739822
18739857
18739881
18739946
18740448
18740502
18740588
18740707
18740790
1874088X
1874091X
18741045
1874110X
18741207
18741231
18741290
18741436
18741495
1874155X
18741584
18741657
18741665
18741738
18741924
1874205X
18742106
18742130
18742262
18742416
1874270X
18742718
18742734
18742793
18742823
18742858
1874303X
18743064
18743129
18743218
18743315
18743404
18743471
18743501
18743641
18743722
18743900
18743919
18744184
18744214
18744346
18744400
18744443
18744478
18744532
18744621
1874463X
18744648
18744656
18744672
18744702
18744710
18744737
18744745
18744753
18744761
1874477X
18744788
18744796
18744818
18744826
18744834
18744842
18744907
18745075
18745172
18745245
18745326
18745334
18745342
18745393
18745431
18745482
18745490
18745504
1874558X
1874561X
18745644
18745652
18745660
18745679
18745687
18745695
18745709
18745717
18745725
18745733
18745741
1874575X
18745784
18745792
18745822
18745849
18745857
1874589X
18745903
18745911
1874592X
18745970
18745997
18746004
18746020
18746047
18746055
1874608X
18746098
18746101
18746128
18746136
18746284
18746306
18746489
18746500
18746519
1874656X
18746659
18746691
18746705
18746942
18747043
18747051
18747094
18747167
18747337
18747493
18747647
18747655
18747787
1874785X
18747868
18747876
18747884
18748023
18748236
18748287
18748341
18748368
18748384
18748554
18748597
18748635
18748767
18748775
18748910
18748929
18748937
18748945
18748953
18748961
1874897X
18748988
1874916X
18749232
18749275
18749283
18749305
18749399
18749445
18749496
18750192
18750214
18750257
18750273
18750281
18750354
18750362
18750370
18750397
18750435
18750443
18750451
18750656
18750664
18750672
18750699
18750710
18750796
18750923
18750931
18751121
18751148
18751342
18751350
18751490
18751504
18751733
18751741
1875175X
18751768
18751792
18751814
18752128
18752136
18752152
18752160
18752284
18752292
18752470
18752772
18752780
18752799
1875306X
18753183
18753264
18753426
18753442
18753493
18753507
1875371X
18753728
18753884
18753892
18753973
1875399X
18754023
18754104
18754112
1875452X
18754562
18754570
18754597
18754678
18754791
18754805
18755100
18755364
18755992
18756328
18756468
18756506
18756654
18756859
18756867
18756883
18756891
18756913
18756921
18757103
18757162
18757170
18757243
18757294
18757340
18757375
18757405
18757448
18757863
18757987
18758207
18758258
18758339
18758347
18758363
1875838X
18758398
1875841X
18758436
18758444
18758533
1875855X
18758711
18758754
18758827
18758894
18758967
18759157
18759173
18759181
1875936X
18759386
18759394
18759491
18759521
18759572
18759637
18759742
18759777
18759807
1875984X
18759858
18759866
18760104
18760228
18760341
1876035X
18760503
18760562
1876066X
18760759
18760988
18761070
18761100
18761119
18761364
18761399
18761429
18761518
18761623
18761631
18761658
18761666
18761682
18761933
18762018
18762077
1876214X
18762204
18762247
18762557
1876276X
18762778
18762859
18762867
18762883
18762891
18763111
18763251
1876326X
18763367
18763375
18763405
18763413
18763804
18763820
18763847
18763863
18763960
18764029
18764037
18764045
18764053
18764371
1876441X
18764517
18764525
18764533
18764541
18764754
18764789
18764819
18764983
18765092
18765106
18765149
18765238
18765246
18765254
18765262
18765289
18765297
18765580
18765610
18765645
18765998
18766102
18766153
18766196
18766595
18766633
18767079
18767354
1876746X
18767583
18767591
18767605
18767621
1876763X
18767761
18767931
18767982
18768172
18768237
1876830X
1876861X
18768741
18768768
18768938
18769055
18769071
18769098
1876973X
18769861
1876990X
18769918
18770029
18770223
18770312
18770320
18770428
18770509
18770517
18770533
18770541
18770568
18770657
18770703
18771173
18771203
18771297
18771319
18771327
18771718
18771823
18771831
1877184X
18772641
1877265X
1877282X
18773095
18773109
18773192
18773206
18773419
18773435
18773818
18774083
18774822
18774970
18775233
18775454
18775462
1877573X
18775756
18775772
18775845
18775934
18775942
18776132
18776264
18776272
18776337
18776345
18776361
18776531
18776558
18776884
18776930
18777031
18777058
18777171
1877718X
18777236
18777244
18777252
18777260
18777295
18777392
18777503
18777554
18777791
18777821
18778127
18778372
18778542
18778550
18778585
18778607
18778798
1877881X
18778860
18779077
18779085
18779123
18779131
18779166
18779182
18779344
18779425
18779484
1877959X
18779603
18779751
18779808
18779964
18780016
18780040
18780059
18780067
18780075
18780083
18780121
18780148
18780164
18780180
18780199
18780210
18780229
18780237
18780261
18780296
18780482
1878075X
18780784
18780814
18780938
18781241
18781292
18781373
18781527
18781535
18781543
18781810
18781861
18783155
18783317
18783376
18784429
1878450X
18784518
18784631
1878464X
18784712
18784755
18784763
18784879
18785077
18785085
18785093
18785123
18785158
18785166
18785190
18785220
18785352
18785409
18785476
18786146
18786227
18786480
18786529
18786553
18787436
18787452
18787479
18787576
18787649
18787665
18787762
18787789
1878786X
18787878
18787886
18787959
18788084
18788106
18788114
18788181
18788750
18789293
1878948X
18789498
18789714
18789722
18789730
18789897
18789986
18789994
18790232
18791514
1879176X
18792391
18793096
18793665
18793886
18793983
18794068
18794076
18794122
18794238
18794378
18794467
18794637
18794912
18795226
18795234
18795382
18795390
18795404
18795412
18795420
18795838
18796257
1879629X
18796397
18796400
1879663X
1879680X
18797180
18797199
18797202
18797210
18797261
18797296
18797539
18797547
18797717
18797725
18797865
18797873
18798071
1879808X
18798101
1879811X
18798136
18798195
18798233
18798322
18798349
18798357
18798365
18798446
18798454
18798500
18799027
18799035
18799264
18799272
18799337
18799787
18799795
18799817
18800688
18800920
18800939
18801390
18801447
1880313X
1880344X
18803865
18803873
18803989
18803997
18804276
18804926
18805221
1880554X
18805558
18805566
18805884
18805981
18806023
18806090
18806465
18806503
18806546
18806562
18806791
18806805
18806821
18806880
18807046
18807062
18808026
18808190
18808247
1880828X
18809693
18809863
18809952
18810136
18811345
1881218X
18812198
18812473
18813054
18813747
18814190
18814204
18814379
18815472
18816096
18816754
18817122
18817629
18817815
18817823
18817831
1881784X
1881803X
18818153
1881817X
18818366
18818382
18818463
18818692
18820476
18820778
18820999
18822398
18822606
18822924
18822932
18823416
18824072
18824749
18825079
18825176
1882532X
18825567
18825974
18826652
18826660
18826679
18826687
18826695
18826865
1882708X
18827616
18829554
1883096X
18830978
18830986
18831958
18832032
18832148
18832318
18832407
18832490
18833578
18835198
18835600
18835775
18837239
18838014
18838022
18838030
18838049
18842259
18842496
18844049
18844057
18847269
18847560
18848826
18852564
18852718
18853137
18853730
1885446X
18855709
18855857
1885642X
18856675
1885740X
18858031
18858252
18861350
1886158X
18862438
18862632
18862845
18863604
18863655
18864805
18864945
1886516X
18865887
18866298
18866581
18867995
18868134
18868576
18869297
18872042
18873987
18874460
18874606
1887505X
18875890
18877052
18878369
18880258
18880967
18883931
18884008
18884296
18884415
18885063
18886116
18887546
18888046
18888526
18889751
18889891
18891152
18891837
18891861
18892566
18893066
18893805
18894178
18895425
1889836X
1889898X
18902138
18902146
18903991
18904009
18906990
18907008
18909515
18911757
18911803
18915469
18915477
18915914
18915949
18916252
18918131
1891814X
1891943X
18931049
18941257
18945570
1895104X
18951058
18951066
18951074
18951082
18951171
18951767
18952038
18952089
18953735
18954588
18955770
18956106
18956572
18956912
18957455
18957595
18958281
18959091
18960596
18960782
18961126
18961517
18961525
18961541
18961851
18962122
18963315
18963757
1896530X
18965644
18966764
18967876
18968961
18969151
18969666
18971059
18971180
18971199
18971695
18972276
18972357
18972764
18973191
18973310
18973426
18974287
18975593
18977979
18978649
18979483
1898018X
18980295
18980678
18980759
18981135
18982115
18984002
18984088
18986188
18986196
18986773
18987249
18987761
18989403
18989594
18989934
1899007X
18991254
18991505
18991548
18991874
18991955
18991998
18992358
18993044
18994741
18994849
18995101
18995276
18997562
18998291
18998526
18998852
18999417
1899962X
19001592
19005407
19006586
19007205
19012276
19018401
19031807
1903220X
19040008
19044720
19045514
19048181
19054637
19057415
19057873
19059094
19061714
19064675
19068107
19077505
19079761
19086865
19087330
19090455
19090544
19092474
19094450
1910622X
19107595
19112017
19112025
19112092
1911382X
19114745
19114788
19116470
19131844
19131852
1913200X
19132751
19135416
19135440
19135963
19136692
19137176
19139020
19139063
19157398
19160208
19160216
1916257X
19162790
19162804
19164742
19164750
19165781
19169736
19169744
19177844
19183666
19185227
19185561
19185901
1918591X
19186444
19186983
19187173
19187181
19201214
1920180X
19202601
1920261X
19204159
19204531
1920454X
19204825
19207336
19207476
19208642
19222645
19231210
19232713
19232799
19232829
19232837
19232861
1923287X
19232926
19232934
19233981
1923399X
19234023
19234031
19237529
19238401
19239335
19239343
19243642
19250169
19252099
19253621
19254067
19254075
19255683
19255764
19255772
19256515
19256523
19258348
19270321
1927520X
19275307
19275951
19276044
19276052
19276141
19276311
1927632X
19277229
19277296
1927730X
19290748
19294409
19295804
19295812
19297092
19297750
19300328
19300336
19300395
19300433
1930076X
19300794
19301189
19301200
19301405
19301650
19301669
19301855
19302126
19302975
19302983
19302991
19304307
19304315
19305044
19305311
1930532X
19305338
19305346
1930613X
19306458
19306792
19306962
19307365
19307381
19307969
19308264
19308299
19308337
19308345
19308418
19308833
19308868
19308876
19310234
19310293
19310846
19311168
19312253
19312431
19312458
19312466
1931308X
19313128
19313152
19313160
19313195
19313365
19313896
1931390X
19313918
19314361
1931437X
19314485
19314523
19314531
19314973
19315244
19315260
19315279
19315864
19315872
19316283
19316550
19316690
19316828
19316836
19317093
19317204
19317212
19317220
19317336
19317360
19317557
19317565
19317573
19317603
19317611
1931762X
19317883
19317913
1931857X
19319401
19319525
19319533
19319592
19320183
19320191
19320205
19320213
19320248
19320256
19320280
19320620
19321031
1932104X
19321058
1932121X
19321228
19321236
19321244
19321252
19321260
19321465
19321473
1932149X
19321678
19321708
19321864
19321872
1932202X
19322054
19322135
19322143
19322232
19322259
19322267
19322275
19322321
19322798
19322909
19322917
19322968
19323166
19323174
19324391
19324421
1932443X
19324502
19324510
19324529
19324537
19324545
19324553
19324855
19325037
19325134
19325150
19325223
19325614
19325622
1932586X
19326076
19326084
19326157
19326181
1932619X
19326203
19326246
19326254
19327447
19327455
19327501
1932751X
19327587
19328036
19328087
19328184
19328346
19328354
19328451
1932846X
19328486
19328494
19328540
19328575
19328621
1932863X
19329148
19329156
19329253
19329261
1932927X
19329423
19329520
19329563
19329903
19329954
19329997
19330065
19330219
19330251
1933026X
19330278
19330707
19330715
19331266
19331592
19331681
1933169X
19331711
19332874
19332882
19332890
19333196
1933320X
19333633
19333684
19334192
19334206
1933527X
19335377
19335954
19336586
19336632
19336896
1933690X
19336918
19336926
19336934
19336942
19336950
19336969
19337191
19337213
19338244
19338341
19338996
19339003
19339011
1933902X
19339747
1933978X
19341482
19341520
19341768
19341997
19342039
19342500
19342608
19342616
19342640
19342659
19342799
19343396
1934340X
19343477
19343639
19343647
19343655
19343663
19343671
1934368X
1934421X
19344287
19344554
19344589
19344708
19344945
19345070
19345259
19345267
19345275
19345739
19345747
1934578X
19345798
19345909
19345925
19346026
19346182
19346190
19346220
19346344
19346352
1934662X
19346638
19346832
19347197
19347200
19347235
19347715
19347820
19347855
1934788X
1934791X
19347944
19347987
19348002
19348045
1934807X
19348126
19348258
19348266
19348282
19348290
1934838X
19348398
19348401
1934841X
19348436
19348444
19348525
19348533
19348576
19348584
19348630
19348835
19349254
19349262
19349270
19349289
19349297
19349300
19349378
19349408
19349416
19349491
19349556
19349637
19349645
19349688
19349696
1934970X
19350090
19350201
19350228
19350252
19351089
19351232
19351275
19351623
19351682
19351690
19351704
19351933
19351984
19352212
19352514
19352611
1935262X
19352700
19352719
19352727
19352735
19352824
19352840
19352875
19353227
19353235
19353243
19353456
19353812
19354185
19354576
1935472X
19354932
19355041
19355130
19355149
19355297
19355688
19355696
1935570X
19355718
19355726
19356226
19356684
19357001
19357516
19357524
19357877
19357885
19357893
19358237
1935861X
19359179
19359705
19359713
19359748
19359756
19359764
19359772
19359810
19360533
19360541
1936055X
19360568
19360584
19360592
19360835
19360851
1936086X
19360886
19360975
19361009
1936122X
19361270
19361327
19361335
19361351
19361521
1936153X
19361610
19361629
19361645
19361653
19361955
19361963
19362447
19362455
19362625
19362692
19362994
19363001
19363761
1936377X
19363907
19363915
19363958
19364660
19364741
19364784
19364792
19364806
19364954
19365209
19365233
19365764
19365802
1936606X
19366256
19366264
19366426
19366434
19366442
19366450
19366469
19366574
19366582
19366590
19366612
19366744
19366760
19367228
19367236
19367244
19367317
19367406
19367414
19367961
19368437
19368445
19368526
19368623
19368631
1936878X
19368798
1936900X
19369018
19369247
19369255
19369719
19369727
19369735
19369743
19369751
1936976X
19369816
19369824
19370652
19370660
19370695
19370709
19371179
19371209
19371217
19371578
19371632
19371888
1937190X
19371918
19372108
19372426
19372817
19372841
1937321X
19373260
19373279
19373333
19373341
19373368
19373384
19373546
19374569
19374577
19374585
19375034
19375077
19375093
19375174
19375212
19375247
19375255
19375387
19375395
19375867
19376448
19376472
19376480
19376529
19376537
19376812
19377010
1937786X
19378289
19378327
19378629
19378688
19378696
19378718
19378726
19379145
19379404
19379412
19379633
19379641
19380194
19380208
19380232
19380240
19380259
19380267
19380283
19381247
19381301
19381328
19381352
19381506
19381581
1938162X
19381743
19381751
19381956
19381964
19381972
19381980
19381999
19382006
19382014
19382022
19382030
19382049
1938212X
19382464
19382545
19382553
19382944
19383215
19383800
19384114
19384122
19385439
19385463
19385773
19385862
19386206
19386362
19386389
19386400
19386451
1938663X
19386737
19386958
19386974
19387261
1938744X
19387636
19387741
1938775X
19387806
19387849
19387857
19387989
19387997
19388063
19388071
19388098
19388160
19388179
19388209
19388322
19388926
19388934
19388969
19389019
19389027
19389507
19389655
1938971X
19389728
19389736
19389744
19389787
19390041
1939005X
19390068
19390122
19390211
19390459
19390467
19390637
19390653
1939067X
19390807
19391234
19391358
19391366
19391374
19391382
19391390
19391404
19391412
19391633
1939165X
19391676
19391811
1939182X
19391846
19391919
19392095
19392109
19392206
19392214
19392230
19392346
19392397
19392400
19392699
19392869
19393210
19393229
19393466
19393547
19393555
19393792
19393806
19394071
19394551
19394594
19394608
19394616
19394632
19394667
19394810
19395078
19395086
19395094
19395108
19395221
1939523X
19395442
19395833
19395906
19395914
19395930
19395949
19395981
19396163
19396368
19396376
19396716
19397038
19397089
19397267
19397291
1939747X
19397879
19397909
1939795X
1939800X
19398018
19398115
19398425
19398441
19398549
19398654
19399111
1939926X
19400004
19400632
19400640
19400675
19400764
19400829
1940087X
19401434
19401493
19401582
19401612
19401736
19401744
19402503
19402554
19403356
19403372
19403496
19404158
19404166
19404344
19404360
19404387
19404395
19404476
1940459X
19404921
19405065
1940509X
19405111
19405278
19405286
19405510
19405529
19405901
19405979
19405987
19406045
19406061
1940607X
19406207
19406215
19406223
19406940
19406959
19407041
19407882
19407890
19407963
19407971
19408153
19408412
19408676
19409052
19409060
19409141
19409214
19409419
19409427
19410611
19410832
19410921
19411022
19411189
19411243
19411251
1941126X
19411278
19411340
19411359
19411367
19411383
19411405
19411413
19411421
19411766
19411928
19412711
19412789
19412851
19413084
19413149
19413289
19413297
19414064
19414072
19414390
19414404
19414889
19414900
19414919
19414927
19414935
19415257
19415532
19415540
19415842
19415923
19416008
19416067
19416210
19416229
19416237
19416245
19416253
19416261
1941627X
19416288
19416296
1941630X
19416520
19416628
19416636
19416911
19417012
19417020
19417039
19417322
19417381
19417497
19417519
19417527
19417551
19417632
19417640
19417705
19417713
19418264
19418361
19418647
19418744
19418752
19419066
19419074
19419198
19419430
19419449
19419651
19419899
19419902
19420080
1942065X
19420676
19420684
19420773
19420862
19420870
19420889
19420900
19420994
19421273
19422431
19422466
19422539
19422547
19422660
19422962
19423241
19423268
19423454
19423888
19423896
1942390X
19423926
19423934
19424051
19424280
19424299
19424302
19424310
19424396
19424620
19424639
19424787
19424795
19425120
1942602X
19426038
1942647X
19427603
19427611
19427751
19427867
19427875
19427891
19427905
19429347
19429525
19429533
19429681
1942969X
19429703
1943023X
19430264
19430582
19430590
19430604
19430612
19430620
19430647
19430655
19430663
19430671
1943068X
19430698
19430779
19430787
19430833
19430841
1943085X
19430868
19430876
19430884
19430892
19430906
19430922
19431562
19432461
19432631
1943278X
1943281X
19433107
19433409
1943345X
19433514
19433557
19433646
19433654
19433697
19433867
19433875
19433883
19433921
1943393X
19433999
19434162
19434170
19434294
19434421
19434456
19434472
19434480
19434529
19434588
19434596
19434618
19434863
19434928
19435010
19435665
19435746
19435819
19435916
19435932
19435991
19436092
19436106
19436149
19436157
19437706
19438095
19438141
1943815X
19438168
19438184
19438192
19438206
19438621
1943863X
19439342
19439407
19439962
19439970
19440049
19440057
19440367
19440375
19440391
19440405
19440464
19440472
19441967
19441975
19442858
19442866
19442890
19442904
19443277
19443285
19443919
19443927
19443986
19443994
19444079
19444176
19444184
19444516
19444524
19445083
19445091
19445660
19445679
19446446
19446489
19446497
19446586
1944687X
19447019
19447027
19447086
19447167
19447442
19447515
19447558
19448171
19448198
19448201
19448244
19448252
19448279
19448341
19448740
19448953
19448961
1944897X
19448988
19449208
19449380
19449399
19449410
19449429
19449488
19449577
19449771
19449925
19449933
19450079
19450257
19450265
19450494
19450508
19450516
19450524
19450818
19450877
19452020
19452322
19452330
19452829
19452837
19453051
19453337
19453345
19453582
19454481
19454570
19454589
19454732
1945497X
19455224
19455232
19456123
19456131
19457243
19457413
19457596
1945760X
19457618
19457669
19457685
19457707
19457715
19457731
1945774X
19457774
19457782
19457790
19457871
1945788X
19457898
19457901
19457928
19458134
19458452
19458851
19458924
19458932
19458959
19460171
1946018X
19460740
19460759
19461186
19461194
19461968
19462166
19462174
19463014
19463022
19463138
19463146
19463251
19463855
1946391X
19463936
19463944
19463952
19463979
19463995
19464614
19464622
19464789
19464967
19465238
19465319
1946584X
19465858
19466226
19466234
19466242
19466315
19466536
19466544
19466560
19466579
19466609
19467125
19467664
19467842
19469365
19469837
19471629
19472498
19472501
19472609
19472714
19472935
19472943
1947315X
19473176
19473184
19473192
19473206
19473435
19473443
19473451
1947346X
19473478
19473486
19473532
19473591
19473605
19473613
19473788
19473834
19473842
19474040
19474237
19474253
1947461X
19474628
19474644
19474989
19475020
19475039
19475136
19475144
19475403
19475411
1947542X
19475438
19475446
19475454
19475462
19475535
19475543
19475683
19475691
19475705
19475713
19475721
1947573X
19475748
19475756
19475764
19475772
19476019
19476027
19476035
19476043
19476094
19476108
19476140
19476337
19476345
19476566
19476574
19477503
19477945
19477988
19478186
19478194
19478208
19478216
19478283
19478291
19478402
19478410
19478488
19478496
19478518
19478526
19478585
19478593
19479247
19479255
19479263
19479271
1947945X
19479468
1947959X
19479603
19479638
19479646
19479654
19479662
19479824
19479832
19480210
19480881
1948108X
19481756
19481837
19481985
19481993
1948206X
19483287
19483295
19483430
19483449
19483457
19483546
19483554
19484682
19484801
19484984
19484992
19485077
19485085
19485182
19485204
19485506
19485514
19485565
19485719
19485727
19485875
1948593X
19485948
19485956
19485964
19486553
19486561
19486596
1948660X
19487185
19487193
1948822X
19488270
19488289
19488297
19488300
19488319
19488327
19488335
19489137
19489145
19489358
19490305
19490313
19490461
1949095X
19490968
19490976
19490984
19490992
1949100X
19491018
19491026
19491034
19491042
19491190
19491204
19491247
19491255
19492006
19492081
19492553
1949260X
19492715
19492723
19492944
19492952
19493029
19493045
19493053
1949307X
19493088
19493584
19493592
19493606
19493673
19493681
19493770
19493789
19493983
19493991
1949453X
19494645
19496605
19498276
19498284
19498349
19498357
19498381
19498462
19498519
19498594
1950666X
19506686
19506694
19506708
19506899
19515995
19516088
19516274
19516312
19516355
19516371
1951638X
19516401
1951655X
19524005
19524412
19538030
1953812X
19538138
19538286
19543204
19543212
19544863
1955205X
19552068
19552416
19552424
19552505
19552513
19552629
1955270X
19563485
19572557
19577729
19577737
19577745
19577842
19585160
1958556X
19585586
19585594
19585608
19585705
19585780
19590318
19597568
19601360
1960601X
19606052
19606060
19606206
19606214
19607652
19618638
19618700
19619359
19619472
19619480
19619502
19619987
19624271
19631014
19631359
19648189
19648995
19650167
19650175
19650256
19650264
19650531
19650817
19650825
19672845
19683863
19683901
19683928
19696779
19696949
19696973
19700792
19701187
19701195
19702221
19703201
1970321X
19704879
19705492
19705557
19707096
19707339
19708734
19711093
19711131
19711905
19712995
19713274
19713495
19714009
19716052
19717458
19718403
19718519
19718829
19718853
19718993
1971906X
19721293
19722680
19723539
19724802
19724845
19724950
19724977
19725019
19725094
19725140
19725167
1972523X
19725523
19725558
19725620
19725787
19726325
19726724
19727356
19727623
19732600
19732937
19733194
19733739
19733909
19734409
19734832
19737440
19737459
1973798X
19737998
19738137
19738161
19738188
19739087
19739095
19739494
19739621
1973963X
19739648
19739656
19739664
19740042
19740050
19744854
19745648
19746059
19747071
19747640
19749821
19750080
19750102
1975020X
19753586
19754019
19754094
19754612
19755937
19758359
19758375
19758456
19759320
19759339
19759479
19760280
19760442
19760485
19761317
19761457
19761597
19761902
19761961
19762283
19762437
19763700
19763808
19764111
19764251
19764677
19765118
19765525
1976555X
19765622
19765681
19766696
1976670X
19766912
19766939
19767277
19767633
19767684
19767846
19767951
19768257
19768354
19768710
1976913X
19769148
19769229
19769571
19782993
19783019
19783043
19783051
19783086
19786301
19793561
19800037
19800436
19804369
19804415
19805098
19805330
19805357
1980539X
19805403
19805411
1980542X
19805438
19805454
19805462
19805764
19805934
19806108
19806442
1980654X
19806574
19808178
19808194
1980864X
19809743
1980993X
19810997
19811160
19813163
19814526
1981478X
1981528X
19815336
19815484
19816472
19816723
19817886
19818068
19818076
19818122
19818637
1981982X
19819854
19819951
19820275
19821956
19823134
1982355X
19823932
19824327
19824335
19824343
1982436X
19824688
19825676
19826206
19826907
19828918
19829450
19830246
19830807
19830823
19831447
1983201X
19832052
19832125
19832443
19833083
19833288
19833628
19833652
19834063
19834632
19834675
19834683
19835922
19836821
19837070
19838905
19839928
19840063
19840462
19840659
19842295
1984249X
19842961
19842988
19843046
19843054
19843143
19843909
19844670
19844689
19844905
19845510
19845529
19845987
19846398
19846428
19846835
19847289
19847939
19848161
19848234
19848250
19848773
19849648
19849729
19851944
1985207X
19852517
19852533
19853106
19853157
19853718
19853807
19854064
19854668
19855761
19856571
1985692X
19858299
19858345
19858353
19868049
19881088
19882041
1988205X
19882157
19882327
19882351
19882378
19882408
19882564
19882572
19882637
19882696
1988270X
19882718
19882793
19882807
19882815
19882823
19882831
1988284X
19882858
19882874
19882904
19883056
19883064
19883080
19883129
19883196
19883218
19883234
19883242
19883269
19883307
19884125
19884168
19884265
19884273
19884621
19884672
19885172
19885202
1988561X
19885806
1988592X
19887116
19887868
1988799X
19888333
19888376
19888430
19888457
19888511
19888856
19890389
19890508
1989063X
19890648
19891067
19891342
19891385
19891709
1989208X
19893302
19893469
19894007
19894104
19894570
19894805
19895488
1989614X
19896239
19896328
19896425
19896816
19896840
1989709X
19897103
19897251
19897383
19897448
19897553
19898193
19898436
19898487
19898568
19898649
19899106
19899246
19899289
19899335
19899386
1989953X
19899742
19899823
19899831
19899890
19899904
19899947
19899971
19902573
19902670
19903413
19903421
19903839
19904061
19904789
19904797
1990519X
19905203
19905432
19907478
19907508
19907516
19907710
19907729
19907923
19907931
19907974
19907982
19908326
19909233
19909772
1991007X
19910088
19910290
19911599
19912773
19913761
19913966
19915047
1991637X
1991640X
19916426
19917074
19917120
19917740
19917902
19918178
19918615
19918747
19918755
19918763
1991931X
19919336
19919468
1991959X
19920075
19921098
19921454
19921462
19921470
19921950
19922248
19922264
19922647
19922892
19923147
19926049
19926197
19928645
19929978
19929986
19930321
19930372
19930399
19930402
19930437
19930445
19930461
19930771
1993078X
19930836
19930909
19932820
19933738
19933800
19933819
19935013
1993503X
19935048
19935250
19935412
19935994
19936079
19936095
19936109
19936125
19936788
19937512
19937601
19937989
19937997
1994036X
19940416
19940424
19940432
19940440
19941625
19941951
19942060
19942400
19942451
19943032
19943237
19944098
19944136
19944659
19945124
19945442
19945450
19945639
19946538
19946953
19946961
19947607
19947615
19947658
19947879
19947887
19947909
19947925
19947941
19948220
19949197
19950748
19950756
19950772
19950780
19950799
19950802
19950829
19950837
19951191
19951272
19951302
19951892
19952848
19952856
19952880
19952899
19954212
19954220
19954239
19954247
19954255
19954263
19954301
19954328
19954336
19954441
19954484
19954492
1995459X
19955235
19955464
19956665
19956673
19956819
19956827
19957157
19957262
19957270
19957645
19958188
19958196
1995820X
19958218
19958226
1995848X
19958692
19958943
19960808
19960816
19960875
19960948
19961073
19961421
19961553
19961812
19961944
19962096
19962126
19962207
19963343
19963599
19964196
19964617
19966385
19966814
19967012
19967195
19967284
19967292
1996756X
19967756
19967845
19968523
19968744
1996918X
19969457
19969465
1997003X
19970463
19970471
19970854
19971370
19971389
19971397
19971400
19972849
19973438
19973446
19973500
19975422
19976690
19976933
19976976
19977298
19977670
19978553
19979797
19980000
19980124
19980140
19980159
1998037X
19981066
19981074
19982836
19983557
19983565
19983573
19983581
1998359X
19983603
19983611
1998362X
19983646
19983654
19983662
19983670
19983689
19983727
19983735
19983743
19983751
1998376X
19983794
19983808
19983816
19983832
19983921
1998393X
19983948
19984014
19984022
19984049
1998409X
19984103
19984138
1998426X
19984448
19984464
19984502
19984510
19984766
19984774
19986645
19987773
19987781
19988591
19988605
19988621
19989539
19989938
19992521
1999253X
19993110
19994893
19994907
19994915
19994923
19995431
19995903
19996217
19997086
19997094
19997108
19997639
19997671
1999768X
19998147
19998163
19998589
19998627
19998732
19999674
20000898
20001444
20001452
20001525
20001967
20002297
20004214
20004389
20004508
2000625X
2000656X
20006764
20007426
20008066
20008686
20009607
20009666
20010001
2001015X
20010370
20010818
20011326
20013078
20015119
20015909
20017367
20017766
20017979
20017987
20018525
20019076
2001967X
20019866
20020104
20020112
20020244
20020317
20022867
20023839
20023901
20024339
20024436
20024509
20027567
20030177
20030924
20032633
2003539X
20050380
20050399
20050720
20051212
20052901
2005291X
2005307X
20053606
20053673
2005372X
20054238
20054246
20054254
20054262
20054270
20054297
20054408
20054483
20055013
20055447
2005615X
20056168
20056184
20056419
20056443
20056737
2005727X
20057288
20057563
20057806
20057814
20058039
20058276
20058330
20058624
20059159
2005940X
20059655
2005968X
20059752
20060165
20068808
20069863
20070802
20071124
20071523
20071639
20072406
20072872
20073364
20073828
20074018
20074085
20074298
20074387
20074476
20078706
20078951
2008000X
20080255
20080336
20080387
20080700
2008076X
20080778
20080883
20081200
20081219
2008126X
2008188X
20081898
20081901
20082010
2008210X
20082118
20082134
20082142
20082150
20082207
20082215
20082258
20082347
20082371
20082398
20082401
20082487
20082517
20082525
20082622
20082630
20082711
20082746
20082835
20082843
20082967
2008322X
20083289
20083505
20083556
20083645
2008370X
20083866
20083874
20084161
20084226
20084234
20084447
20084595
20084609
20084625
2008465X
20084889
20084935
20085117
20085230
20085249
20085893
20086164
20086172
20086482
20086490
20086520
20086687
20086695
20086709
20086814
20086822
20086830
20086970
20087209
20087306
2008756X
20087683
20087802
20088140
20088213
20088302
20088310
20088752
20088779
20088892
20089015
20089163
20089295
20089473
2008949X
20089783
20089996
20090048
20090056
20090072
20093829
20097379
20098774
20099029
20100078
20100086
20100264
20101058
20101082
20101325
20101333
2010135X
20101368
20101392
20101406
20101732
20102089
20102690
20102704
20102763
20103247
20103255
20103263
20103271
20103689
20103700
2010376X
20103778
20104952
20104960
20111711
20112084
2011219X
20112769
20113080
20114273
20117477
20117663
20117922
20117965
2011799X
20120788
20125763
2013035X
20130953
20131453
20131631
20132247
20132514
20133294
2013407X
20134088
20134118
20135246
20136196
20136374
20136455
20137087
20138393
20138423
20138830
20139144
20139470
20139500
20140983
20141130
20141246
20142862
20143567
20143575
20143591
20143605
20143613
20143680
20143818
20144520
20145349
20145748
20146000
20146418
20147023
20147910
20148151
20148410
20148526
20148534
20148801
2014881X
20148860
20149107
20149298
2014993X
20270119
20271131
20271174
20271182
20272103
20272731
20274688
20275137
2027534X
20275374
20277679
20279000
20282508
20283997
20290187
20290209
20290454
20290551
20290586
20292139
20292872
20294433
20294581
20294913
20294921
20296169
20296991
20297009
20297017
20297025
20297203
20297491
20297947
20297955
2029932X
20299990
20301006
20303769
20310064
20310293
20313098
20315929
20322887
20323913
20323921
20325371
20326653
20326904
20326912
20327072
2032944X
20329806
20334753
20335016
20336403
20336772
20342101
20343515
20343523
20346468
2035021X
20350678
20350686
20352468
20352638
20352670
20353006
20353901
20354606
20354983
20355106
20355114
20355270
20355556
20355688
20355963
20356005
2035603X
20356609
20356803
20357583
20357680
20358008
20358164
20358237
20358377
20358385
20358466
20359969
20360894
20360916
20360967
20361599
20361602
20362404
20362579
20362641
2036265X
2036282X
20363176
20363257
20363605
20364091
20364121
2036413X
2036461X
20364989
20365438
20366329
20367392
20367406
20367414
20367422
20367430
20367449
20367457
20367465
20367473
20367481
2036749X
20367503
20367511
20367902
20367996
20369913
20370156
20370164
20372272
20372426
20373635
20373643
20373651
20374631
20375255
20375263
20375298
20376588
20376731
2037688X
20377177
2037741X
20377452
20377460
20377924
20377932
20380305
20380909
20381026
2038131X
20381719
20381727
2038324X
20383274
20385366
20385587
20385625
20385722
20385757
20386133
20388322
20388330
20389922
20389930
20390491
20391374
20391471
2039148X
20392117
20392362
2039411X
20394128
20394330
20394349
20394667
20394705
20394764
20395086
20397879
20397895
20399340
20400578
20400586
20400594
20400705
20400713
2040090X
20400934
2040106X
20401116
20401124
20401388
20401744
20401752
2040199X
20402244
20402295
20402317
20402384
20402392
20402503
20402511
2040266X
20403232
20403240
20403275
20403283
20403313
20403321
20403364
2040350X
20403518
20403526
20403534
20403585
20403593
20403607
20403615
20403658
20403666
20403801
20403860
20403917
20403925
20404026
20404034
20404166
20404174
20404182
20404190
20404344
20404352
20404417
20404425
20404468
20404476
20404565
20404603
20404689
20404697
20405111
2040512X
20405669
20405677
20405790
20405960
20405979
2040610X
20406118
20406207
20406215
20406223
20406231
20407122
20407149
20407211
20407246
20407254
20407262
20407378
20407459
20407467
20407939
20408005
20408013
20408021
20408056
20408064
20408153
20408269
20408528
20408749
20408757
20408978
20408986
20411006
20411022
20411286
20411294
20411480
20411618
20411626
20411723
2041210X
20412223
20412479
20412649
20412657
2041272X
20412738
20412827
20412851
20413092
20413165
20413173
20413181
20413203
2041353X
20413599
20413866
20413874
20414005
20414013
20414137
20414145
20414161
2041417X
20414196
20414684
20414692
20414889
20415370
20415494
20415990
20416008
20416156
20416326
20416520
20416539
20416695
20416938
20416946
20417128
20417136
20417314
20417365
20417373
20417764
20417772
20417942
20418000
2041806X
20418205
20418213
20418396
2041840X
20418418
20418426
20419031
2041904X
20419112
20419120
20419139
20419414
20419511
2041952X
20419716
20419724
20419732
20419821
2042003X
20420048
20420056
20420064
20420072
20420080
20420099
20420188
20420196
20420919
20420986
20421168
20421176
20421273
20421338
20421346
20421443
20423268
20423306
20423489
20423497
20423896
20424345
20424701
20424868
20424876
20424884
20424892
20425333
20425791
20425805
20425856
20425937
20425961
2042597X
20426305
20426313
20426372
20426402
20426410
20426445
20426453
20426496
2042650X
20426550
20426747
20426755
20426763
2042678X
20426798
20426976
20426984
20427808
20427816
20427824
20427832
20427891
20427905
20427913
20427921
20428189
20428308
20428316
20428324
20428367
20428650
20428685
20428707
20428715
20428723
20428731
20428758
20428812
20428898
20428901
2042891X
20428928
20429622
20429738
20429746
20429940
20430523
20430531
20430701
2043071X
20430779
20430787
20430795
20430809
20436106
20436238
20436246
20436262
20436386
20436394
20436858
20436882
20437234
20437633
20437897
20438087
20438206
20438214
20438567
20438575
20438869
20439032
20439040
20439059
20439067
20439083
20439113
20439903
20439911
20439989
20439997
20440138
20440146
20440243
20440251
20440456
20440588
20440774
20440790
20440804
20440839
20440847
2044124X
20441266
20441274
20441282
20441290
20441398
20441401
20441983
20442041
2044205X
20442416
20442424
20442513
20442521
2044253X
20442548
20442823
20442831
20443706
20443765
20443978
20443994
20444001
20444052
20444362
20444753
20444761
20445040
20445385
20445415
20445911
2044592X
20446055
20447663
20447671
20448295
20448317
20448325
20448341
20448414
20448422
20449038
20449046
20449283
20449925
20449941
2044995X
20449968
20450044
20450605
20450613
20450621
20450664
2045080X
20450885
20450893
20450907
20450915
20450923
20450931
20451059
20451067
20451253
20451261
20451377
20451393
20451407
20451695
20452101
2045211X
20452322
20452543
2045290X
20452918
20453329
20453701
20453817
20453825
20454015
2045435X
20454368
2045452X
20454813
20454821
20455275
20455380
2045547X
20455836
20455844
20455852
20455860
20455895
20455909
20456298
20456301
20457022
2045709X
20457545
20457553
20457634
20457758
20457804
20457812
20457944
20457952
20457960
20457979
20458118
2045824X
20458541
2045855X
20458568
20458797
20458800
20458827
20458932
20458940
20459769
20459807
20459815
20459858
20459866
20459912
20459920
20459939
20460066
20460147
20460155
20460252
20460260
20460430
20460449
20460481
20460546
20460554
20461402
2046147X
20461488
20461682
20462069
20462336
20462344
20462441
20462484
20462530
20463162
20463170
20463758
20464053
2046410X
20464118
20464177
20466056
20466072
20466080
20466099
20466102
20466390
20466749
20466757
20466854
20466862
20467435
20467443
20467648
20468253
20468261
20468954
20468962
20469012
20469020
20469047
20469055
20469063
20469128
20469136
20469861
2046987X
20470770
20470789
20470894
20470908
20471025
20471033
20471238
20471246
20471440
20471483
20471491
20471734
2047217X
20472382
20472404
20472412
20472897
20472900
20472919
20472927
20472978
20472986
20472994
20473087
20473710
20473869
20473877
20474806
20474814
20474830
20474849
20474873
20474881
20474938
20474946
20474954
20474962
20476094
20476302
20476310
20476841
2047685X
20476965
20476973
2047704X
20477058
20477368
20477376
20477414
20477422
20477473
20477481
20477538
20477724
20477732
2047783X
20478720
2047895X
2047900X
20479077
20479158
20479700
20479719
20479751
20479921
20479956
20479964
20479980
20480458
20480466
20480717
20480792
20483430
20483694
20484046
20484887
20486790
20487010
20487177
20487193
20487207
20487681
2048769X
20487703
20487754
20487827
20488459
20488467
20488505
20488513
20488602
20488610
20488637
20488645
20488726
20488734
20488882
20488890
20488912
20488963
20488971
20489803
20490801
20490933
20490941
20490968
20490976
20490992
20491026
20491034
20491050
20491115
20491220
20491239
2049145X
20491573
20491891
20491948
20491999
20492073
20492146
20492154
2049257X
20492618
20493010
20493029
20493045
20493169
20493207
2049324X
20493258
20493355
20493509
20493541
2049355X
20493614
2049372X
20493738
20493983
20493991
20494092
20494173
20494394
20494408
20494459
20494637
20494645
20495323
20495331
20495471
2049548X
20495838
20495846
20496060
2049632X
20496427
20496435
20496613
20496710
20496729
20496737
2049677X
20496788
20496958
20497113
20497121
20497636
20497776
20497784
20497792
20498470
20498489
20498535
20498543
20498608
20498675
20498764
20498772
20498799
20498802
20499256
20499361
2049937X
20499434
20499442
20499450
20499469
20499531
20499647
20499957
20500068
20500076
20500084
20500386
20500394
20500416
20500505
20500513
20500521
20500688
20500696
2050070X
20500718
20500726
20500734
20500742
20500750
2050084X
20500904
20501161
20501242
20501250
20501579
20501587
20501684
20502249
20502257
20502680
20502877
20502885
20502974
20503032
20503040
20503121
2050313X
20503318
20503326
20503369
20503377
20503385
20503806
20503814
20503911
20504039
20504047
20504292
20504306
20504527
2050456X
20504802
20504810
20504837
20504845
20505086
20505094
20505280
20505698
20505701
2050571X
20505728
20505736
20505833
20505868
20505876
20506120
20506201
20506252
20506260
20506325
20506333
20506406
20506414
20506511
20507003
20507038
20507283
20507399
20507445
20507488
20507496
2050750X
20507518
20507526
20507534
20507771
20507798
20507801
20507828
20507836
20507887
20507895
20508557
20508794
20508808
20508824
20508840
20508859
20508999
20509014
20509065
20509790
20509804
20509928
20509936
20510969
20511310
20511329
20511426
20511434
20512163
20512295
20512309
20512317
20512325
20512856
20512864
20512996
20513054
20513143
20513380
20513429
20513437
2051364X
20513658
20513771
20513895
20513909
20513933
20514158
20514166
20514190
20514530
20514549
20514883
20514891
20515030
20515545
20515553
20515561
20515707
20515960
20516150
20516169
20516185
20516193
20516223
20516231
20516347
20516355
20516614
20516622
20516630
20516649
20516673
2051672X
20516967
20517041
2051705X
20517084
20517092
20517106
20517114
20517599
20517920
2051803X
20518153
20518161
2051817X
20518196
2051820X
20518757
20518803
20518811
20519699
20519702
20519710
20519729
20520034
20520492
20520573
20521537
20521545
20521553
20521707
20521731
2052174X
20521758
20521839
20521847
20522525
20522541
20522614
20522622
20522630
20522649
20522924
20522975
20523068
20523211
20523289
2052336X
20523971
2052398X
20523998
20524005
20524110
20524129
20524374
20524439
20524463
20524897
20524900
20524919
20524986
20525192
20525206
2052532X
20525931
20526113
20526121
20526148
20526156
20526512
20526695
20526709
20527276
20527764
20527772
20528396
20528418
20529015
20529023
20529538
20529597
20530196
2053020X
20530684
20530692
20531095
20531400
20531419
20531583
20531591
20531680
20531702
20531710
20532091
20532296
2053230X
20532733
2053339X
20533624
20533691
20533705
20533713
20533721
20534272
20534345
20534353
20534477
20534485
20534604
20534612
20534620
20534639
20534701
20534833
20534841
2053535X
20535368
20536712
2053714X
20537166
20537352
20538790
20538871
2053888X
20539320
20539339
20539517
20539711
20540892
20540906
20541058
20541988
20541996
20542232
20542577
20542585
20543085
2054345X
20543581
20544049
20544170
20544200
20544650
20544774
20545703
20545819
20545827
2054670X
20547544
20547552
20547668
20547676
20548923
20549040
20549318
20549326
20549369
2055026X
20550294
20550332
20550359
20550391
20550464
20550758
20550928
20550936
20551010
20551029
20551045
20551169
20552076
20552106
20552114
20552173
20552238
20552335
2055298X
2055348X
20553498
20554877
20555008
20555563
20555571
20555601
2055561X
20555660
20555784
20555792
20555822
20555911
2055592X
20556101
20556225
20556314
20556365
20556373
2055642X
20556640
20556659
20556756
20556764
20556837
20556845
20557124
20557434
20557647
20557671
2055768X
20557752
20557760
20557795
20557809
20557973
20557981
20558074
20562802
20562969
20562985
20563035
20563043
20563051
2056306X
20563132
20563264
20563272
20563280
20563299
20563418
20563426
20563450
20563485
20563744
20563841
2056385X
20563868
20563876
20563973
20564260
20564406
20564414
20564538
20564678
20564686
20564694
20564708
20564724
20564740
20564880
20564899
20564902
20564910
20564961
20565127
20565135
20565542
20565607
20565615
20565623
20565674
20565682
20565933
20565968
20566085
20566115
20566328
20566387
20566522
20566530
20566697
20566700
2056676X
20567189
20567529
20567790
20567944
20567979
20568002
20568010
2056807X
20568487
20569017
20569203
20569211
20569459
20569467
20569548
20569556
20569890
20569920
20569971
2056998X
20570198
20570201
20570341
2057035X
20570384
20570392
20570481
2057049X
2057150X
20571518
20571577
20571607
20571690
20571976
20572093
20572107
20573960
20573995
20574347
20574967
20575637
20575645
20575858
20576730
20578911
2057892X
20581742
20581831
2058184X
20584555
20584563
2058458X
20585225
20585241
20585276
20585349
20585357
20585543
20586124
20586264
20586310
20587384
20587546
20587554
20587716
20588305
20588313
20588410
20588437
20588585
20589565
20589689
20589883
20590105
20590644
20590776
20590784
20591098
20591101
20591381
20591586
20591632
20591640
20592302
20592310
20592329
20593635
20594372
20594631
2059464X
20594798
20595794
20595816
20595891
20596014
20597029
20597037
20597754
20597762
20597908
20597983
20598521
20598661
20598688
20598696
20611617
20612079
20612125
20612710
20615094
20615558
20619588
20620810
2062087X
2062249X
20625871
20630476
20634269
20635303
20635346
20637330
20639538
20642687
20645031
20645147
20645260
20645279
20648243
20648251
20648278
20650817
20651155
20651198
20652135
20652151
20652445
20652526
20652534
20653913
20653921
20654421
20655002
20657285
20658958
20659482
20659520
2065961X
20662203
20662483
20665083
20665997
20666594
20666845
20667620
20667647
20667655
20667663
20667752
20668201
20668643
20668872
20669143
20669208
20672128
20672284
20672640
20672993
20673094
20673604
20673655
20673795
20674082
20674635
20675151
2067533X
20675860
2067631X
20677812
20677855
20678223
20679874
20680783
20681038
20682239
2068259X
20683324
20684215
2068651X
20686633
20686706
2068696X
20687613
20687729
20687958
20689861
20689969
20690509
20690533
20693052
20693419
20695837
20696094
20696469
20698267
20698534
20698658
20698887
20699271
20700393
20700466
20700474
20700482
20700490
20700504
20700555
20700733
20701004
20702051
2070206X
20702620
20702639
20703368
20703449
20703910
20704658
20704666
20704909
20704933
20705204
20705670
20705948
2070626X
20707266
20707401
20708998
20709781
20710186
20710194
20710216
20710305
20710410
20710437
20710763
20710771
2071078X
20711050
20712227
20712928
20712936
20713185
20714726
20714858
20714866
20715773
2071789X
20718322
20718330
20718713
20719388
20720076
20720351
20720378
20720459
20720726
20720807
20720815
20720823
20721315
20721439
20721951
20721978
20724292
20725981
20726414
20726643
20726651
2072666X
20726694
20726732
20726805
20728050
20728662
2072912X
20729235
20729286
20729510
20729812
20730659
2073106X
20731442
20731450
20731558
20732333
20733046
20733720
20734212
20734239
2073431X
20734336
20734344
20734352
20734360
20734395
20734409
20734425
20734433
20734441
2073445X
20734468
20734735
20734859
2073607X
20736231
20736606
20736673
20737203
20737211
2073753X
20737564
20737629
20737904
20738099
20738137
20738803
20738994
20739729
20739745
20739826
20741235
20741804
20741812
20742711
20746857
20747705
20748523
2074904X
20749058
20749090
20749104
20749414
20749546
20750161
2075017X
2075051X
20750528
20750943
20751087
20751109
20751117
20751125
20751133
20751141
2075115X
20751230
20751354
2075163X
20751680
20751702
20751729
20752164
20752180
20752504
20753470
20754418
20754426
20754434
20754442
20754450
20754701
20755309
20755473
20756240
20756461
20756674
20757182
20757905
20758103
20758251
20758545
2075907X
20759517
20759711
20759827
20760299
20760507
20760760
20760817
20760825
20760906
20760930
20761465
20762607
20762615
20763263
2076328X
20763298
20763417
20763425
20763433
20763905
20763921
2076393X
20764243
20764324
20764332
20765959
20766734
20767617
20767633
20768214
20768400
20769172
20770375
20770472
2077124X
20771282
20771290
20771312
20771444
20771886
20772157
20772211
2077222X
20772254
20773528
2077429X
20774303
20775113
20775504
20776624
20776772
20776853
20777000
20777019
20777841
20777973
20778333
20778767
20779135
20779828
20779879
20779917
20780303
20780389
20780397
20780400
20780575
20780958
20781792
20781938
20782101
20782489
2078502X
20785135
20785151
20785585
20785976
20786190
20786204
20786778
20786891
20787413
20788312
20788665
20788835
20789181
20789599
20789947
20790015
2079052X
20790538
20790570
20790597
20790600
20790961
2079097X
20790988
20791003
20791216
20791224
20792883
2079312X
20793146
20793197
20793200
20793537
20793871
20794983
20794991
20795696
20795831
20795971
20796374
20796382
20796412
20796439
2079701X
20797362
20797370
20797567
20797737
20797761
20798245
20798482
20798555
20798679
20798687
20798784
20798857
20798954
20799209
20799268
20799276
20799284
20799292
20799705
20799713
20800886
20801084
2080119X
20802145
20802218
20802234
20802242
20804806
20804873
20806574
20806922
20807147
20807279
20807686
20808003
20808208
20809433
20809751
20810768
20811128
2081139X
20811632
20812221
2081237X
20812841
20813287
20813856
20813910
20814836
20816383
20816774
20816936
20817452
20817533
20817738
20818130
20818491
20818858
20819927
20819943
20820259
20821344
20822103
20826710
20826737
20827539
20827571
20827598
20828691
20828799
20831277
20831331
2083134X
20832222
20832567
20832931
20834535
20834594
20834608
20834616
20835205
20835469
20835965
20836007
20836015
20836023
20836090
20836473
20836481
20837429
20837755
2083828X
20838387
20838441
20838476
20838492
20838506
20838530
20840373
20840845
2084140X
20841558
20841965
20842589
20843763
20843828
20843909
20843917
20843925
20844352
20844441
20844506
20844840
20844883
20845308
2084574X
20846045
20846096
20846762
20846991
20847696
20848404
2084879X
20848838
20849257
2084980X
20853297
20854722
20855842
20856830
20864094
20869614
20870469
20874634
20875517
20877811
20878273
20878885
20885334
20888694
20888708
20891180
20891490
20892063
20892241
20893191
20893272
20894392
20894872
20895690
20900023
20900031
2090004X
20900058
20900104
20900112
20900120
20900139
20900147
20900155
20900163
20900171
20900201
2090021X
20900252
20900384
20900406
20900414
20900422
20900430
20900597
20900708
20900716
20900724
20900732
20900740
20901224
20901232
20901240
20901259
20901267
20901275
20901283
20901291
20901305
20901321
2090133X
20901348
20901356
20901364
20901372
20901380
20901399
20901402
20901410
20901429
20901437
20901445
20901453
20901488
20901496
20901542
20901550
20901712
20901720
20901739
20901747
2090181X
20901828
20901836
20901844
20901852
20901860
20901941
2090195X
20901968
20901976
20901984
20901992
20902069
20902077
20902085
20902093
2090214X
20902158
20902166
20902174
20902204
20902212
20902220
20902239
20902247
20902441
20902468
20902565
20902654
20902662
20902727
20902824
20902832
20902840
20902859
20902867
20902875
20902905
20902913
20902972
20902980
20902999
20903006
20903030
20903049
20903111
2090312X
20903154
20903162
20903170
20903189
20903197
20903200
20903251
20903278
20903332
20903340
20903359
20903367
20903405
20903448
20903456
20903464
20903472
20903545
20903553
20903987
20903995
20904002
20904010
20904479
20904762
20904932
20904940
20905041
2090505X
20905122
20905130
2090536X
20905394
20905408
20905416
20905904
20905920
20905939
2090598X
20905998
20906218
20906226
20906269
20906277
20906382
20906390
20906404
20906412
20906420
20906439
20906447
20906455
20906463
20906471
20906501
2090651X
20906609
20906617
20906684
20906692
20906706
20906714
2090682X
20906838
20906846
20906854
20907001
2090701X
20907141
2090715X
20907303
20907699
20908016
20908024
20908040
20908059
20908067
20908075
20908083
20908105
20908113
20908334
20908342
20908423
20908431
2090858X
20908601
20908660
20908865
20908873
20909063
20909071
2090908X
20909519
20909527
20909551
2090956X
20910320
20910800
20921357
20925212
20925859
20926219
20926413
20926448
20926529
20926685
20926715
20926731
20926782
20926790
20927193
20927258
20927355
20927363
20927592
20927614
20927843
20928637
20929129
20929196
20929323
20929374
20929862
20930488
20930569
20930860
20930879
20930887
20931409
20932278
20932286
20932340
20932480
20932685
2093274X
20933134
20933371
20933665
20933673
20933681
2093369X
20933797
20934009
20934777
20934939
20934947
20935374
20935382
20935552
20935587
20935609
20935641
2093582X
2093596X
20935978
20936214
20936311
20936516
20936702
2093677X
20936966
20937288
2093744X
2093761X
20937628
20937717
20937814
20937911
20937997
20938020
20938144
20938551
20938896
20938950
20939175
20939280
2093985X
20939868
20940343
20943938
20946937
20947313
20947321
20950055
20950160
20950179
20950187
20950195
20950209
20950217
20950225
20950233
20950241
2095025X
20950349
20950357
20950462
20950470
2095087X
20951108
20951264
20951531
20951698
20951701
20951779
20952201
2095221X
20952228
20952236
20952430
20952449
20952546
20952635
20952686
20952759
20952767
2095283X
20952899
20953119
20953127
20953836
20953941
20954034
2095428X
20954352
20954689
20954697
20954700
20954719
20954816
20954956
20954964
20955138
20955421
20956002
20956045
20956231
20956339
20956355
20956819
20956975
20956983
20957025
20957467
20957505
20957548
20957564
20958099
20958137
20958226
20958293
20958811
20959184
20959230
20959273
20959281
20959389
20959419
20959427
20959435
2095946X
20959478
20959486
2095977X
20959885
20959907
20960042
20960433
20960654
20960662
20960956
2096109X
20961529
2096157X
20961758
20961790
20962320
2096241X
20962487
20962495
20962673
20962703
20962754
20962797
20962916
20962924
20963041
20963246
20963467
2096367X
20963726
20964129
20964250
20964471
20964579
20964862
2096496X
20965117
20965230
20965303
20965508
20965524
20966717
20967438
2100014X
21000808
21000816
21009619
21010145
21010218
21010226
21010390
21016275
21016739
21024316
21025169
21026025
21026459
21026467
21033641
21043655
2104371X
21043728
21050678
21050686
21050716
21051011
21051232
21052875
21070881
21070946
21076839
21076847
21076952
21077207
21086354
21086524
21086591
21086796
2109943X
21099529
21099642
21105820
21106460
21107017
21114528
21114838
21122520
21135207
21143684
21153310
21154430
21155631
21157251
21157863
21158789
21160090
21167052
21167176
21167214
21174628
2117539X
21175683
21184496
21184852
21185735
21185743
21187436
21189773
21190275
21195242
21412502
21450226
2145132X
21456569
21458502
21460329
21460353
21460655
21460744
21460957
21461147
21461414
21462852
21462925
21463123
21463131
21463298
21463816
21464138
21464405
21464553
2146457X
21464588
21464596
2146460X
21464618
21464626
21467153
21467757
21468397
21469032
21470510
21471592
21471959
21472653
21472688
21474249
21474281
2147429X
2147611X
2147673X
21476799
21477361
21477531
21477612
21479100
21479615
21479895
2148239X
21482403
21483736
21484066
21485046
21485607
21486123
21487847
21488320
2148838X
21489297
21489505
21489637
21489696
21489955
21490120
21491135
21491291
21492042
21492247
21492263
21492271
21492530
21492549
21493057
21493235
2149360X
2149374X
21494606
21495637
21497222
21498709
21500428
21501149
21501173
21501203
21501211
21501297
21501319
21501327
21501351
2150136X
21501378
21501386
21501394
21502668
21503001
2150301X
21503516
21503621
2150363X
21504113
21504210
21504253
2150427X
21504296
21504792
21504806
21504857
21504865
21504938
21504946
21505403
21505500
21505519
21505551
21505578
21505594
21505608
21505934
21505942
21506647
21506655
21506779
21506787
21506841
21506884
2150704X
21507058
21507090
21507511
2150766X
21507716
21507724
21507740
21507759
21507988
21508097
21508925
21509298
21509301
21510032
21510040
21510733
21511349
21511357
21512191
21512205
21512221
21512604
21512612
2151318X
2151321X
21513228
21513481
21513732
21513740
21513805
21514364
21514372
21514585
21514593
2151464X
21514798
21515530
21515581
2151559X
2151562X
21516243
21516952
21517290
21517681
21517703
21517746
21518017
21518025
21518378
21518629
2151870X
21518904
21519668
21520267
21520704
21520712
2152081X
21520828
21520844
21520852
21520941
21521026
21522057
21522073
21522669
21522715
21522723
21522790
21522812
21522820
21523878
21524114
21524971
21524998
21525080
21525099
21525188
21525250
21527202
21527792
21527806
21528217
21528586
2152906X
21529078
21529272
21529620
2152999X
21530025
21530033
21530416
2153053X
21530548
21530785
21530793
21530858
21530866
21531552
21531633
21531641
21531676
21531684
21532028
21532168
21532176
21532184
21532192
21532648
21532699
21532974
21532990
21533369
21533393
21533539
21533660
21533687
21533725
21533733
21534373
21534764
21534780
21535434
21535477
21535493
21535515
21535531
21535558
21535868
21535965
21535981
2153599X
21536414
21536619
21537658
21537917
21537933
21538387
21538441
21538999
21539162
21539553
2153957X
21539596
2153960X
21539650
21539987
21540128
21540217
21540225
21540357
21540373
21540993
21541248
21541256
21541264
21541272
21541647
21541663
21541671
21542287
21543321
21543348
21544212
2154428X
21544689
21544727
21544824
21544832
21546665
21547238
21548331
21548455
21548463
21548633
21548641
21548919
2154896X
21548978
21549648
21550085
21550093
21551197
21551200
21551278
21551359
21551774
21551847
21552851
2155286X
21553165
21553289
21553297
21553769
21553777
2155384X
21553858
21553874
21554943
21554951
21555044
21555052
21555435
21555486
21555494
21555516
21555532
21555745
21555753
21555834
21556113
21556148
21556849
21556857
21556873
21556881
21556938
21556946
21557098
21557101
21557136
21557195
21557209
21557470
21557780
21557888
21558213
21558256
21558264
21558817
21559139
21559155
21559546
21559880
21559902
21560382
21561656
21561664
21561672
21561680
21561761
2156177X
2156213X
21562202
21562245
21562253
21562261
21563306
21563357
21563381
21563403
2156342X
21563950
21563977
21563993
21564566
21564574
21564639
21564647
21564914
21565287
21565295
21565333
2156535X
21565376
21565457
21565570
21565597
21565872
21565899
21566240
21566550
21566674
21566909
2156695X
21566976
21567018
21567026
21567069
21567077
21567085
21567093
21567263
21567514
21567573
21567581
21567689
21567697
21567743
21567891
21567921
2156793X
21567964
21568065
21568073
21568138
21568146
21568154
21568235
21568243
21568316
21568324
21568472
21568499
21568650
21568693
21568731
21568944
21568952
2156907X
21569614
21569711
2156972X
21570221
2157023X
2157037X
21570477
21570485
21570647
2157068X
21570817
21570965
21570973
21570981
2157099X
21571074
21571422
21571716
21571724
21571732
21571740
21572305
21572321
21573611
2157362X
21573727
21573735
21573883
21573891
21573905
21573913
21573999
21574839
21574847
21574898
21574901
2157491X
21574928
21575045
2157524X
21575258
21575428
21575452
21575665
21576203
21576254
21576475
21576564
21576580
21576904
21576912
21576998
21577005
21577277
21577285
21577439
21577560
21577579
21578095
21578096
21578097
21578099
21578101
21578102
21578103
21578104
2157846X
21578672
21578702
21579024
21579083
21579091
21579288
2157930X
21579318
21579555
21579822
21579830
21579857
21579865
21579970
21580014
21580022
21580103
21580111
21580510
21580529
21580537
21580669
21580715
2158074X
21580782
2158091X
21581002
2158107X
2158110X
21581118
21581592
21581606
21582041
2158205X
21582122
21582181
2158219X
21582246
21582254
21582440
21582459
21582491
21582505
21582866
21582874
21583188
21583226
21583234
21583595
2158379X
21583803
21583897
21583978
21583986
21584915
21584923
21585571
21585644
21585695
21585709
21585849
21585857
21585873
21585881
21586098
21586268
21586276
2158656X
21586721
21586985
21586993
21588333
21588341
21588686
21589119
21589666
21589674
2158978X
21590303
21590311
2159032X
21590338
21590354
21590370
21590389
21590524
21591237
21591245
21591547
21591555
21591687
21592047
21592055
21592144
21592160
21592527
21592535
21592543
2159256X
21592780
21592799
21592977
21593000
21593337
21593345
21593442
21593450
21593469
21593477
21593523
21593884
21593930
21594937
21594953
21595364
21596182
21596190
21596654
21596662
2159676X
21596778
21596808
21596816
21596859
21596867
21596964
21596972
21597030
21597049
21598126
21598142
21598274
21598290
21599130
21599149
21599165
21599173
21599807
21600031
2160133X
21601348
21601518
21601534
21601577
21601593
21601836
21601852
21601860
2160195X
21601968
21601992
2160200X
21602204
21602379
21602999
21603006
21603162
21603170
21603251
21603308
21603715
21603804
21603812
21603855
21604096
2160410X
21604134
21604142
21604150
21604711
2160472X
21604762
21604851
2160486X
21605033
21605041
21605076
21605351
21605882
21605890
21605904
21606056
21606064
21606153
21606161
21606374
21606382
21606455
21606463
21606757
21606765
21607001
21607443
21607451
21607508
21607516
2160763X
21607648
21608555
21608563
21609381
21609551
2160956X
21609918
21609926
21610029
2161024X
21610258
21610363
21610371
21610819
21610827
21611343
21611580
21611599
21611653
21611734
21611750
21611939
21612021
2161203X
21612129
21612188
21612196
21612234
21612528
21612536
21612617
21612889
21612897
21612927
21613311
21613915
2161427X
21614318
21614326
21614741
21615063
21615322
21615330
21615853
21615861
21616035
21616302
21616310
21616779
21617201
21617481
2161749X
2161783X
21617856
21618062
21618070
21618089
21618151
21618313
21619417
21619441
21619468
21619549
21619565
2161962X
21619646
21619654
21620555
21620563
21620601
2162061X
21620725
21620989
21621020
21621039
2162108X
21621195
21621209
21621233
21621241
21621918
21621934
21622027
21622035
21622248
21622256
21622264
21622272
21622337
2162237X
21622493
21622507
21622515
21622523
21622531
21622574
21622582
21622590
21622604
21622671
2162268X
21622701
21622965
21622973
21623104
21623279
21623619
21623937
21623945
2162397X
21624011
2162402X
21624933
21624941
21626588
21626596
2162688X
21627177
21627339
21627541
2162755X
21627568
21627576
21628726
21628734
21628742
21628750
21628769
21628777
21628807
2162951X
21629536
21630070
21630097
21630402
21630453
21630755
21630763
21630933
21631611
21631654
21632367
21632472
21632480
21633916
21633924
21635048
21635056
21635323
21635684
21635781
21635803
21636958
21637660
21638306
21640262
21640300
21640572
21640580
21640599
21640602
21640610
21640629
21640637
21640661
21641676
21641706
21641846
21641862
2164229X
21642583
21642591
21642850
21642958
21642974
21643040
21643679
21643725
21643962
21643970
21644543
21644551
21644756
21645256
21645264
21645515
2164554X
21645698
21645701
21645744
21645760
2164604X
21646058
21646066
21646074
21646325
21646341
21646376
21646414
21646457
21646473
21646570
21646589
21646708
21646821
21647143
21647151
21647259
21647267
21647313
21647712
21647844
21647860
21648212
21648344
21648670
21648689
21649561
2164957X
21649731
2164974X
21649766
21650160
21650179
21650349
21650357
21650373
21650381
21650497
21650659
21650799
21651019
21651434
21651442
21652627
21653011
2165302X
21653151
2165316X
21653585
21653593
21653828
21653836
21653984
21653992
21654077
21654093
21654247
21654255
21654301
2165431X
21654387
21654395
21654700
21654719
21654816
21654824
21654999
21655006
21655405
21655413
2165591X
21655979
21655987
2165669X
21657254
21657440
21658005
21658013
21658102
21658110
21658218
21658242
21658528
21658536
21658684
21658692
21658714
21658765
21658773
21659400
21659427
21659559
21659567
21660107
21660123
21660468
21660476
21660581
2166059X
21660662
21660670
21660727
21660735
21660778
21660786
21661316
21661324
21661650
21662525
21662746
21662754
21662932
21663394
21663408
21663548
21663556
21663750
21663831
21664072
21664250
21664307
21664870
21665095
21665133
2166515X
2166532X
21665478
21666741
2166675X
21666776
21666784
21666814
21666822
21667160
21667179
21667225
21667233
2166742X
21667438
21668469
21668523
21668531
21669430
21669449
2166949X
21669503
21669635
21670811
2167082X
21671435
21672040
21672148
21672415
21673756
21674191
21674205
21674329
21674337
21674779
21674787
21674795
21674809
21674817
21674825
21674833
2167485X
21674868
2167583X
21676275
21676437
21676445
21676453
21676461
2167647X
21676968
21676984
21677026
21677034
21678359
21678375
21678383
21678421
21678472
21678480
21678529
2167857X
21678677
21678707
21679169
21679177
21679223
21679312
21679320
21679436
21680159
21680167
21680175
21680213
21680221
2168023X
21680248
21680256
21680264
21680329
21680337
21680361
21680396
21680418
21680450
21680485
21680515
21680566
21680582
21680604
21680639
21680647
21680728
21680965
21680973
21681015
21681023
21681163
21681171
21681376
21681392
21681414
21681600
21681619
21681627
21681635
2168166X
21681678
21681694
21681716
21681724
21681732
21681740
21681759
21681805
21681813
21681856
21681899
21681902
21682194
21682208
21682216
21682267
21682291
21682356
21682372
21682704
21682712
21682763
21682798
21682801
21682836
21682852
21682860
21682887
21682968
21682976
21682984
21683018
21683026
21683034
21683042
21683050
21683085
21683344
21683492
21683565
21683573
21683603
21683611
21683751
21683778
21683808
21683816
21684219
21684227
21684235
21684790
21685266
21686068
21686076
21686084
21686092
21686106
21686114
21686149
21686157
21686165
21686173
21686181
2168619X
21686203
21686211
2168622X
21686238
21686254
21686262
21686734
21686750
21686777
21686785
21686831
21687161
21688362
21688370
21688605
21688613
21689105
21689113
21689229
21689725
21689733
21689830
2169009X
21690235
21690251
21690324
21690332
21690731
2169074X
21691401
2169141X
21692327
21692335
21692610
21692629
21692785
21693072
21693099
21693277
21693536
2169432X
21694362
21694451
21694796
21694826
21694834
21695075
21695172
21695288
21695601
21695717
21695725
2169575X
21696578
21697213
21697221
21697574
21698287
21698767
21698953
21698961
2169897X
21698996
21699003
21699011
21699097
21699100
21699275
21699291
21699313
21699356
21699380
21699402
21699488
21699763
2169978X
21699798
2169981X
21710147
21711976
21712069
21712085
21713669
21715068
2171620X
21716315
21716323
21716897
21717966
21719845
21720150
2172038X
21720479
2172055X
21721068
21723427
21723761
21723958
21724555
21727155
21727457
21727775
21730695
21731071
21731268
21731292
21731616
21732345
21732949
21733511
21734127
21734712
21736049
21736359
21736545
21736723
21736847
21739153
2173920X
21740526
21740542
21740550
21740887
21740895
21740933
21743347
21743487
21744017
21745145
2174517X
21745218
21745382
2174548X
21745609
21745625
21745676
21746486
21747245
21748063
21749094
21749221
21751188
21751803
21752168
21752745
21752753
21753369
21753431
21753539
21753563
21753652
21756236
21757860
21757968
21757976
21758239
21759146
21759790
21761892
21764573
21766142
21767262
21768501
21768757
21769079
21769109
21769168
21769451
21770298
21772940
21773491
21774382
21775133
21775184
21775281
21775346
21776199
21776202
21776709
21777675
21781494
21781702
21782792
21783713
21786011
21787727
21788650
21790302
21791074
21793255
21793425
21793433
21794790
21794820
21794847
21794960
21796491
21798087
21798338
21798699
21799067
2179975X
21801363
21801606
21801843
21802726
21803137
21803242
21803250
21803463
21803722
21803862
21804184
21804222
21804230
21804249
21804273
21804311
21820287
21821054
21821453
21822069
21822077
21822360
21822379
21822387
21822883
21822891
21823030
21827400
21827788
21827796
21827974
21828660
21829942
21830088
21830452
21831378
21831718
21832439
21832463
21832471
21832803
21833575
21833796
21833869
21834105
2183461X
2183489X
21835462
21836493
21837139
21837260
21837635
2183816X
21839271
21839956
21840385
21843333
21844453
21850194
21850984
21850992
21851018
21852766
2185310X
21853118
21853762
21856486
21862494
21862982
21862990
21863326
21863342
2186361X
21863644
21865116
21866953
21867275
21867364
21870594
21870608
21870764
2187090X
21871094
21871108
2187137X
21873666
21875103
21875219
21875537
21875626
21879036
21890102
21890110
21890420
21896577
21897042
21897654
21897948
21900191
21900558
21900566
21900752
21901090
21901678
21903018
21903026
21903328
21903387
2190393X
21903948
21904286
2190460X
21904707
21904715
21904936
21904979
21904987
21905010
21905029
21905193
21905207
21905215
21905223
21905444
21905452
21905479
21905509
21905517
21905614
21905622
2190572X
21905738
21905983
21905991
21906009
21906483
21906491
21906807
21906815
21906823
2190717X
21907188
21907196
21907307
21907439
21907579
21907668
21907846
21908184
21908214
21908230
21908370
21908508
21908516
21908567
21909172
21909385
21909733
21909741
21910162
21910189
21910197
21910200
21910219
21910227
21910235
21910243
21910251
2191026X
21910278
21910286
21910294
21910308
21910316
21910324
21910332
21910340
21910359
21910367
21910812
21910855
21911231
21911363
21911630
21911649
21911665
21911991
2191219X
21912203
21912211
21912262
21912270
21912858
21913005
21913013
21913358
21914028
21914281
21914761
2191477X
21914788
21915040
2191530X
21915318
21915644
21915652
21915768
21915776
2191611X
21916128
21916411
21916586
21916594
21917043
2191737X
21917388
21918198
21918201
21919089
21919097
21919151
2191916X
21919216
2191933X
21919399
21919402
21919496
2191950X
21919542
21919550
2192001X
21920567
2192113X
21921709
21921962
21922195
21922209
21922624
21922640
21922659
21922810
21922829
21922853
21923698
21923701
21924376
21924384
21924406
21924414
21924732
21924740
21924880
21925372
21925682
21925690
21926204
21926247
21926255
21926263
21926352
21926360
21926395
21926506
21926611
2192662X
21926662
21926670
21926786
21926794
21928010
21928029
21928258
21928304
21928312
21928576
21928584
21928606
21928614
21928932
21928959
21929262
21929270
21929505
21929513
21929521
2192953X
21930066
21930074
21930635
21930643
21930651
2193066X
21930856
21930864
21931127
21931402
21931577
21931801
21932263
21932271
21932409
21932808
21933081
21933677
21933685
21934126
21934134
21935343
21935351
2193567X
21935807
21936218
21936226
21936315
21936323
21936331
2193634X
21936358
21936366
21936382
2193651X
21936528
21936536
21936544
21937281
21937532
21937648
21937680
21938210
21938229
21938237
21938245
21938253
21938261
21938407
21938571
2193858X
21938997
21939004
21939012
21939020
21939039
21939438
21939446
21939764
21939772
21940401
2194041X
21940541
2194055X
21941009
21941017
21941459
21941467
2194315X
21943168
21943206
21943680
21944288
21944296
21944946
21945020
21945357
21945365
21945403
21945411
21945616
21945624
2194573X
21945764
21945799
21945888
21945993
21946140
21946175
21946191
21946353
21946418
21946426
21946507
2194668X
21946698
21946701
2194671X
21947228
21947236
21947376
21947384
21947511
21947740
21947759
21947767
21947775
21947899
21947953
21947961
21948011
2194802X
21948119
21948127
21948402
21948410
21948771
2194878X
21948798
21948917
21948925
21949042
21949050
21949263
21949379
21949387
21950156
21950164
21950644
21950652
21951071
21951284
21951292
21952248
21952280
2195268X
21952698
21952701
2195271X
21952728
21952957
21952965
21953325
21953562
21953570
21953589
21953597
21953880
21953899
21953988
21953996
21954194
21954356
21954364
21954755
21954763
21954771
2195478X
21954968
21954976
21955832
21956529
21956545
21957029
21957045
21957177
21957185
21957304
21957819
21958378
21959056
21959064
21959706
21959862
21959870
21960216
21960739
21960763
21961042
21961115
21961670
21961689
21962804
21962952
21962979
21962987
21963002
21963029
21963045
21963053
21963061
21964092
21964351
2196436X
21964378
21964386
21964963
21964971
21965102
21965110
21965404
21965412
21965420
21965471
21965609
21965617
21965625
21965641
21966184
21966311
2196632X
21966346
21966753
21966826
21966907
21967032
21967040
21967091
21967105
21967202
21967210
21967229
21967237
21967334
21967350
21967482
21967806
21967814
21967822
21967865
21967954
2196808X
21968799
21968837
21969663
2196968X
21969744
21969906
21969914
2196999X
21970025
21970378
21971153
21971714
21971757
21971765
21972567
2197411X
21974187
21974225
21974284
21974314
21974365
21974403
21975248
21975523
21975620
2197666X
21976740
21976759
21976775
21977100
21977119
2197716X
21977178
21977186
21977364
21978441
2197845X
21978549
21978638
21978646
21978670
21978689
21978697
21978859
21978867
21979359
21979375
21979545
21979553
21979766
21979774
21979847
21979987
21979995
21980802
21980810
21980926
21980942
21981620
21981639
21982546
21982554
21982562
21982570
21982600
21982627
21982635
21982783
21982791
2198316X
21983321
21983402
21983526
21983844
21984018
21984026
21984093
21984182
21984190
21984220
21984239
21985804
21985812
2198591X
21986061
21986088
21986096
21986401
2198641X
21986436
21986444
21986452
21986592
21987246
21987300
21987319
21987335
21987491
21987505
21987823
21987866
21989605
21989613
21989761
2198977X
21989788
21989885
21989923
21989931
21991030
21991049
21991073
21991081
21991154
21991162
21991227
21991235
21991413
21991421
2199160X
2199174X
21992401
2199241X
21992576
21993041
2199305X
2199322X
21993238
21993629
21993637
21993793
21993823
21993831
2199384X
21993858
21993971
2199398X
21994501
21994641
2199465X
21994668
21994676
21994706
21994730
21994749
21995796
2199580X
21995818
21996504
21996512
21996679
21996687
2199675X
21996768
21996792
21996806
2199692X
21997152
21997373
21997381
21997446
21997454
21998531
21998620
21998639
21998663
21998671
21998876
21998981
2199899X
21999023
21999031
21999260
21999279
22002014
22002359
22002790
22003452
22003517
22003592
22004270
22006974
22009876
22011315
22011323
22014276
2201473X
22019189
22024433
22026169
22027114
22027270
22027998
22028005
2202946X
22030794
22031693
22035184
22037543
22040064
22042091
22042288
22043136
22044183
22049029
22050140
22050795
22051104
2206026X
22060979
22063110
22063374
22065857
22065865
22067418
22069542
22070656
22076360
22077472
22077480
22079645
2207970X
22079718
22079963
22085394
2208598X
22086773
2208794X
22087958
22091084
22091092
2209119X
22091203
22096051
2210142X
22102116
22102124
22102132
22102140
22102396
22102612
2210271X
22102868
22102876
22102884
22102906
22102965
22102973
22103031
2210304X
22103090
22103104
22103155
22103163
22103279
22103287
22103554
22103988
22104070
22104097
22104119
22104127
22104224
2210464X
22104690
22104720
22104739
2210481X
22104828
22104836
22104917
22104925
2210495X
22104968
22105220
22105239
22105336
22105379
22105395
22105433
22105441
22105549
22105557
22105697
22105700
22105727
22105735
22105824
22105832
22105948
22105956
22106006
22106014
22106030
22106049
22106073
22106081
2210609X
22106103
22106170
22106189
22106243
22106251
22106278
22106286
22106340
22106359
22106480
22106502
22106545
22106561
22106707
22106812
22106820
22107010
22107053
22107177
22107371
2210738X
22107401
2210741X
22107703
22107711
22107762
22107789
22107940
22107959
22108033
22108041
22108327
22108335
22108343
2210836X
22108378
22108440
22108807
22108823
22109099
22109706
22109730
22109765
22109773
22109838
22110046
22110097
22110305
22110313
22110348
22110577
22110585
22110631
22110658
22110682
22110844
22110852
22110968
22110976
22110984
22110992
22111042
22111069
22111220
22111247
22111441
2211145X
22111662
22111670
22112014
22112545
22112669
22112707
22112723
22112758
22112766
22112839
22112855
22112863
22113037
22113207
22113355
2211338X
22113398
2211341X
22113428
22113436
22113444
22113452
22113460
22113495
22113509
22113525
22113533
22113568
22113576
22113649
22113681
22113711
2211372X
22113770
22113789
22113797
22113835
22113843
22114009
22114122
2211419X
22114238
22114254
22114564
22114572
22114599
22114610
22114629
22114645
2211467X
22114718
22114742
22114750
22114866
22114920
22114939
22115056
22115072
22115323
22115366
22115374
22115420
22115439
22115463
22115501
2211551X
22115528
22115536
22115560
22115579
22115587
22115595
22115684
22115943
22116095
22116117
22116249
22116257
2211632X
22116338
22116753
22116834
22116842
22116885
22116923
22116958
22117156
22117245
22117253
2211730X
22117342
22117369
22117377
22117385
22117393
22117458
22117539
22117547
2211792X
22117938
22117946
22117954
22118020
22118039
22118160
22118179
22118330
22118349
22118837
22119000
22119051
2211906X
22119124
22119132
22119140
22119264
22119434
22119493
2211968X
22119736
22120017
22120025
22120092
22120122
22120203
22120211
22120416
22120505
22120548
22120661
22120947
22120955
22120963
22120971
22121099
22121102
2212134X
22121366
22121374
22121447
22121552
22121609
22121730
2212182X
22122672
22122761
2212277X
22123091
22123105
22123202
22123717
22123997
2212408X
22124195
22124209
22124268
22124276
22124284
22124292
22124403
22124438
22124780
22124810
22124926
22124934
22125043
22125345
2212540X
22125469
22125523
22125531
22125558
2212571X
2212585X
22125868
22125884
22125892
22126007
22126082
22126090
22126104
22126120
22126139
22126198
22126287
22126465
2212652X
22126538
22126570
22126821
2212683X
22126864
2212697X
22126988
22127070
22127089
22127410
22127445
22127453
2212764X
22128166
22128263
22128271
2212828X
22128433
22128441
22128689
22128778
22128794
22128808
22129006
22129391
22129405
22129413
22129553
22129588
22129596
22129626
22129634
22129685
22129693
22129715
2212974X
22129758
22129774
22129790
22129820
22130039
22130071
22130489
2213056X
22130578
22130586
22130608
22130683
22130691
22130764
22130772
22130780
22130896
22131027
22131035
22131051
22131116
22131132
22131248
22131272
22131337
22131388
22131566
22131574
22131582
22131779
22131795
22131809
22132031
2213204X
22132090
22132104
22132198
2213221X
22132244
22132317
2213235X
22132368
22132570
22132600
22132724
22132759
22132902
22132929
22132945
22132961
2213297X
2213302X
22133038
22133054
22133070
22133089
22133232
22133291
2213333X
22133372
22133380
22133437
22133852
22133860
22133887
22133976
22133984
22134220
22134239
22134344
22134360
22134387
22134417
2213445X
22134468
22134506
22134514
22134530
2213459X
22134603
22134638
22134670
22134689
22134794
22134808
22134875
22134905
22134913
2213493X
22135103
22135154
22135383
22135413
22135766
22135812
22135820
22135960
22135979
2213624X
22136320
22136533
22136541
22136657
22136711
22136738
22136746
22136959
22137130
22137165
22137459
22137467
22138005
22138463
22138587
22138617
22138684
22138692
22138706
22138714
2213879X
22138803
22138846
22138986
22138994
22139095
22139567
22139621
22139885
22140085
22140247
22140271
22140301
2214031X
22140913
2214109X
22141324
22141332
22141391
22141405
2214157X
22141588
22141669
22141677
22141766
22141804
22141812
22142096
22142126
22142134
22142304
22142312
22142428
22142487
22142495
22142509
22142584
22142894
22143157
22143165
22143173
22143300
22143599
22143602
2214367X
22143807
22143815
22143882
22143890
22143912
2214398X
22143998
22144048
2214420X
22144269
22144420
22144463
22144471
22145095
22145141
22145168
22145281
2214529X
22145400
22145419
22145524
22145532
22145672
22145680
22145729
22145745
22145753
22145796
22145818
2214594X
22146075
22146237
22146245
22146296
22146350
22146369
22146474
22146571
22146628
22146695
22146873
22146938
22147144
22147160
22147233
22147500
22147519
22147535
22147624
22147632
22147810
22147829
22147845
22147853
22147861
2214790X
22147942
22147977
22147993
22148019
22148043
22148051
22148450
22148469
2214854X
22148604
22149112
22149147
22149635
22149791
22149929
22149937
22149996
22150013
22150064
22150072
22150080
22150161
2215017X
22150285
22150323
2215034X
22150358
22150366
22150382
22150390
22150838
22150846
22150897
22150900
22150986
22151532
22151621
22151656
22151737
22151745
22151826
22151842
22151907
22153470
22153608
22157484
22160280
22172521
22172661
2217379X
22173986
22174257
22177159
22177183
22178066
22178309
22178333
22178767
22178961
22179232
22179860
2217995X
22180532
22180648
22181903
22181989
22181997
22182004
2218273X
22182993
22183000
22183620
22183973
22184333
22185046
22185836
22186050
22186581
22186751
2218676X
22186816
22186867
22188622
22192840
22193111
22193820
22194029
22195467
22195491
22195688
22196749
2219679X
22196803
22197117
22197125
22199659
22201009
22201084
22201122
22201173
22201181
22201319
22204075
22204083
22204156
22204334
22204342
22205438
22205810
22207619
22208054
22208372
22208879
22209352
22209964
22210474
22211268
22211691
22212264
22213007
22213198
22213759
22213767
22213996
22214070
22215115
22215255
22216189
22216413
22216421
22217630
22217932
2221870X
22219501
22221468
22221751
22221808
22223959
22224262
22224424
22224432
22226737
22227415
22228721
22228748
22231757
22232559
22232567
22232877
22233652
22233660
22233733
22233741
22233806
22234292
22234306
22234594
22234683
22234691
22234721
22235329
22235779
22235787
22236589
22236619
22237038
22237674
22237682
22237690
22237704
22237747
22237755
22237895
2223814X
22238905
22239022
22239170
22239375
22239766
22240012
22240039
2224073X
22242708
22242759
22243151
22243380
2224350X
22243992
22244336
22244344
22244433
22244662
22245278
22245383
22245820
22245839
22246509
22247890
22247939
22247963
22248935
22249028
22249079
22249435
22249893
22250719
22251146
22251154
2225157X
22252002
22252010
2225319X
22253653
22254110
22256253
22260439
22260803
22261494
22261869
22263365
22263594
22264108
22264116
22264310
22264477
22264701
2226471X
22264787
22265147
22265260
22265856
22265988
22266704
22266739
22266771
22267190
22267220
2226809X
22268383
22271465
22272771
22273123
22274200
22274782
22274898
22275223
2227524X
22275487
22276068
22276394
2227684X
22277072
22277099
22277102
22277382
22277390
22278508
22278575
22278834
22279040
22279059
22279091
22279709
22279717
22280588
22280596
22280987
22281339
22281665
22282009
22282017
22283854
22283897
22284699
22284745
22284893
22285326
22285423
22285482
22285504
22285512
22285547
22285652
22285660
22285806
22285814
22285881
22285970
22286160
22286179
22286187
22286489
22286497
22286721
22286993
22287019
22287027
22287477
22287515
22287523
22287531
22287701
22287795
22287809
22287817
22287825
2228785X
22287876
22287922
22288082
22288279
2228835X
22290443
22292225
2229340X
22293485
22293566
22293574
22293817
22293833
22294473
22295070
22295089
22295151
22295488
2229578X
22297693
22297707
22297723
22297731
22297758
2229838X
22298649
2229872X
22298932
2229984X
22302492
2230326X
22303561
22303766
22304886
22306161
22306862
22307281
22307346
22308075
22308210
22308229
22308385
22309500
22310738
22310746
22310762
22310916
22311866
22311874
22312196
22312722
22313206
22313354
22313796
22313850
22314261
22315004
22315039
22315209
2231525X
22315381
22317163
22317538
22317546
22318380
22320474
22320482
22321020
2232111X
22321314
22321349
22321500
22321535
22321640
22321950
22321969
22322647
22322833
22323317
22323716
22325131
22325867
22326022
22327576
22328211
2232822X
22331999
22334203
22334521
22334998
22335234
2233601X
22336052
22336079
22336087
22336567
22337822
22337830
22337849
22337857
22338233
22338241
22338268
22338276
22338659
22338853
22339183
22339191
22339345
2233940X
22339558
22340149
22340645
22340653
22340726
22340742
22340793
22340912
22341315
22341749
22341757
2234179X
22341862
22341900
22342184
22342192
22342400
22342443
22342451
22342842
22343156
22343806
22343814
22345930
22346163
22346171
22346473
22346856
22347224
22347305
22347313
22347550
22348255
22348417
22348646
22348840
22348883
22348999
2234943X
22350640
22350802
22351469
22351795
22352066
22352155
22352988
22353151
22353186
22356282
22358668
22358676
22361677
22361715
22363459
22363777
22365664
2236577X
22367527
2236997X
22370463
2237101X
22371036
22372083
22372717
22376089
22379363
22379622
22381171
22382704
22383603
22383875
22384782
22386262
22386912
22387854
22388869
2239012X
22390227
22390243
22391002
22391959
22392629
2239267X
22393129
22394028
22394303
22395725
22395938
22396101
22396152
22396268
22396330
22397132
22397221
22397264
22398031
22398589
2239978X
22400524
22402802
22402829
22402950
22404554
22407456
22408053
22409599
2240967X
22409971
22411402
22412816
22414754
22417958
22418512
22421300
22422471
22423982
22424075
22434690
22440410
22441093
22441638
22441875
2244811X
22448659
22448853
22450157
22451439
22451919
2245408X
22454578
22454586
22457070
2245800X
22458921
22460853
22462929
22469958
22470514
22470735
22471537
22472452
22474528
22476113
22476172
22476571
22478442
22478531
22479163
22479228
22479384
22482199
22482547
22482695
22482776
22482997
22486046
22487026
22488723
22489444
22489509
22489800
22493255
22493379
22493816
22494669
22494677
22494847
2249524X
22495304
22495312
22495320
22495851
22496890
2249720X
22497218
22497277
22498001
22498818
22498958
22499520
22500545
22500553
22501002
22501444
22501460
22501541
22501746
22501762
22502106
22502114
22502122
22502130
22502149
22502157
22502483
22502491
22503137
22507116
22507728
22511644
22511717
22511725
22513442
22513965
22516085
22516093
22516190
2251628X
2251631X
22516549
22516581
22516638
22516719
22516727
2251676X
22516832
22517006
22517014
2251712X
22517200
22517227
22517235
22517251
22517294
22517308
22517464
22517472
22517510
22517650
22517669
22517715
22517871
2251788X
22518150
22518169
22518177
22518223
22518231
22518363
22518657
22518665
22518711
2251872X
22518762
22518770
22518819
22519041
2251905X
22519130
22519149
22519459
2251953X
22519599
22519637
22519645
22519904
22520198
22520236
22520309
22520694
22520937
22524940
2252696X
22528083
22528806
22528822
22528938
22531556
22532129
22532447
2253654X
22536574
2253797X
22538291
22538321
22538410
22539921
22540601
22540644
22540709
22542035
22542884
22543139
22543295
22543511
22543902
22544070
22544135
22544313
22544380
22544496
22546103
22546219
22546332
22546367
22546774
22546901
22547037
22547088
22547339
22547444
22549633
22550550
22551379
22551514
22552057
22552677
22552707
22553517
22553827
22553924
22554165
22554505
22555889
22555951
22558632
22558640
22558764
22558837
22558942
22558950
2256201X
22562087
22562958
22563334
22565027
22565442
22565450
22565469
22565485
22565531
22565760
22575405
22576614
22577750
22577777
22578404
22584307
22601341
22604278
22605029
22606017
22606513
2260653X
22607846
22608087
22612211
2261236X
22612750
22613684
22638733
22654224
22656294
22669035
22671242
22697195
22697721
22698450
2270518X
22713646
22713654
22717188
2271734X
22722394
22726977
22729852
22734309
22742042
22745807
22768386
22773347
22773878
22774343
2277470X
22777466
22777474
22777970
22778616
22779183
22779531
22779760
22779779
22779787
22780149
22780203
22781897
22783075
22783091
2278330X
22784306
22785221
22785337
22787119
22787666
22789618
22789626
22797084
22797149
22797165
22797254
22797327
22797335
22797343
22797416
22797777
22798013
22799028
22799036
22799818
22801855
2280188X
22804056
22804390
2280482X
22806148
22806172
22806180
22806784
22807659
22807667
22807853
22807934
22808000
22809112
22809643
22809678
22810692
22811044
22811605
22812628
22812687
22812881
22813993
22814612
2281518X
22815198
22815295
22815872
22817549
22817565
22817875
22818618
22819142
22819177
22819517
22820248
22820930
22821619
22822305
22822593
22823212
22824324
22825126
22825819
22825940
22828397
22832998
22833137
22833196
22835733
22836659
22837175
22838996
22839216
22839364
22840230
22841180
22841881
22842098
22842403
22842578
22842594
22842993
2284354X
22843892
22844503
22844880
22845437
22845666
22853758
22853898
22860134
22860304
22867511
22868984
22869131
22870024
22870113
22870741
2287075X
22871012
22871098
22871152
22871160
22871292
22871802
2287237X
22872388
22872728
2287285X
22873260
22873279
22873651
2287366X
22873775
22874208
22874577
22874690
22875255
22875271
2287528X
22875301
2287531X
22875603
22876375
22876391
22876405
22877029
22877428
22877843
22878327
22878572
22878580
22878602
22878769
2287884X
22878882
2287903X
22879099
22879110
22879129
22879358
22879366
22879544
2287965X
22879714
22879722
2287979X
22879811
22880011
22880186
22880917
22881204
22881220
22881247
22881328
2288176X
22881778
22881956
22882235
22882243
22882693
22882707
22882928
22882987
2288338X
22883843
22883886
22883959
22884203
22884300
22884637
22884645
22884955
22885048
22885404
22885471
22885919
22885943
22886168
22886206
22886524
22886559
22886575
22886605
22886613
22886729
22886796
22886818
22887377
22887474
22887822
22887962
22887970
22887989
22888063
22888985
22889221
22889930
22890041
22890882
22891471
2289151X
22891528
22892672
22893687
22894365
22894489
22894659
22896023
22897232
22897860
22897879
22898107
22899057
22911723
22911847
22911855
22912789
22912797
22913467
22915222
22916822
22916830
22918744
22918752
22919279
22919694
22922598
22925503
22925511
22926062
22928782
22929495
22936122
22936602
22948775
22949321
22953019
22953027
22953159
22953337
22953493
22955267
22958010
22959033
22959084
22961887
22962360
22962565
22962646
22964150
22964185
2296424X
22964495
22964657
22964681
22964878
22965009
22965017
2296505X
22965262
22965270
2296598X
22966056
22966064
22966072
22966080
2296634X
22966463
22966498
22966501
2296665X
22966684
2296701X
22967745
22968016
2296858X
2296861X
2296875X
2296889X
22969020
22969039
22969144
22969160
22969195
22969705
2296987X
22970215
2297024X
2297055X
22971769
2297198X
22972951
2297296X
22973079
22973362
22973486
22973508
22974687
22974725
2297475X
22976477
22976485
22976981
22977007
22977775
22978712
22978739
22978747
22990461
22990631
22991093
2299128X
22992529
22992944
22993274
22993282
22993649
22993711
22993932
22994009
22994831
2299551X
22995684
22995900
22998470
2299856X
22998993
22999590
22999884
23000066
23000384
23001895
23001909
23001917
23001933
23002298
23002506
23002611
23003103
23003405
2300357X
23003960
23004266
23004975
23005009
23005076
23005289
23005319
23005505
23005661
23005920
23005947
23006420
23006560
23006579
23006676
23006722
23007036
23007095
23007117
23007338
23007370
23007443
23007451
23007575
23007591
23007605
23007621
23007648
23007877
23008113
23008121
23008342
23008423
23008490
2300861X
23008679
23008725
23008814
23008830
2300892X
23009004
23009020
23009586
23009705
23009969
2301251X
23013850
23013869
2301394X
23013958
23019468
23022914
23029285
23029293
23034521
23034858
23039027
23040122
23040785
23041021
23041412
23041455
23043075
23043415
23043865
23043873
23045272
23046732
23046740
23046767
23046775
23047232
23048069
23048158
23048336
23048557
23049650
23050047
23050284
23050500
23050519
23052066
23052147
2305221X
23052228
23052546
23052643
23052651
23053488
23053496
23054360
23054948
23055839
23055847
23055995
23056304
23056746
23056754
23056894
23056924
23056959
23056983
23057068
23057084
23057254
23057394
23057971
23060212
23060646
23060662
23062061
23062193
23063424
23063432
23063459
23063483
23064099
23064102
23064277
23065133
23065338
23065354
23065710
23065729
23066172
23066741
23066784
23067381
23069759
23069856
23069910
23071605
23071737
23071753
23071877
23071885
23072113
23072334
23074108
23074116
23074485
23075023
23076143
2307700X
23077166
23077336
23078316
23078553
23078960
23079266
23080256
23080477
23081058
23081155
23081163
2308118X
23081198
23081309
23081317
23081422
2308152X
23081708
23082151
2308216X
23082801
23083417
23083425
23083794
23084030
23084057
23084103
23084367
23084448
2308457X
23084928
23085827
23085835
23086262
23087854
23088915
23089822
23090103
23091185
23091428
23091797
23093072
23093331
23093706
23093994
23094117
23094737
23094877
23094885
23094907
23094990
2309513X
23095148
23095342
23095393
23095407
23095601
23095830
2309608X
23097973
23098589
23098619
23098678
23098694
23099097
23099119
2309995X
23099968
23100052
23100524
23101342
2310158X
23102861
23103582
23103604
23103817
23103868
23104988
23105046
23105070
23105380
23105828
23106905
23106972
23107081
23107103
23108789
23108819
23109599
23109912
2311004X
2311021X
23111267
23111550
23112077
23112085
23112255
23112263
23112638
23113758
23113774
23114088
23115521
2311553X
23115637
23116110
23116706
23116897
23116986
23117133
23117273
23117524
23117710
23117729
23117761
2311777X
23118547
23118571
23119020
2311911X
23119284
23119446
23119543
23119594
23119799
23119977
23120541
23122129
23122722
23123168
23123265
23123605
23123621
23124318
23124334
23124539
2312461X
23124628
2312508X
23125098
23125381
23125659
23125942
23127481
23127899
23128674
23128690
23128704
23129344
23129794
23129972
23130067
23130105
23130210
23130792
23131241
23131497
23131691
23131748
23131829
23132116
23132272
23132299
23133775
23134321
2313433X
23134836
23135433
23135530
2313576X
23136014
23136049
23136197
23136871
2313691X
23137347
23137398
2313741X
23137673
23137835
2313805X
23138556
2313870X
23138734
23139676
23139749
2314436X
23144378
23144599
23144629
23144785
23144904
23144912
23144920
23144939
23144963
23144971
23145129
23145137
23145765
23146133
23146141
23146745
23146753
23147156
23148047
23148055
23148063
23148861
23148888
23148896
23154462
23162880
23164018
2316753X
23168374
23169028
23169044
23169095
23169141
23169834
23171537
23171782
23173963
23174692
23174889
23176172
2317630X
23176822
2317773X
23179651
23180331
23181265
23190817
2319247X
23192518
23193336
23194170
23196440
23197234
23198613
23200057
23200308
23200790
23201495
23202661
23202890
23203110
23203358
23204672
23204737
23204753
23206578
23207094
23208031
23208694
23210222
23210230
23210273
23210281
23210303
23210710
23213558
23213868
23213876
23214740
23214856
23215410
23216654
23216689
23217081
23217472
23218398
23220007
23220937
23221186
23221232
23221291
23221437
23221488
23221674
2322181X
23221828
23221836
23221984
23222158
23222212
23222271
23222379
23222476
23222522
23222611
23222808
23223081
23223219
23223243
23223308
23223480
23223944
23223960
23224320
23224436
23224479
2322455X
23224568
23224576
23224835
23224894
23225106
23225270
23225319
23225327
23225343
23225521
23225718
23225726
23225769
23225807
23225939
23226889
2322777X
23229381
23229675
23230134
23230622
23230703
23237112
23240741
23242035
23243740
23246200
23247096
23247320
23247347
23247355
23247517
2324755X
23247568
23247576
23247584
23247649
23247657
23247797
23247800
23247843
23247851
23247886
23247894
23248149
23248157
23248378
23248386
23248432
23248440
23248637
23248645
23248823
23248831
23248858
23248866
23249250
23249269
23249676
23249749
23249757
23249773
23249935
23249943
23250178
23250526
23250534
23250682
23250690
23250704
23250712
23250984
23250992
23251026
23251042
23251077
23251085
23251107
23251115
23251131
23251166
23251182
23251212
23251220
2325128X
23251298
23251328
23251360
23251379
23251395
23251581
2325162X
23251638
23251662
23251670
23251689
23251697
23251824
23251867
23252324
23252812
23252820
23253193
23253215
23253290
23253444
23254009
23254017
23254173
2325419X
23254262
23254270
23254289
23254300
23254319
23254394
23254416
23254483
23254637
23254793
23254815
23254823
23255161
23255366
23255374
23255404
23255439
23255595
23255609
23255870
23255889
23256095
23256184
23256192
23256206
23256540
23256621
23256699
23256737
23256818
23256826
23257237
23257962
23257989
23258039
23258160
23258179
23258292
23258306
23258861
2325887X
23259000
23259086
23259574
23259671
23259809
23259965
23259973
23260068
23260262
23260319
2326067X
23262133
23262486
23262621
2326263X
23263253
23263288
23263296
2326330X
23263598
23263601
23263768
23264098
23264403
23264462
23264470
23264489
23264497
23264500
23264519
23264594
23265094
23265108
23265191
23265205
23265507
23265523
23265531
23265558
23265566
23266066
23266074
23266899
23266902
2326716X
23267178
23267186
23267399
23267402
23267410
23267429
23267682
23267690
23267771
23267836
23267844
23267852
23268263
23268271
2326828X
23268298
23268301
2326831X
23268743
23268751
23269413
23269448
23269995
23270004
23270012
23270020
23270039
23270047
23270055
23270063
23270071
2327008X
2327011X
23270128
23270136
23270144
2327056X
23270578
23270586
23270594
23270608
23270616
23270632
23270659
23270748
23270772
23270950
23270969
23271574
23271590
23271620
23271647
23271809
2327185X
23271884
23272147
23272155
23272228
23272244
23272376
23272457
23272481
23272554
23272570
23272627
2327266X
23272686
23273097
23273798
23273801
23274247
23274468
23274662
23274697
23275626
23275634
23275731
23275995
23276223
2327638X
23276525
23276533
23276665
23276673
23276886
23276916
23276924
23276932
23277866
23277882
23277912
23277920
23277939
23277955
23277963
23277971
2327798X
23277998
23278005
23278013
23278161
2327817X
23278560
23278617
23278676
23278692
23278722
23278749
23279095
23279109
23279125
23279133
2327915X
23279176
23279249
23279273
2327932X
23279672
23281030
23281103
23281235
23281308
23282525
23282967
23284277
23284633
23285273
23286261
23286296
23286318
23287047
23287055
23288175
23288272
23288280
23288604
23288620
23288779
23288930
23288957
23289252
23289260
23289503
23289643
23290048
23290056
23290072
23290358
23290382
23290390
23290501
23291249
23291311
2329132X
23291559
23291591
23291621
23291656
23292210
23293691
23294124
23294175
23294221
2329423X
23294248
23294302
23294310
23294515
23294523
23294884
23294892
23294906
23294922
23294949
23294957
23294965
23294973
23295244
23297018
23297026
23297204
23297662
23297670
23297778
23298456
23298464
23298758
23298766
23298774
23298782
23299037
23299185
23299207
23299215
23299231
2329924X
23299266
23299274
23299290
23299304
23299339
23299460
23300574
23301279
23301392
23301619
23301635
23301643
23302186
23302194
23302674
23302682
23302925
23302933
23303131
2330314X
23304022
2330443X
23304456
23304863
23305517
23306696
2330765X
23307668
23307706
23307714
23307749
23308249
23308257
23308516
23309474
23311258
23311843
2331186X
23311886
23311908
23311916
23311975
23311983
2331205X
23312165
23312521
2331253X
23312548
2331267X
2331348X
23314125
23314737
23315180
23316055
2331608X
2331625X
23316268
2331656X
23317019
23318880
23318945
23319542
23319569
23319712
23319720
23320249
23320346
23321091
23321121
23321237
23321512
23321539
23322039
23322047
23322071
23322144
23322268
23322284
23322373
23322551
23322578
23322705
23322713
23323205
23323213
23323256
23323264
23323280
23323299
23323353
23323361
23323493
23323507
23324252
23324260
23324309
23324325
23326441
23326557
23326565
23327383
23327413
23327707
23327731
23327766
23327782
23327790
23327804
23327812
2332886X
23328878
23328894
23328908
23328940
23328959
23328975
23328983
23329017
23329025
23330376
23330384
23330937
23332042
23332085
2333262X
23333928
23333936
23334509
23335084
23335432
23335777
23335785
23335955
23335963
23336498
23336846
23336897
23337214
23337486
23337494
2333794X
23338113
23338121
23338326
23338334
23339403
23339489
23339497
23339683
23339691
23339934
23340045
23340053
23340835
23340843
23341777
23341785
23342315
23342536
2334265X
23343427
23343486
23343745
23344520
23344539
23344547
23344555
23347287
2334847X
23348496
23348577
23349050
23349182
23349212
23349905
23350164
2335075X
23352000
23352019
23352027
23352124
23352388
23352736
23354127
23354194
23356596
2335660X
23356928
23356936
2335870X
23358963
23358971
23361182
23361220
2336128X
23361298
23361964
23361980
23362375
23362693
23362839
2336288X
23362898
23362936
23363177
23363274
2336338X
23363398
23363452
23363517
23363525
23364289
23364335
23364351
2336436X
23364378
23364386
23364416
23364424
23364467
23364475
23364521
23364548
23364890
23364912
23364920
23365064
23365552
23365668
23365676
23365757
23366494
23366591
23366680
23366729
2336730X
23367318
23367687
23367695
2336808X
23368225
2336825X
23368268
23369205
23369744
23370173
23370351
23370955
23375760
23375779
23375787
23378824
23382287
23385510
2338557X
23387602
2338770X
23389427
23389486
2339076X
23391286
23395095
23395206
23396806
23397500
23399171
23399694
2340003X
23401176
23401362
23401478
23401869
23402547
23402784
23402792
23403152
23403373
23403659
23404051
23404841
23404876
23405007
23405236
23405317
23406577
23407263
23407948
23408170
23408340
23408812
23408995
23409029
23409436
23409444
23409592
23409711
23409894
23410531
23411112
23411902
23412216
23412313
23412747
23413050
23414545
23415576
23434929
23441496
2344150X
23441887
23442379
23443723
23444851
23445416
23445440
23446544
23450037
23450045
23450053
23450282
23450479
23450487
23450533
23450630
23451181
23451262
23451688
2345184X
23452005
23452625
23452641
23452773
23452781
23452897
23453303
23453605
2345363X
23453672
23453737
2345377X
23453796
23453931
2345394X
23454202
23454229
23454342
23454415
23454423
23454458
23454563
23454571
2345461X
23454644
23454865
23455004
23455047
23455055
2345508X
2345511X
23455128
23455357
23455802
23455853
23455861
23455977
23456426
23456434
23456566
23456604
23456825
2345685X
23456868
23456930
23456949
23457481
2345752X
23457651
2345766X
23457708
23461780
23462051
23462442
23463775
23465581
2346612X
23466138
23466901
2346691X
23468092
2347212X
23473517
23473584
23473983
23474327
2347467X
23475625
2347565X
23476311
23477970
23477989
23478659
23479825
23481900
23485779
23487372
23490039
23490055
23490918
23492473
23495014
23495103
23495790
23496142
23496673
23496789
23496797
23498846
2350367X
2350417X
2350420X
23504218
23504226
23504803
23505141
23510676
23516046
23516054
2351812X
23518227
23519789
23519886
23519894
23519916
23519924
23520035
23520043
23520078
23520094
23520124
23520132
23520159
23520264
23520477
23520698
23520701
23520779
23520922
23520930
23520965
23520973
23521333
23521341
23521457
23521465
2352152X
23521546
23521775
23521791
23521805
23521813
23521864
23521872
23522143
23522151
23522208
23522216
23522267
23522496
2352250X
23522895
23523018
23523026
23523042
23523093
23523204
23523212
23523409
23523441
2352345X
23523522
23523646
23523689
23523697
23523727
23523735
23523808
23523859
23523964
23524065
23524073
2352409X
23524316
23524510
23524529
23524588
23524642
23524669
23524677
23524685
23524847
23524855
23524928
2352507X
23525126
23525134
23525509
23525517
23525525
23525541
23525568
23525738
23525789
23525878
23525916
23526181
23526386
23526408
23526416
23526440
23526467
23526475
23526483
2352667X
23526734
23526963
23527102
23527110
23527218
23527285
23527714
2352801X
23528028
23528273
23528370
23528389
23528478
23528486
23528532
23528540
23528559
23528648
23528729
23528737
23529008
23529067
23529148
23529245
23529377
23529385
23529393
23529407
23529520
23530626
2353074X
23531827
23532807
23533978
23534184
23534192
23534435
23535156
23535423
23535571
2353561X
23535636
23536977
23537396
23537779
2353852X
23538589
23538627
23538821
2353883X
23539003
23539763
23540036
23540079
23551895
23552794
23556145
23556994
23557079
23559179
23559306
23559314
23561424
23562641
23565322
23566124
23567015
23567759
23568704
23569336
23569344
23570350
23571705
23574100
23581433
23581883
23582820
23593881
23593997
23594292
23595639
23595736
23595922
23600853
2360266X
23623853
23624868
23634707
23634715
23634774
23634782
23635037
23635045
23635142
23635150
23635169
23636203
23636211
23636696
2363698X
23636998
23637005
23637625
23637692
23638338
23638346
23638354
23638397
23638400
23638419
23638427
23638516
23638524
23638761
23638907
23638915
23639075
23639466
23639512
23639520
23639555
23639849
23639962
23640502
2364107X
23641088
23641185
23641541
23641746
23641754
23641797
23641800
23642831
2364284X
23643277
23643285
23643579
23643587
23643943
23644036
23644044
23644087
23644095
23644133
23644141
2364415X
23644168
23644176
23644184
23644583
23645067
23645075
23645105
23645113
23645504
23645733
23645741
23646748
23646756
23646780
23646799
23646918
23646926
23647485
2364768X
23648228
23648252
23648260
23648961
23649283
23650850
23651792
23652225
23652411
2365242X
2365421X
23654228
23654236
23654244
23654252
23656271
23656352
23656360
23656379
23656387
23656425
23656549
2365659X
2365709X
23657464
23657499
2365757X
23657588
23657758
23659033
23659440
23659521
2365953X
23659548
23659556
2366004X
23660058
2366035X
23660392
23660465
23661070
23661089
23661674
23662557
23662565
2366259X
23662603
23663294
23663405
23663413
23663987
23664665
23664673
23665017
23665971
2366598X
23666145
23666153
23666218
23667443
23667451
23667478
23667486
23667532
23667540
23669608
23670045
23670053
23670622
23670932
23670983
23671017
23671025
23671181
23671696
2367198X
23672005
23672390
23672404
23672501
23672544
23672617
23673370
23673389
23673451
2367346X
23673494
23673508
23673613
23673648
23674253
23674512
23674520
23675438
23677147
23677864
23678194
23684720
23685433
2368738X
23687460
23687487
23687924
23687959
23688653
23689587
23690739
23690747
23691999
23692529
23692960
23693002
23693029
23693762
23697393
23697407
23698128
23698136
23698659
23699698
23710292
23710888
23711671
23714379
23715294
23715308
23720344
23720352
23720468
23720484
23721901
2372191X
23722614
23723556
23727322
23727330
23727705
23729333
23729341
2372952X
23729988
23729996
23730587
2373082X
23732288
23732822
23732873
23733349
23733357
23733594
23733799
23733802
23735082
23735090
23735171
2373518X
23736658
23736992
2373700X
23737484
23737492
23737530
2373776X
23737867
23737972
23738006
23738057
23738065
23738227
23738456
23738529
23738731
23739231
23739878
2374023X
23740280
23740353
23740361
2374068X
23740698
23741325
2374135X
23742267
23742437
23742445
2374250X
23742895
23743255
23743603
23743611
23743670
23743689
23743832
23743859
23743867
23744006
23744014
23744030
23744235
23744243
23744383
23744529
23744537
23744642
23744650
23744677
23744731
2374474X
23745118
23745126
2374538X
23745398
23746149
2374670X
23746793
23747943
23747951
23748265
23748907
23749466
23750294
23750472
23750480
23752548
23752696
23753234
23753242
23754036
23754699
23754702
23754931
2375494X
23755717
23755776
23755822
23756314
23756322
23756527
23759232
23759240
23759259
23759267
23760540
23760699
23760702
23760923
23761032
23761199
23761202
23761407
23761415
23763639
23763647
23763981
23764538
23764791
23765739
23765755
23765992
23766123
23766808
23766980
23767642
23767839
23769319
23769955
23769998
23770031
23770996
23772158
23772166
23772379
23772816
23773766
23773782
2377424X
23775688
23775696
23776528
2377729X
23777400
23777419
23778075
23778253
23778261
23779098
23779608
23780231
23780967
23781815
23781823
23783524
23784865
23784873
2378525X
23787007
23788038
23788763
23789174
23789506
2378962X
23789638
23789689
23789697
23790350
23790369
23791101
23791381
2379139X
23791683
23791691
2379173X
23791748
23792027
23792949
23792957
23793163
23793171
23793244
23793252
23793694
23793708
23794607
23794615
23795042
23795077
23795980
23796111
23796146
23796529
23798068
23798793
23798858
23798920
23798939
23799889
23799927
23799935
23800186
23800194
23800844
23800852
23800992
2380100X
23801190
23801751
23801883
23801891
2380193X
23802162
23802170
23802359
23805005
23805013
23805919
23806559
23806567
23806583
23806591
23806761
23808195
23808942
23808950
23808977
23808985
23808993
23809418
23809426
23809450
23812346
23812354
23812427
23813121
23813717
23814381
23814403
23814683
23815329
23815892
23816872
23816910
23818107
23818115
23820373
23824980
2382624X
23826258
23826436
23828080
23829761
23829869
23829877
2383014X
23830816
2383093X
23830956
23830964
23831154
23831162
23831359
23831561
23831685
23831790
23832150
23832312
23832525
23832886
23833068
2383319X
23833416
23833572
23833866
23833890
23834501
2383451X
23834536
23834544
23834625
23834757
23835249
23835346
23835427
23837837
23837845
23838086
23838477
23838701
23839449
23840544
23841079
23841087
23841397
23841621
23841648
23841710
23841877
23848677
23848898
23849479
23850442
23850922
23851546
23851635
23851953
23851996
23852062
23852070
23852526
23852720
23852917
23852925
23853042
23853387
23853573
2385409X
23854219
23854804
23854812
23855002
23855355
23857137
23857269
23858753
23858761
23858907
23860316
23861363
23862300
23862637
23863137
23863765
23863773
23863978
23864095
23864494
23864567
23864702
23864745
23864761
23864850
23865660
23866454
23867027
23867159
23867655
23868090
23868112
23868198
23868295
23868635
23868643
23868864
23869453
23870346
23871830
23871954
23873299
23874562
23914238
2391436X
23914661
23914815
23915412
23915420
23915439
23915447
23915455
23915463
23915471
23915854
23915862
23916060
23916745
23917512
2391761X
23917644
2391792X
23917997
23918071
23918179
23919531
23921099
23921226
23921641
23922087
23922397
23922400
23922419
23922923
23923113
23926260
23927232
23927518
23928077
23928441
2392845X
2392862X
23928956
23929472
23929537
23929545
23934727
23934999
23940379
23941707
23945125
23945443
23947454
23949937
23950455
23953454
23953799
23956518
23957514
23958030
23958936
23959037
23959134
23959215
23959908
23967404
23967544
23968370
23968672
23968923
23969393
23969407
23969415
23969873
23969881
23970022
23970030
23970642
23971770
23971789
23971851
23971983
23971991
23972106
23973129
23973269
2397334X
23973358
23973366
23973374
23973471
2397348X
23973722
23973757
23973765
23974621
23974648
23975563
23975776
23977000
23977132
23977264
23977914
23977922
23978554
23978562
23978570
23978821
2397883X
23979070
23979704
23979712
23980656
23980664
23982128
23983396
23983795
23984686
23984694
23984708
23984902
2398502X
23985038
23985348
23985364
23985968
23986247
23986263
2398628X
23986298
2398631X
23986352
23986786
23986808
23986816
23987308
23987316
23987340
23987723
23988835
23989173
23989181
23989238
23989629
23989777
23989785
23991399
23991402
23991984
23992050
23992948
23993421
23993642
23993650
23993669
23994495
23994908
23995548
23996528
23996544
23996552
23996641
23997532
23997656
23998083
23998091
2399830X
23999772
24054283
24054518
24054526
24054569
24054577
24054615
24054623
24054690
24054712
24054739
2405500X
24055018
24055050
24055069
24055093
24055204
24055212
24055522
24055530
24055794
24055808
24055816
24055875
24056014
24056030
2405609X
24056103
24056308
24056316
24056324
24056383
24056456
24056464
24056472
24056480
24056502
24056545
24056553
24056561
24056618
24056642
24056650
24056731
2405674X
24056758
24056766
24057843
24057991
24058025
24058033
2405805X
24058181
24058289
24058297
24058300
24058351
2405836X
24058440
24058505
24058513
24058521
24058572
24058637
24058645
24058718
24058726
24058807
24058866
24058963
24059021
24059188
24059390
24059595
24059854
24060364
24060496
24060631
24060674
24060712
24060739
24060925
24060933
24060968
2406100X
24061034
24061077
24061131
24061328
24068195
2406825X
24068799
24069272
24070610
2407439X
24076899
24081213
24082384
24083801
24084417
24085987
24086851
24088897
24089176
24089524
24092533
24094692
24094943
24094986
24094994
24095095
2409515X
24095370
24095605
24095613
24095834
24096008
24097306
24097462
24098906
24099058
24099066
24099082
24099279
24099554
24100226
2410065X
24100862
24100951
24101516
24101737
24101869
24103047
2410339X
24103403
24103535
24103713
2410387X
24103888
24103896
24104418
24104531
24104698
24104833
24105546
24106445
24107220
24107433
24108200
24108219
24108561
24108588
24108626
24108731
24109096
24109681
2410972X
24109991
24110280
24110620
24110809
24111236
24111295
24111414
24112119
24112658
24112844
24113336
24113387
24114634
24115134
24115142
24115150
24115789
24116564
24116777
24117110
24117145
24117390
24117986
24118524
24119202
24119326
24119458
24119660
24119717
24120723
24121908
24122343
24123765
24123811
24124354
24124737
24125407
24126160
24128333
24128902
24129178
24129410
2412950X
24130443
24130699
2413094X
24130958
24131059
24131830
24132179
24132241
24133183
24133787
24134023
24134996
24135496
24136042
24136166
24136670
24137987
24139351
24139432
24139505
24140082
24140104
24140341
24141267
24142131
24142212
24143642
24143952
24144088
24144630
2414469X
24146064
24146250
24146366
24146390
24148105
24149152
24149519
24149691
24149705
24150436
24150525
24150584
24151076
24151289
24152897
24153397
24153435
24153443
24153613
24153788
24156302
24156310
24156698
2415721X
24157422
24157430
24157503
24158712
24159662
2416089X
24208124
24208213
2420823X
24210293
24210684
24212113
24212156
24214124
24215570
24215678
24215864
24217115
24217212
24226580
24233420
24233439
24233447
24233765
24233900
24233935
24234214
24234311
24234451
24234567
24234788
24234826
24235059
24235784
24235865
24235911
24236306
2423642X
24236489
24236608
24236705
24236713
24236837
24236845
24236969
24236977
24237043
24237167
24238686
24241377
24243299
24244635
24246034
24246158
24246166
24248002
24248355
24248363
24248622
24248630
24248967
24249092
24249130
24249149
24249270
24249335
24249858
24260266
24261335
24268887
24270687
24297100
2432261X
24329614
24334391
24334855
24426571
24428620
24440043
24441449
24441457
24442607
24443220
24443948
2444569X
24447072
24448451
24448656
24448664
24448729
24448834
24449091
24449369
24449695
24449709
24452394
24453587
24453943
24454559
24464732
24464740
24472050
24472069
2447536X
24477982
24479543
24481939
24482455
24484881
2448492X
24485004
24485306
24486558
24486590
24487228
24487333
2448735X
24487589
24487899
24488089
24488321
24493686
24495220
24496162
24496170
24496499
24498238
24498289
2449836X
24498378
2449867X
24499161
24499471
24499501
24499579
2450002X
24500097
24500100
2450050X
24500771
2450078X
24501395
24501654
2450341X
24504637
24505455
24505471
24505781
24506125
2450646X
24506478
24507059
24507393
24507458
24507660
24507814
24507938
24508071
24508187
24508497
24508608
24508829
24510300
24510327
24510602
24510645
2451070X
24510750
24512125
24512168
24512680
24512699
2451280X
24513202
24513474
24514691
24514934
24518301
24518476
24518654
24518743
24518913
24518921
24519022
24519049
2451909X
24519103
24519111
2451912X
24519162
24519189
24519197
24519294
24519308
2451943X
24519448
24519456
24519480
24519502
24519596
24519626
24519634
24519650
24519685
24519766
24519936
24519944
24520144
2452073X
24520748
24520837
24521094
24521760
2452199X
24522007
24522015
24522139
24522198
24522236
24522317
24522325
24522473
24522554
24522562
24522627
24522929
2452302X
24523062
24523100
2452316X
24523186
24523194
24523208
24523216
2452414X
24536725
24537829
24539759
24540005
2454034X
24540358
24541001
24542482
24546976
24548480
24550094
2455328X
24553891
24555568
24555673
24557749
24558931
24559377
24559555
24559563
24560502
24560537
24562602
24562610
24564869
24566756
24566764
24569011
24571687
24574325
24577715
24578827
24591831
24592943
24593087
24593516
24594849
24595160
24598860
24600601
24606278
24606952
24609196
24610275
24614254
24614262
24622362
24624993
24625906
24626813
24627518
24632872
24632880
24634522
24644617
24644625
24644846
24645362
24646601
24647683
24648310
2465423X
24654418
24655120
24658278
24660493
24660523
2466054X
24660973
24661546
24662461
24664626
24664677
24664847
24679674
2467981X
24680133
24680141
24680230
24680249
24680257
24680397
24680427
24680451
24680540
24680672
2468080X
24680834
24680842
24680974
24681113
24681156
24681210
24681229
24681245
24681253
24681709
24681873
24681881
24682020
24682039
24682047
24682179
24682276
24682284
24682322
24682330
24682659
24682667
24682810
24682942
24683124
24683299
24683302
24683574
24683922
24683930
24684228
24684236
24684244
24684252
24684287
24684481
24684511
24685011
2468502X
24685194
24685488
2468550X
24685844
24685925
24686069
24686530
24686557
24686964
24687189
24687197
24687219
24687499
24687812
24687847
24687855
24688231
2468824X
24688630
24688673
24688681
24688746
24688754
24688967
24688975
24689300
24690228
24690732
24692964
24694193
24694207
24694452
24694460
24694800
24696463
24696471
24697249
24697656
24699322
24699888
24699896
2469990X
24699926
24699934
24699950
24699969
24699985
24699993
24700010
24700029
24700045
24700053
24701173
24701246
24701343
24701394
24701408
24701475
24701483
24701556
24701564
24702048
24702986
24704024
24704067
24704075
24705314
24705322
24705470
24706566
24708496
2470850X
24708542
24708550
24708593
24708607
24709239
24709360
24709379
24709468
24709476
24709506
24709565
24709859
24711403
24711411
24711888
24712086
24712531
24712566
24712574
24712825
2471285X
24712906
24715638
24715646
24718963
24719625
24720038
24720046
24721727
24721751
24721832
24721840
24721972
24723428
24723444
24723452
24725390
24725552
24725560
24725579
24725587
24725730
24725838
24725846
24725854
24725862
24726303
24726311
24727245
24727466
24728721
2472873X
24729876
24729884
24731242
2473215X
24732400
24732842
24732850
24732877
24732893
24732907
24733938
24734039
24734276
24734284
24734446
24734659
24734691
24736988
24739529
24739537
24740179
24740187
24741604
24741612
24741795
24742376
24745332
24745340
24745871
24746509
24746800
24746819
24747394
24747661
24748102
24748307
24748706
24748714
24749567
24749621
24749842
24750158
24750166
24750263
24750328
24750379
24750387
24750573
24750581
24751421
2475143X
24751448
24751456
24751472
24751499
24751502
24751510
24752991
24753718
24753742
24754269
24754277
24754455
24755257
24755303
24755311
24757241
24758469
24758817
24759953
24761028
24761036
24761397
24761419
24763055
24763489
24763772
24764108
24764779
24764981
24765120
24765236
24765244
24765376
24765406
24765848
24765880
24766615
24766674
24767123
24767204
2476762X
24769304
24774073
24779555
24780510
24780529
24903639
24903671
24916765
24941271
24945757
24964476
24966142
24970107
24985473
2498602X
24991287
24992852
24992860
24996564
2499751X
24998125
24999288
24999628
24999644
2499975X
24999768
24999776
24999865
25000055
2500008X
25000101
25000195
25000209
25000373
25000462
25000535
25000721
25000845
25001019
2500106X
25001094
25002139
2500218X
25002198
2500221X
25002228
25002287
25002295
25002341
25002856
25002910
25003070
25003119
25003194
25003259
25004247
25004255
25005308
25007645
25008013
25011960
25012533
25013165
25015893
25020307
25022458
25023357
25024752
25024760
25026429
25026577
25027883
25029258
25029266
25030310
25030477
2504186X
25042092
25042106
25042289
2504284X
25043110
25043145
25043161
25043188
25043811
25043838
2504446X
25044494
25046616
25046624
25070304
25070312
25070320
25070339
25070363
25080342
25081888
25084798
25084909
25085921
25085948
25086235
25087193
25087266
25087274
25087576
25087592
25087673
25087681
25092715
25092723
25093142
25093150
25093444
2509372X
25093738
25094246
25094254
25094262
25094335
25094343
25094696
25094793
25094807
2509498X
2509596X
25096796
25097024
2509713X
25097830
25097849
25097873
25097881
25097954
25097962
25097970
25098004
25098020
2509839X
25098934
25099280
25099396
25099426
25099434
25099515
25099930
25099949
25099965
25102044
25102265
25103636
2510375X
25103768
25103814
2510442X
25104438
2510523X
25105469
25112104
25112112
25112201
2511221X
2511624X
2511705X
2511834X
25118358
25118560
25119044
25121413
25121812
25121839
25122789
25122819
25126962
25128442
25128450
25130390
2513843X
25138502
25138510
25139886
25141775
25141945
25142119
25143255
25148281
25149288
25149326
25149342
25149350
25149369
25149407
25150456
25150855
25150944
25151088
25151096
25151991
25152009
25152947
25153870
25153889
2515396X
25154184
25154230
2515446X
25154478
25155091
2515690X
25157639
25157647
25157655
25158090
25158163
25158260
25158538
25158546
25159372
25160230
25160281
2516029X
25161032
25161040
25161067
25161571
25161873
25162853
25163507
25163590
25164236
25164252
25165305
25165399
25165410
25165542
25165771
25168657
25175025
25175599
2517620X
2517729X
25180169
25180231
25181432
2518170X
25182994
25183745
25184245
25184253
25184261
2518427X
25184628
25190792
2519173X
25194844
25194852
25198041
2519805X
25198513
25200313
25200860
25201026
25201131
25201158
25201778
25201786
25201875
25201883
25202073
25202529
25204890
25204920
25206478
25206508
2520811X
25208128
25208160
25208179
2520873X
25208934
25208969
25208977
2521327X
25213512
2521442X
25217100
2522008X
25220098
25220144
2522039X
25220403
25220454
25220462
25220985
25220993
25222414
25222503
25224875
25225286
25225294
25225308
25225316
2522560X
25225618
25225731
2522574X
25225790
25225804
25225812
25225820
25225839
25227343
25228315
25228323
25228552
25228560
25228595
25228609
25228692
25228706
25228765
2522879X
25229869
25230204
25230816
25231154
25233106
25233114
25233122
25233246
25233521
25233548
25233947
25233955
25233963
25233971
2523532X
25235664
25235672
25238027
25238035
25238949
25238957
2523899X
2524101X
25241699
25241729
25241982
25242148
25242342
25242350
25243462
25243470
25244442
25244957
25244965
25245317
25246372
25246445
25246453
25247123
25247131
2524714X
25247158
25247166
25247174
25248510
25248529
25248987
25249525
25255061
2525510X
25268910
25270389
25272179
25274376
25278045
25280759
25281410
25289659
25289861
2528987X
2529198X
25298763
25299727
25299824
25300164
25300644
25303074
25303589
25303791
25304100
25304895
25306359
25306448
25306480
25307614
25307878
25309269
25309900
25310429
25310437
25310488
25311379
25311387
25311646
25311654
25314033
25316133
25316389
25316702
25317342
25317644
25321056
25322370
25323350
25324969
25325655
2533168X
25331701
25332244
25332260
25332279
25332295
25332910
25332929
25334050
25334069
25334123
25335626
25335685
25337602
25337637
25349260
25349708
25350730
25350889
2536572X
25365738
25369342
25369814
25369954
2537110X
25376136
25376144
25376152
25381032
25381318
25382128
25382136
2538225X
25382357
25382462
2538371X
25383906
25384422
2538497X
25386271
25386360
25387111
25387138
25389866
2539200X
25392115
25394711
25394762
25396161
25396218
25396293
25409573
25409581
25412426
25415298
25416464
25417487
25417746
25418017
25418564
25418610
2541867X
25418785
25419005
25419358
25419366
25419382
25419390
25419404
25419617
25419668
2542064X
25421204
2542131X
25421565
25421905
2542193X
25422081
25422154
25422243
25422251
25422278
25422308
25423851
2542386X
25424351
25424483
25424491
25424513
25424653
25424823
25425196
25425293
25425684
25428292
25429116
25429922
25430009
25430610
25430629
25431587
25432656
25434950
25435957
25436031
25436309
25436376
25436597
2543702X
25438875
2543912X
2544302X
25443577
25444395
25444433
25447297
25447459
25448234
25448242
25448870
25448994
25450115
25450425
25451359
25452134
25453173
2545398X
25453998
25480839
25483161
25494333
25494724
25501658
25501755
25502166
25536087
25550284
25550403
25592068
25594397
25596497
2559723X
25598201
25600982
25603647
2560547X
25606778
25606921
25608371
25611011
25611771
2561178X
2561326X
25614150
25614665
25616722
25617605
25618148
25619179
25628429
25647024
25647261
25656325
25657097
25666223
25667297
25671111
25673742
25673785
25675761
25675788
25675818
25675826
25675834
25675842
25676407
25676555
2567689X
25676911
25679430
25679449
25687603
2568762X
25697692
25705857
25706578
25706586
25707337
25707345
25707558
25708112
25708775
25708783
25709127
25709151
2570916X
25709178
25709208
25709216
25709232
25709259
25709267
25709402
25709410
25709429
25709437
25709461
25709496
2570950X
2570978X
25709798
25709801
2570981X
25709828
25710273
25710362
25710982
25711326
25711334
25713701
2571421X
2571452X
25714686
25715135
25715577
2571581X
25716255
25718789
25721046
25721054
25721143
25721410
25723170
25723898
25723901
25723928
25724258
25724266
25724525
25724568
25724754
25724797
25724800
25725688
25726641
2572665X
25726668
25726676
25726838
25726846
25726919
25727184
25727621
25729241
25729861
25730142
25731599
25731602
25732102
25732323
25732331
2573234X
25732358
25733214
25733397
25733400
25734377
25735438
25735586
2573573X
25736124
25737104
25737619
25738046
25738348
25739522
25739603
25739638
25739646
25740881
2574089X
25740954
25740962
25740970
2574173X
25742272
25742531
25742981
2574299X
25743430
25743805
25744593
25745417
25748300
25749870
25750348
25750356
25751077
25753126
25756559
25758527
25759108
2576098X
2576117X
25761218
25765213
25765299
25766422
25767658
25767666
2576828X
25768484
25769456
2576988X
25769898
25770314
25774441
2577445X
25776576
25776975
25776983
25781588
25781863
25782355
25782363
25784218
25784226
25785265
25785273
25785478
25785486
25785648
25785656
25785826
2578742X
25787470
25787489
25787519
25789821
2578983X
25799363
25804391
25804405
2581690X
25866052
25866060
25866583
25867210
25867296
25867474
25868195
25868373
25868470
25868721
25869000
25869027
25869159
25869396
2586940X
25869981
25870009
25870130
25870823
25870939
25871013
25871250
25871722
25872265
25872648
25875566
25875671
25875760
25875779
2587585X
25876104
25876341
25877089
2587814X
25878158
2587876X
25878964
25879138
25879618
25879766
25880195
25883712
25883720
25883887
25884131
25885715
25887092
25888404
25888420
25889028
25889214
25889311
25889834
25889842
2588994X
25890042
2589014X
25890360
25890387
25890409
25890646
25891081
25891375
25891529
25892347
25892894
25892975
25894196
25895141
25895370
25895486
25895532
25895559
25895974
25897004
25897500
25897799
2589790X
2589871X
25899090
25899147
25899155
25899171
2589918X
25899333
25899775
25899783
25899791
25899864
25900064
25900072
2590017X
25900285
25900307
25900358
25900374
25900412
25900420
25900498
25900536
25900544
25900552
25900560
25900595
25900617
25900862
25900978
25900986
25901133
25901168
25901184
25901230
25901346
25901354
25901362
25901370
25901389
25901397
25901400
25901419
25901427
25901435
25901451
25901478
25901486
25901508
25901516
25901524
25901532
25901559
25901567
25901575
25901583
25901591
25901613
25901621
25901710
25901745
2590177X
25901885
25901982
25902075
25902385
25902393
25902520
25902628
25902865
25902873
2590289X
25902903
25903322
25903330
25903462
25904140
25909770
25917285
25917781
25917811
25930265
25942158
25962868
25972154
26007959
26009331
26009366
26009749
26011700
2601226X
26020807
26022052
26023237
2602473X
26032899
26033186
26036363
26036479
26037637
26039109
26039249
26041227
26050730
26051532
26051575
26053012
26053357
26056364
26081326
26109050
26109182
26114127
26114135
26116189
26117487
2612050X
26120909
26120917
26121042
26122251
26122391
26122464
26123487
26137844
26137852
26146584
26153386
26156202
26156636
2615787X
2615790X
26159783
26160684
26160692
26164760
26166518
26168537
26170108
26173956
2617541X
26186381
2618639X
26186969
26187213
26188163
26188171
26188600
26189801
26189844
26190117
26190494
26190745
26190982
26190990
26191008
26191253
26191571
2619905X
26199467
26199831
26201607
26201747
26204126
26205440
26233347
2625378X
26268493
2629995X
26299968
26300079
26300087
26300192
26300559
26300583
26300656
26300672
26300702
26300826
26300931
26305984
26314134
26315548
26316110
26316129
26316331
26316420
26316439
26317745
26317990
26318385
26318393
26318644
26318695
26319810
26319829
2632010X
26321009
26322153
26322714
26323524
26327627
26328682
26331055
26333767
26333775
26334682
26334690
26335964
26335972
26346079
26346087
26346133
26346141
2634615X
26346168
26355019
26355027
26360004
26360012
26360772
26360780
26367556
2636865X
26375451
26375494
26376105
26376113
26378329
26379112
26379120
26394979
26395274
26395908
26395916
26395932
26395940
26397641
26399636
26399644
26403501
26405237
26405245
26407337
26407345
26407361
26408066
26408074
26410397
26415216
26415224
26415321
26416573
26424150
26424169
26425629
26433354
26438941
2643895X
26439107
26439115
26444909
26444992
26453991
26454904
26457482
26510529
26511258
26511479
26511851
26512416
26512939
26513668
26514451
2651446X
2651477X
26515059
26515113
26515164
26520966
26520974
26573148
26573156
26574004
26574187
2657697X
26577798
26582503
26583526
2658381X
26584786
26584883
26585049
26585316
26585324
26585790
26586649
26586657
26586762
26586975
2658719X
26587394
26587947
26593270
26595885
26596881
26599295
2661801X
26618850
26618982
26621347
2662222X
26622238
26622483
26622491
2662253X
26622548
26624052
26624060
26624214
26624222
26624729
26624737
26624745
26624753
26625814
26625822
26625873
26625881
2662589X
26625903
26625911
2662592X
26626039
26626047
2662673X
26626802
26627345
26627353
26627361
2662737X
26627671
26629992
26632012
26632934
26632942
26633116
26636824
26638851
26642557
26647958
26649837
26656744
26659026
26659077
26659107
26659182
26659271
26659727
26659913
26660059
2666027X
26660326
26660822
26660830
26660849
26660873
26661454
26661462
26661497
26661624
26661667
26661683
26661691
26662027
26662256
26662264
26662345
26662507
26662558
26662566
26662795
26663376
26663473
26663791
26663864
26663899
26665107
26665352
26666367
26666375
26666758
26666790
26666839
2666688X
26667193
26669919
26669927
2667145X
26671468
26672421
26672685
26672901
2667291X
26672960
26672979
26674440
26676370
2667677X
26680572
26687755
26687763
26711079
26712008
26714574
26717255
26717263
26718200
26719312
26727226
26729016
26729156
26729431
26730421
26730774
26730871
26731665
26731673
26752824
26766264
26766957
26768607
26768615
26839601
26866749
26867192
26867486
26867966
26868016
26868024
26870088
26870711
26870789
26874784
26874792
26875594
26878941
26881527
26881535
26883627
26884534
26884542
26890674
26892618
26892626
26893614
26893622
26895269
26895277
26895293
26895307
26896583
26896591
26898381
26911299
26913321
26913747
26913755
26947161
2694720X
26947684
26959623
26975718
26976056
27010198
27012689
27023648
27034542
27069885
2707725X
27077268
27087166
27087174
27089967
27089975
27127575
27128172
27131785
27134148
27170721
27176398
27176428
27196542
27197050
2723973X
27242943
27306011
27306844
27307166
27307174
27336239
27336247
27341194
27347060
27652807
30021472
56171099
73831018
87500507
87500779
8750149X
87502186
87502224
87502623
87502631
8750264X
87502666
87502690
87502704
87502836
87503182
87503204
87503735
87506831
87507315
87507587
87507943
8750846X
87508990
87509202
87509237
87509539
87509652
87550024
87550059
87550199
87550229
87551039
87551209
87551225
87551985
87552205
87552930
87553449
87553996
87554178
87554615
87554852
87554879
87555093
87556839
87556863
87557223
8755724X
8755755X
87557673
87558564
87558920
87559129
87559668
87560410
87560437
87560879
87561263
87561417
87561689
87562324
87563150
87563282
87563320
87563894
87564475
87564610
87564629
87564793
87565366
87565641
87566222
87566583
87566621
8756663X
87566648
8756680X
87566990
87567008
87567253
87567296
87567547
87567555
8756758X
87567938
87568047
87568160
87568225
87568233
87568470
87568705
87568926
87569264
8756971X
87569728
87569787
